collection_key,start_year,end_year,workunit,workunit_id,source
ak_anchorage_2015,2015,2016,AK_Anchorage_2015,29297,USGS 3DEP Elevation Index MapServer/8 collect_start/collect_end
ak_brookscamp_2012,2012,2012,AK_BROOKSCAMP_2012,301,USGS 3DEP Elevation Index MapServer/8 collect_start/collect_end
ak_coastal_2009,2009,2010,AK_COASTAL_2009,-1002,USGS 3DEP Elevation Index MapServer/8 collect_start/collect_end
ak_deltajunction_1_2021,2021,2021,AK_DeltaJunction_1_2021,222955,USGS 3DEP Elevation Index MapServer/8 collect_start/collect_end
ak_emri_1_d24,2024,2024,AK_EMRI_1_D24,300699,USGS 3DEP Elevation Index MapServer/8 collect_start/collect_end
ak_emri_2_d24,2024,2024,AK_EMRI_2_D24,300700,USGS 3DEP Elevation Index MapServer/8 collect_start/collect_end
ak_emri_3_d24,2024,2024,AK_EMRI_3_D24,300701,USGS 3DEP Elevation Index MapServer/8 collect_start/collect_end
ak_emri_4_d24,2024,2024,AK_EMRI_4_D24,300702,USGS 3DEP Elevation Index MapServer/8 collect_start/collect_end
ak_fairbanks_nsborough_2010,2010,2010,AK_FAIRBANKS_NSBOROUGH_2010,-1003,USGS 3DEP Elevation Index MapServer/8 collect_start/collect_end
ak_fairbanksnsb_ql1_2017,2017,2017,AK_FairbanksNSB_QL1_2017,70691,USGS 3DEP Elevation Index MapServer/8 collect_start/collect_end
ak_fairbanksnsb_ql2_2017,2017,2017,AK_FairbanksNSB_QL2_2017,70695,USGS 3DEP Elevation Index MapServer/8 collect_start/collect_end
ak_glacierbay_4_2019,2020,2020,AK_GlacierBay_4_2019,213731,USGS 3DEP Elevation Index MapServer/8 collect_start/collect_end
ak_glacierbay_5_2019,2019,2020,AK_GlacierBay_5_2019,213734,USGS 3DEP Elevation Index MapServer/8 collect_start/collect_end
ak_glacierbay_b2_2019,2019,2019,AK_GlacierBay_B2_2019,182778,USGS 3DEP Elevation Index MapServer/8 collect_start/collect_end
ak_glacierbay_b3_2019,2019,2019,AK_GlacierBay_B3_2019,194256,USGS 3DEP Elevation Index MapServer/8 collect_start/collect_end
ak_glaciertongasslandslides_4_d23,2024,2024,AK_GlacierTongassLandslides_4_D23,300792,USGS 3DEP Elevation Index MapServer/8 collect_start/collect_end
ak_glaciertongasslandslides_5_d23,2024,2024,AK_GlacierTongassLandslides_5_D23,300793,USGS 3DEP Elevation Index MapServer/8 collect_start/collect_end
ak_juneau_2012,2012,2012,AK_JUNEAU_2012,2295,USGS 3DEP Elevation Index MapServer/8 collect_start/collect_end
ak_juneau_2013_2014,2013,2013,AK_JUNEAU_2013_2014,6955,USGS 3DEP Elevation Index MapServer/8 collect_start/collect_end
ak_juneau_landslide_1_2021,2021,2021,AK_Juneau_Landslide_1_2021,221065,USGS 3DEP Elevation Index MapServer/8 collect_start/collect_end
ak_juneau_landslide_2_2021,2021,2021,AK_Juneau_Landslide_2_2021,225015,USGS 3DEP Elevation Index MapServer/8 collect_start/collect_end
ak_kenai_2008,2008,2008,AK_KENAI_2008,-1063,USGS 3DEP Elevation Index MapServer/8 collect_start/collect_end
ak_lakepeninsula_1_b23,2023,2023,AK_LakePeninsula_1_B23,300502,USGS 3DEP Elevation Index MapServer/8 collect_start/collect_end
ak_lakepeninsula_2_b23,2023,2023,AK_LakePeninsula_2_B23,300503,USGS 3DEP Elevation Index MapServer/8 collect_start/collect_end
ak_lakepeninsula_3_b23,2023,2024,AK_LakePeninsula_3_B23,300504,USGS 3DEP Elevation Index MapServer/8 collect_start/collect_end
ak_matanuskasusitna_lot1_2011,2011,2012,AK_MATANUSKASUSITNA_LOT1_2011,2732,USGS 3DEP Elevation Index MapServer/8 collect_start/collect_end
ak_matanuskasusitna_lot2_2011,2011,2012,AK_MATANUSKASUSITNA_LOT2_2011,4265,USGS 3DEP Elevation Index MapServer/8 collect_start/collect_end
ak_matsuborough_b1_2019,2019,2019,AK_MatSuBorough_B1_2019,180695,USGS 3DEP Elevation Index MapServer/8 collect_start/collect_end
ak_matsuborough_b2_2019,2019,2020,AK_MatSuBorough_B2_2019,213376,USGS 3DEP Elevation Index MapServer/8 collect_start/collect_end
ak_nativeakvillages_1_d22,2022,2022,AK_NativeAKVillages_1_D22,300198,USGS 3DEP Elevation Index MapServer/8 collect_start/collect_end
ak_nativeakvillages_2_d22,2022,2022,AK_NativeAKVillages_2_D22,300199,USGS 3DEP Elevation Index MapServer/8 collect_start/collect_end
ak_nativeakvillages_3_d22,2022,2022,AK_NativeAKVillages_3_D22,300200,USGS 3DEP Elevation Index MapServer/8 collect_start/collect_end
ak_nativeakvillages_4_d22,2022,2022,AK_NativeAKVillages_4_D22,300201,USGS 3DEP Elevation Index MapServer/8 collect_start/collect_end
ak_nativeakvillages_5_d22,2023,2023,AK_NativeAKVillages_5_D22,300450,USGS 3DEP Elevation Index MapServer/8 collect_start/collect_end
ak_nativeakvillages_6_d22,2023,2023,AK_NativeAKVillages_6_D22,300453,USGS 3DEP Elevation Index MapServer/8 collect_start/collect_end
ak_nativeakvillages_7_d22,2024,2024,AK_NativeAKVillages_7_D22,300843,USGS 3DEP Elevation Index MapServer/8 collect_start/collect_end
ak_nativeakvillages_8_d22,2024,2025,AK_NativeAKVillages_8_D22,300844,USGS 3DEP Elevation Index MapServer/8 collect_start/collect_end
ak_nomecreek_2010,2010,2010,AK_NOMECREEK_2010,-1066,USGS 3DEP Elevation Index MapServer/8 collect_start/collect_end
ak_northslope_b10_2018,2018,2019,AK_NorthSlope_B10_2018,187222,USGS 3DEP Elevation Index MapServer/8 collect_start/collect_end
ak_northslope_b11_2018,2018,2019,AK_NorthSlope_B11_2018,187225,USGS 3DEP Elevation Index MapServer/8 collect_start/collect_end
ak_northslope_b12_2018,2018,2019,AK_NorthSlope_B12_2018,187228,USGS 3DEP Elevation Index MapServer/8 collect_start/collect_end
ak_northslope_b13_2018,2018,2019,AK_NorthSlope_B13_2018,187231,USGS 3DEP Elevation Index MapServer/8 collect_start/collect_end
ak_northslope_b14_2018,2018,2019,AK_NorthSlope_B14_2018,187234,USGS 3DEP Elevation Index MapServer/8 collect_start/collect_end
ak_northslope_b1_2018,2018,2019,AK_NorthSlope_B1_2018,80487,USGS 3DEP Elevation Index MapServer/8 collect_start/collect_end
ak_northslope_b2_2018,2018,2019,AK_NorthSlope_B2_2018,186111,USGS 3DEP Elevation Index MapServer/8 collect_start/collect_end
ak_northslope_b3_2018,2018,2019,AK_NorthSlope_B3_2018,187201,USGS 3DEP Elevation Index MapServer/8 collect_start/collect_end
ak_northslope_b4_2018,2018,2019,AK_NorthSlope_B4_2018,187204,USGS 3DEP Elevation Index MapServer/8 collect_start/collect_end
ak_northslope_b5_2018,2018,2019,AK_NorthSlope_B5_2018,187207,USGS 3DEP Elevation Index MapServer/8 collect_start/collect_end
ak_northslope_b6_2018,2018,2019,AK_NorthSlope_B6_2018,187210,USGS 3DEP Elevation Index MapServer/8 collect_start/collect_end
ak_northslope_b7_2018,2018,2019,AK_NorthSlope_B7_2018,187213,USGS 3DEP Elevation Index MapServer/8 collect_start/collect_end
ak_northslope_b8_2018,2018,2019,AK_NorthSlope_B8_2018,187216,USGS 3DEP Elevation Index MapServer/8 collect_start/collect_end
ak_northslope_b9_2018,2018,2019,AK_NorthSlope_B9_2018,187219,USGS 3DEP Elevation Index MapServer/8 collect_start/collect_end
ak_pow_p2_2018,2018,2018,AK_POW_P2_2018,78950,USGS 3DEP Elevation Index MapServer/8 collect_start/collect_end
ak_pow_p2_tl_2018,2018,2018,AK_POW_P2_TL_2018,184008,USGS 3DEP Elevation Index MapServer/8 collect_start/collect_end
ak_princeofwalesisland_2017,2017,2017,AK_PrinceofWalesIsland_2017,70687,USGS 3DEP Elevation Index MapServer/8 collect_start/collect_end
ak_selandslides_1_d22,2022,2022,AK_SELandslides_1_D22,300221,USGS 3DEP Elevation Index MapServer/8 collect_start/collect_end
ak_selandslides_2_d22,2023,2023,AK_SELandslides_2_D22,300477,USGS 3DEP Elevation Index MapServer/8 collect_start/collect_end
ak_typhoonmerboknv5_1_f23,2024,2024,AK_TyphoonMerbokNV5_1_F23,300810,USGS 3DEP Elevation Index MapServer/8 collect_start/collect_end
ak_typhoonmerboknv5_2_f23,2024,2025,AK_TyphoonMerbokNV5_2_F23,301214,USGS 3DEP Elevation Index MapServer/8 collect_start/collect_end
ak_typhoonmerbokwoolpert_1_f23,2024,2024,AK_TyphoonMerbokWoolpert_1_F23,301093,USGS 3DEP Elevation Index MapServer/8 collect_start/collect_end
ak_valdez_2007,2007,2007,AK_VALDEZ_2007,-1067,USGS 3DEP Elevation Index MapServer/8 collect_start/collect_end
ak_valdezb_2007,2007,2008,AK_VALDEZB_2007,-1068,USGS 3DEP Elevation Index MapServer/8 collect_start/collect_end
ak_yukon_kuskokwim_2016,2016,2016,AK_Yukon_Kuskokwim_2016,57711,USGS 3DEP Elevation Index MapServer/8 collect_start/collect_end
ak_yukonflats_2009,2009,2009,AK_YUKONFLATS_2009,-1069,USGS 3DEP Elevation Index MapServer/8 collect_start/collect_end
al_11county_1_b23,2024,2024,AL_11County_1_B23,300841,USGS 3DEP Elevation Index MapServer/8 collect_start/collect_end
al_11county_2_b23,2024,2024,AL_11County_2_B23,300842,USGS 3DEP Elevation Index MapServer/8 collect_start/collect_end
al_17co_1_2020,2020,2021,AL_17Co_1_2020,191531,USGS 3DEP Elevation Index MapServer/8 collect_start/collect_end
al_17co_2_2020,2020,2021,AL_17Co_2_2020,226776,USGS 3DEP Elevation Index MapServer/8 collect_start/collect_end
al_19co_1_b24,2024,2024,AL_19Co_1_B24,300856,USGS 3DEP Elevation Index MapServer/8 collect_start/collect_end
al_19co_2_b24,2025,2025,AL_19Co_2_B24,300859,USGS 3DEP Elevation Index MapServer/8 collect_start/collect_end
al_19co_4_b24,2025,2025,AL_19Co_4_B24,300861,USGS 3DEP Elevation Index MapServer/8 collect_start/collect_end
al_19co_5_b24,2025,2025,AL_19Co_5_B24,300862,USGS 3DEP Elevation Index MapServer/8 collect_start/collect_end
al_25co_b1_2017,2016,2017,AL_25Co_B1_2017,66095,USGS 3DEP Elevation Index MapServer/8 collect_start/collect_end
al_25co_b2_2017,2017,2017,AL_25Co_B2_2017,69628,USGS 3DEP Elevation Index MapServer/8 collect_start/collect_end
al_25co_b3_2017,2017,2017,AL_25Co_B3_2017,69656,USGS 3DEP Elevation Index MapServer/8 collect_start/collect_end
al_25co_b4_2017,2017,2017,AL_25Co_B4_2017,69660,USGS 3DEP Elevation Index MapServer/8 collect_start/collect_end
al_25co_b5_2017,2017,2017,AL_25Co_B5_2017,69676,USGS 3DEP Elevation Index MapServer/8 collect_start/collect_end
al_25co_b6_2017,2017,2018,AL_25Co_B6_2017,69692,USGS 3DEP Elevation Index MapServer/8 collect_start/collect_end
al_25co_b7_2017,2018,2018,AL_25Co_B7_2017,69704,USGS 3DEP Elevation Index MapServer/8 collect_start/collect_end
al_25co_b8_2017,2018,2018,AL_25Co_B8_2017,69712,USGS 3DEP Elevation Index MapServer/8 collect_start/collect_end
al_25co_tl_2017,2017,2018,AL_25Co_TL_2017,188466,USGS 3DEP Elevation Index MapServer/8 collect_start/collect_end
al_3county_2015,2015,2016,AL_3County_2015,34186,USGS 3DEP Elevation Index MapServer/8 collect_start/collect_end
al_adeca_b1_2016,2016,2017,AL_ADECA_B1_2016,58908,USGS 3DEP Elevation Index MapServer/8 collect_start/collect_end
al_adeca_b2_2016,2016,2017,AL_ADECA_B2_2016,58902,USGS 3DEP Elevation Index MapServer/8 collect_start/collect_end
al_agio_b1_2016,2016,2017,AL_AGIO_B1_2016,58557,USGS 3DEP Elevation Index MapServer/8 collect_start/collect_end
al_agio_b2_2016,2016,2017,AL_AGIO_B2_2016,75443,USGS 3DEP Elevation Index MapServer/8 collect_start/collect_end
al_autauga_2010,2010,2010,AL_Autauga_2010,2639,USGS 3DEP Elevation Index MapServer/8 collect_start/collect_end
al_baldwinco_east_2011,2011,2011,AL_BALDWINCO_EAST_2011,-1070,USGS 3DEP Elevation Index MapServer/8 collect_start/collect_end
al_baldwinco_west_2011,2011,2011,AL_BALDWINCO_WEST_2011,-1071,USGS 3DEP Elevation Index MapServer/8 collect_start/collect_end
al_blountco_2010,2010,2010,AL_BLOUNTCO_2010,2577,USGS 3DEP Elevation Index MapServer/8 collect_start/collect_end
al_clay_cleburneco_2013,2013,2013,AL_Clay_CleburneCo_2013,1074,USGS 3DEP Elevation Index MapServer/8 collect_start/collect_end
al_cofdalgenesc_1_2021,2022,2022,AL_CofDalGenEsc_1_2021,223035,USGS 3DEP Elevation Index MapServer/8 collect_start/collect_end
al_coffee_dale_genevaco_2011,2011,2011,AL_Coffee_Dale_GenevaCo_2011,2643,USGS 3DEP Elevation Index MapServer/8 collect_start/collect_end
al_colbertlauderdale_2011,2011,2011,AL_COLBERTLAUDERDALE_2011,2645,USGS 3DEP Elevation Index MapServer/8 collect_start/collect_end
al_elmoreco_2010,2010,2010,AL_ELMORECO_2010,-1073,USGS 3DEP Elevation Index MapServer/8 collect_start/collect_end
al_escambiaco_2013,2013,2013,AL_EscambiaCo_2013,5999,USGS 3DEP Elevation Index MapServer/8 collect_start/collect_end
al_jeffersonco_2013,2013,2013,AL_JeffersonCo_2013,6192,USGS 3DEP Elevation Index MapServer/8 collect_start/collect_end
al_lamarco_2007,2007,2007,AL_LAMARCO_2007,-1074,USGS 3DEP Elevation Index MapServer/8 collect_start/collect_end
al_lawrenceco_2012,2012,2012,AL_LawrenceCo_2012,73030,USGS 3DEP Elevation Index MapServer/8 collect_start/collect_end
al_mobileco_2014,2014,2014,AL_MobileCo_2014,13790,USGS 3DEP Elevation Index MapServer/8 collect_start/collect_end
al_morganco_2012,2012,2012,AL_MorganCo_2012,9378,USGS 3DEP Elevation Index MapServer/8 collect_start/collect_end
al_northal_2019,2019,2019,AL_NorthAL_2019,182548,USGS 3DEP Elevation Index MapServer/8 collect_start/collect_end
al_swcentral_1_b22,2023,2023,AL_SWCentral_1_B22,300382,USGS 3DEP Elevation Index MapServer/8 collect_start/collect_end
al_threeco_2012,2014,2014,AL_ThreeCo_2012,2649,USGS 3DEP Elevation Index MapServer/8 collect_start/collect_end
al_tricounty_2010,2010,2011,AL_TRICOUNTY_2010,2651,USGS 3DEP Elevation Index MapServer/8 collect_start/collect_end
ar_benton_co_2015,2015,2015,AR_Benton_Co_2015,42024,USGS 3DEP Elevation Index MapServer/8 collect_start/collect_end
ar_buffaloriver_2009,2009,2009,AR_BUFFALORIVER_2009,-1076,USGS 3DEP Elevation Index MapServer/8 collect_start/collect_end
ar_buffaloriver_2010,2010,2011,AR_BUFFALORIVER_2010,304,USGS 3DEP Elevation Index MapServer/8 collect_start/collect_end
ar_dardanelle_2011,2011,2011,AR_DARDANELLE_2011,373,USGS 3DEP Elevation Index MapServer/8 collect_start/collect_end
ar_dardanellereservoir_2015,2015,2016,AR_DardanelleReservoir_2015,45479,USGS 3DEP Elevation Index MapServer/8 collect_start/collect_end
ar_eastern_10_d23,2023,2025,AR_Eastern_10_D23,300763,USGS 3DEP Elevation Index MapServer/8 collect_start/collect_end
ar_eastern_1_d23,2023,2024,AR_Eastern_1_D23,300719,USGS 3DEP Elevation Index MapServer/8 collect_start/collect_end
ar_eastern_2_d23,2023,2023,AR_Eastern_2_D23,300720,USGS 3DEP Elevation Index MapServer/8 collect_start/collect_end
ar_eastern_3_d23,2023,2024,AR_Eastern_3_D23,300721,USGS 3DEP Elevation Index MapServer/8 collect_start/collect_end
ar_eastern_4_d23,2023,2024,AR_Eastern_4_D23,300722,USGS 3DEP Elevation Index MapServer/8 collect_start/collect_end
ar_eastern_5_d23,2023,2024,AR_Eastern_5_D23,300723,USGS 3DEP Elevation Index MapServer/8 collect_start/collect_end
ar_eastern_6_d23,2023,2024,AR_Eastern_6_D23,300759,USGS 3DEP Elevation Index MapServer/8 collect_start/collect_end
ar_eastern_7_d23,2023,2024,AR_Eastern_7_D23,300760,USGS 3DEP Elevation Index MapServer/8 collect_start/collect_end
ar_eastern_8_d23,2024,2024,AR_Eastern_8_D23,300761,USGS 3DEP Elevation Index MapServer/8 collect_start/collect_end
ar_eastern_9_d23,2023,2024,AR_Eastern_9_D23,300762,USGS 3DEP Elevation Index MapServer/8 collect_start/collect_end
ar_fema_chicotdesha_2011,2011,2012,AR_FEMA_CHICOTDESHA_2011,-1079,USGS 3DEP Elevation Index MapServer/8 collect_start/collect_end
ar_fema_vi_bayoumeto_2012,2012,2012,AR_FEMA_VI_BAYOUMETO_2012,2271,USGS 3DEP Elevation Index MapServer/8 collect_start/collect_end
ar_lakeconwaypointre_2014,2012,2012,AR_LakeConwayPointRE_2014,11324,USGS 3DEP Elevation Index MapServer/8 collect_start/collect_end
ar_lowerstfrancisriver_fema_2012,2012,2012,AR_LOWERSTFRANCISRIVER_FEMA_2012,2274,USGS 3DEP Elevation Index MapServer/8 collect_start/collect_end
ar_mckinneyposten_2011,2011,2011,AR_MCKINNEYPOSTEN_2011,385,USGS 3DEP Elevation Index MapServer/8 collect_start/collect_end
ar_north_corridor_b1_2017,2016,2017,AR_North_Corridor_B1_2017,62535,USGS 3DEP Elevation Index MapServer/8 collect_start/collect_end
ar_north_corridor_b2_2017,2016,2017,AR_North_Corridor_B2_2017,62538,USGS 3DEP Elevation Index MapServer/8 collect_start/collect_end
ar_north_corridor_b3_2017,2016,2017,AR_North_Corridor_B3_2017,62541,USGS 3DEP Elevation Index MapServer/8 collect_start/collect_end
ar_northeast_1_d22,2023,2023,AR_NorthEast_1_D22,300505,USGS 3DEP Elevation Index MapServer/8 collect_start/collect_end
ar_nrcs_a1_2016,2016,2016,AR_NRCS_A1_2016,46886,USGS 3DEP Elevation Index MapServer/8 collect_start/collect_end
ar_nrcs_a2_2016,2016,2016,AR_NRCS_A2_2016,70783,USGS 3DEP Elevation Index MapServer/8 collect_start/collect_end
ar_nrcs_a3_2016,2016,2016,AR_NRCS_A3_2016,70808,USGS 3DEP Elevation Index MapServer/8 collect_start/collect_end
ar_nrcs_a4_2016,2016,2017,AR_NRCS_A4_2016,70833,USGS 3DEP Elevation Index MapServer/8 collect_start/collect_end
ar_nrcs_a5_2016,2016,2016,AR_NRCS_A5_2016,67175,USGS 3DEP Elevation Index MapServer/8 collect_start/collect_end
ar_nrcs_cache_2011,2011,2011,AR_NRCS_Cache_2011,11312,USGS 3DEP Elevation Index MapServer/8 collect_start/collect_end
ar_nrcs_languille_2011,2011,2011,AR_NRCS_Languille_2011,11317,USGS 3DEP Elevation Index MapServer/8 collect_start/collect_end
ar_ouachita_2016,2017,2017,AR_Ouachita_2016,62404,USGS 3DEP Elevation Index MapServer/8 collect_start/collect_end
ar_ouachita_b1_2016,2017,2017,AR_Ouachita_B1_2016,62394,USGS 3DEP Elevation Index MapServer/8 collect_start/collect_end
ar_ouachita_b2_2016,2017,2017,AR_Ouachita_B2_2016,62398,USGS 3DEP Elevation Index MapServer/8 collect_start/collect_end
ar_ouachita_b3_2016,2017,2017,AR_Ouachita_B3_2016,62401,USGS 3DEP Elevation Index MapServer/8 collect_start/collect_end
ar_ouachita_b5_2016,2017,2017,AR_Ouachita_B5_2016,62407,USGS 3DEP Elevation Index MapServer/8 collect_start/collect_end
ar_ouachita_b6_2016,2017,2017,AR_Ouachita_B6_2016,62410,USGS 3DEP Elevation Index MapServer/8 collect_start/collect_end
ar_ouachita_b7_2016,2017,2017,AR_Ouachita_B7_2016,62413,USGS 3DEP Elevation Index MapServer/8 collect_start/collect_end
ar_pagis_2010,2010,2011,AR_PAGIS_2010,-1083,USGS 3DEP Elevation Index MapServer/8 collect_start/collect_end
ar_r6_jeffersonco_2015,2015,2015,AR_R6_JeffersonCO_2015,23367,USGS 3DEP Elevation Index MapServer/8 collect_start/collect_end
ar_r6_lowerblackwaterws_2015,2015,2015,AR_R6_LowerBlackwaterWS_2015,41702,USGS 3DEP Elevation Index MapServer/8 collect_start/collect_end
ar_r6_washingtonco_2015,2015,2015,AR_R6_WashingtonCO_2015,41699,USGS 3DEP Elevation Index MapServer/8 collect_start/collect_end
ar_tn_nrcs_canecreek_2010,2010,2010,AR_TN_NRCS_CANECREEK_2010,-1135,USGS 3DEP Elevation Index MapServer/8 collect_start/collect_end
ar_tn_nrcs_sharkey_2010,2010,2010,AR_TN_NRCS_SHARKEY_2010,-1136,USGS 3DEP Elevation Index MapServer/8 collect_start/collect_end
ar_upperblackwatershed_fema_2012,2012,2012,AR_UPPERBLACKWATERSHED_FEMA_2012,400,USGS 3DEP Elevation Index MapServer/8 collect_start/collect_end
ar_uppersaline_2014,2014,2014,AR_UpperSaline_2014,6296,USGS 3DEP Elevation Index MapServer/8 collect_start/collect_end
ar_upperwhitevillage_fema_2012,2012,2012,AR_UPPERWHITEVILLAGE_FEMA_2012,2277,USGS 3DEP Elevation Index MapServer/8 collect_start/collect_end
ar_western_1_b24,2024,2025,AR_Western_1_B24,301189,USGS 3DEP Elevation Index MapServer/8 collect_start/collect_end
ar_western_2_b24,2024,2025,AR_Western_2_B24,301190,USGS 3DEP Elevation Index MapServer/8 collect_start/collect_end
ar_western_3_b24,2024,2025,AR_Western_3_B24,301191,USGS 3DEP Elevation Index MapServer/8 collect_start/collect_end
ar_western_4_b24,2025,2025,AR_Western_4_B24,301192,USGS 3DEP Elevation Index MapServer/8 collect_start/collect_end
ar_western_5_b24,2025,2025,AR_Western_5_B24,301193,USGS 3DEP Elevation Index MapServer/8 collect_start/collect_end
ar_western_6_b24,2025,2025,AR_Western_6_B24,301194,USGS 3DEP Elevation Index MapServer/8 collect_start/collect_end
arra_ak_ekluntaglacier_2010,2010,2010,ARRA_AK_EKLUNTAGLACIER_2010,-1084,USGS 3DEP Elevation Index MapServer/8 collect_start/collect_end
arra_al_mobilebay_2010,2010,2010,ARRA_AL_MOBILEBAY_2010,-1085,USGS 3DEP Elevation Index MapServer/8 collect_start/collect_end
arra_al_tennesseeriver_2010,2010,2010,ARRA_AL_TENNESSEERIVER_2010,-1086,USGS 3DEP Elevation Index MapServer/8 collect_start/collect_end
arra_ca_centralcoast_z3_2010,2010,2010,ARRA_CA_CENTRALCOAST_Z3_2010,-1087,USGS 3DEP Elevation Index MapServer/8 collect_start/collect_end
arra_ca_centralcoast_z4_2010,2010,2010,ARRA_CA_CENTRALCOAST_Z4_2010,-1088,USGS 3DEP Elevation Index MapServer/8 collect_start/collect_end
arra_ca_channelislands_10_2010,2010,2010,ARRA_CA_CHANNELISLANDS_10_2010,-1089,USGS 3DEP Elevation Index MapServer/8 collect_start/collect_end
arra_ca_channelislands_11_2010,2010,2010,ARRA_CA_CHANNELISLANDS_11_2010,-1090,USGS 3DEP Elevation Index MapServer/8 collect_start/collect_end
arra_ca_goldengate_2010,2010,2010,ARRA_CA_GOLDENGATE_2010,-1091,USGS 3DEP Elevation Index MapServer/8 collect_start/collect_end
arra_ca_sanfrancoast_2010,2010,2010,ARRA_CA_SANFRANCOAST_2010,-1092,USGS 3DEP Elevation Index MapServer/8 collect_start/collect_end
arra_co_grandco_2010,2010,2010,ARRA_CO_GRANDCO_2010,-1093,USGS 3DEP Elevation Index MapServer/8 collect_start/collect_end
arra_fl_charlotte_e_2010,2010,2011,ARRA_FL_CHARLOTTE_E_2010,-1094,USGS 3DEP Elevation Index MapServer/8 collect_start/collect_end
arra_fl_charlotte_w_2010,2010,2011,ARRA_FL_CHARLOTTE_W_2010,-1095,USGS 3DEP Elevation Index MapServer/8 collect_start/collect_end
arra_fl_kissimmeeriver_2011,2011,2011,ARRA_FL_KISSIMMEERIVER_2011,-1096,USGS 3DEP Elevation Index MapServer/8 collect_start/collect_end
arra_fl_libertyco_2010,2010,2010,ARRA_FL_LIBERTYCO_2010,-1097,USGS 3DEP Elevation Index MapServer/8 collect_start/collect_end
arra_fl_suwanneeriver_2011,2011,2011,ARRA_FL_SUWANNEERIVER_2011,-1098,USGS 3DEP Elevation Index MapServer/8 collect_start/collect_end
arra_fl_upperstjohnsriver_2010,2010,2010,ARRA_FL_UPPERSTJOHNSRIVER_2010,-1099,USGS 3DEP Elevation Index MapServer/8 collect_start/collect_end
arra_ga_lakelanier_2010,2010,2010,ARRA_GA_LAKELANIER_2010,-1100,USGS 3DEP Elevation Index MapServer/8 collect_start/collect_end
arra_ga_okefenokee_2010,2010,2010,ARRA_GA_OKEFENOKEE_2010,-1101,USGS 3DEP Elevation Index MapServer/8 collect_start/collect_end
arra_il_lakeco_2007,2007,2007,ARRA_IL_LAKECO_2007,-1102,USGS 3DEP Elevation Index MapServer/8 collect_start/collect_end
arra_in_flood_2010,2010,2010,ARRA_IN_FLOOD_2010,-1103,USGS 3DEP Elevation Index MapServer/8 collect_start/collect_end
arra_la_coastal_z15_2011,2011,2011,ARRA_LA_COASTAL_Z15_2011,-1104,USGS 3DEP Elevation Index MapServer/8 collect_start/collect_end
arra_la_coastal_z16_2011,2011,2011,ARRA_LA_COASTAL_Z16_2011,-1105,USGS 3DEP Elevation Index MapServer/8 collect_start/collect_end
arra_lftne_connecticutz18_2010,2010,2011,ARRA_LFTNE_CONNECTICUTZ18_2010,-1106,USGS 3DEP Elevation Index MapServer/8 collect_start/collect_end
arra_lftne_connecticutz19_2011,2011,2011,ARRA_LFTNE_CONNECTICUTZ19_2011,-1107,USGS 3DEP Elevation Index MapServer/8 collect_start/collect_end
arra_lftne_maine_2010,2010,2011,ARRA_LFTNE_MAINE_2010,-1108,USGS 3DEP Elevation Index MapServer/8 collect_start/collect_end
arra_lftne_massachusetts_2011,2011,2011,ARRA_LFTNE_MASSACHUSETTS_2011,-1109,USGS 3DEP Elevation Index MapServer/8 collect_start/collect_end
arra_lftne_newhampshire_2011,2011,2011,ARRA_LFTNE_NEWHAMPSHIRE_2011,-1110,USGS 3DEP Elevation Index MapServer/8 collect_start/collect_end
arra_lftne_newyork_2010,2010,2011,ARRA_LFTNE_NEWYORK_2010,-1111,USGS 3DEP Elevation Index MapServer/8 collect_start/collect_end
arra_lftne_rhodeisland_2011,2011,2011,ARRA_LFTNE_RHODEISLAND_2011,-1112,USGS 3DEP Elevation Index MapServer/8 collect_start/collect_end
arra_mi_4secounties_2010,2010,2010,ARRA_MI_4SECOUNTIES_2010,-1113,USGS 3DEP Elevation Index MapServer/8 collect_start/collect_end
arra_mi_lowerpeninsula_2010,2010,2010,ARRA_MI_LOWERPENINSULA_2010,-1114,USGS 3DEP Elevation Index MapServer/8 collect_start/collect_end
arra_mi_tricounty_2010,2010,2010,ARRA_MI_TRICOUNTY_2010,-1115,USGS 3DEP Elevation Index MapServer/8 collect_start/collect_end
arra_mo_stoneco_2010,2010,2010,ARRA_MO_STONECO_2010,-1116,USGS 3DEP Elevation Index MapServer/8 collect_start/collect_end
arra_ne_platteriver_2010,2010,2010,ARRA_NE_PLATTERIVER_2010,-1117,USGS 3DEP Elevation Index MapServer/8 collect_start/collect_end
arra_nj_3counties_2010,2010,2010,ARRA_NJ_3COUNTIES_2010,-1118,USGS 3DEP Elevation Index MapServer/8 collect_start/collect_end
arra_nrcs_illinois_2010,2010,2010,ARRA_NRCS_ILLINOIS_2010,-1119,USGS 3DEP Elevation Index MapServer/8 collect_start/collect_end
arra_nrcs_kentucky_2010,2010,2010,ARRA_NRCS_KENTUCKY_2010,-1120,USGS 3DEP Elevation Index MapServer/8 collect_start/collect_end
arra_or_sandyriver_2010,2010,2010,ARRA_OR_SANDYRIVER_2010,-1121,USGS 3DEP Elevation Index MapServer/8 collect_start/collect_end
arra_sc_allendaleco_2010,2010,2010,ARRA_SC_ALLENDALECO_2010,-1122,USGS 3DEP Elevation Index MapServer/8 collect_start/collect_end
arra_sc_bambergco_2010,2010,2010,ARRA_SC_BAMBERGCO_2010,-1123,USGS 3DEP Elevation Index MapServer/8 collect_start/collect_end
arra_sc_hamptonco_2010,2010,2010,ARRA_SC_HAMPTONCO_2010,-1124,USGS 3DEP Elevation Index MapServer/8 collect_start/collect_end
arra_sc_leeco_2010,2010,2010,ARRA_SC_LEECO_2010,-1125,USGS 3DEP Elevation Index MapServer/8 collect_start/collect_end
arra_tn_smokymtns_2011,2011,2011,ARRA_TN_SMOKYMTNS_2011,-1126,USGS 3DEP Elevation Index MapServer/8 collect_start/collect_end
arra_tx_calhounco_2010,2011,2011,ARRA_TX_CALHOUNCO_2010,-1127,USGS 3DEP Elevation Index MapServer/8 collect_start/collect_end
arra_tx_hidalgoco_2010,2011,2011,ARRA_TX_HIDALGOCO_2010,-1128,USGS 3DEP Elevation Index MapServer/8 collect_start/collect_end
arra_tx_nuecesco_2010,2011,2011,ARRA_TX_NUECESCO_2010,-1129,USGS 3DEP Elevation Index MapServer/8 collect_start/collect_end
arra_tx_wilacyco_2010,2011,2011,ARRA_TX_WILACYCO_2010,-1130,USGS 3DEP Elevation Index MapServer/8 collect_start/collect_end
arra_va_11county_2010,2010,2010,ARRA_VA_11COUNTY_2010,-1131,USGS 3DEP Elevation Index MapServer/8 collect_start/collect_end
arra_wa_pierceco_2010,2010,2011,ARRA_WA_PIERCECO_2010,-1132,USGS 3DEP Elevation Index MapServer/8 collect_start/collect_end
arra_wi_brownco_2010,2010,2010,ARRA_WI_BROWNCO_2010,-1133,USGS 3DEP Elevation Index MapServer/8 collect_start/collect_end
arra_wi_ocontoco_2010,2010,2010,ARRA_WI_OCONTOCO_2010,-1134,USGS 3DEP Elevation Index MapServer/8 collect_start/collect_end
az_aubreycherry_1_2020,2020,2020,AZ_AubreyCherry_1_2020,195100,USGS 3DEP Elevation Index MapServer/8 collect_start/collect_end
az_black_mesa_coalmine_2012,2012,2012,AZ_BLACK_MESA_COALMINE_2012,2199,USGS 3DEP Elevation Index MapServer/8 collect_start/collect_end
az_blackrockgoodwin_1_2021,2021,2021,AZ_BlackRockGoodwin_1_2021,223513,USGS 3DEP Elevation Index MapServer/8 collect_start/collect_end
az_brawleyrillito_fema_2018,2019,2019,AZ_BrawleyRillito_FEMA_2018,174139,USGS 3DEP Elevation Index MapServer/8 collect_start/collect_end
az_brawleyrillito_nrcs_2018,2019,2019,AZ_BrawleyRillito_NRCS_2018,182511,USGS 3DEP Elevation Index MapServer/8 collect_start/collect_end
az_brawleyrillito_tl_2018,2019,2019,AZ_BrawleyRillito_TL_2018,188009,USGS 3DEP Elevation Index MapServer/8 collect_start/collect_end
az_cencoconino_1_b22,2022,2022,AZ_CenCoconino_1_B22,300217,USGS 3DEP Elevation Index MapServer/8 collect_start/collect_end
az_cencoconino_2_b22,2022,2022,AZ_CenCoconino_2_B22,300219,USGS 3DEP Elevation Index MapServer/8 collect_start/collect_end
az_cencoconino_3_b22,2022,2022,AZ_CenCoconino_3_B22,300220,USGS 3DEP Elevation Index MapServer/8 collect_start/collect_end
az_cochise_fema_2012,2012,2012,AZ_COCHISE_FEMA_2012,391,USGS 3DEP Elevation Index MapServer/8 collect_start/collect_end
az_cochisecounty_1_2020,2020,2020,AZ_CochiseCounty_1_2020,194315,USGS 3DEP Elevation Index MapServer/8 collect_start/collect_end
az_cochisecounty_2_2020,2020,2020,AZ_CochiseCounty_2_2020,217204,USGS 3DEP Elevation Index MapServer/8 collect_start/collect_end
az_cochisecounty_3_2020,2020,2020,AZ_CochiseCounty_3_2020,219320,USGS 3DEP Elevation Index MapServer/8 collect_start/collect_end
az_coconino_b1_2019,2019,2019,AZ_Coconino_B1_2019,182389,USGS 3DEP Elevation Index MapServer/8 collect_start/collect_end
az_coloradoriverlot2_2014,2014,2014,AZ_ColoradoRiverLot2_2014,10503,USGS 3DEP Elevation Index MapServer/8 collect_start/collect_end
az_coriverbasin_l1_2014,2014,2014,AZ_CORiverBasin_L1_2014,10517,USGS 3DEP Elevation Index MapServer/8 collect_start/collect_end
az_eastern_1_d24,2024,2024,AZ_Eastern_1_D24,300765,USGS 3DEP Elevation Index MapServer/8 collect_start/collect_end
az_eastern_pimaco_2015,2015,2015,AZ_Eastern_PimaCO_2015,29338,USGS 3DEP Elevation Index MapServer/8 collect_start/collect_end
az_fema_central_2017,2018,2018,AZ_FEMA_Central_2017,76427,USGS 3DEP Elevation Index MapServer/8 collect_start/collect_end
az_fema_east_2017,2018,2019,AZ_FEMA_East_2017,76433,USGS 3DEP Elevation Index MapServer/8 collect_start/collect_end
az_fredonia_ql1_2016,2016,2017,AZ_Fredonia_QL1_2016,59086,USGS 3DEP Elevation Index MapServer/8 collect_start/collect_end
az_grandcanyonnp_1_2019,2019,2019,AZ_GrandCanyonNP_1_2019,182567,USGS 3DEP Elevation Index MapServer/8 collect_start/collect_end
az_grandcanyonnp_2_2019,2019,2019,AZ_GrandCanyonNP_2_2019,230416,USGS 3DEP Elevation Index MapServer/8 collect_start/collect_end
az_lowercoloradoriver_2015,2015,2015,AZ_LowerColoradoRiver_2015,30721,USGS 3DEP Elevation Index MapServer/8 collect_start/collect_end
az_lowercoloradoriver_b1_2018,2018,2018,AZ_LowerColoradoRiver_B1_2018,80462,USGS 3DEP Elevation Index MapServer/8 collect_start/collect_end
az_lowercoloradoriver_b2_2018,2018,2019,AZ_LowerColoradoRiver_B2_2018,80469,USGS 3DEP Elevation Index MapServer/8 collect_start/collect_end
az_lowercoloradotb_1_c23,2021,2021,AZ_LowerColoradoTB_1_C23,300276,USGS 3DEP Elevation Index MapServer/8 collect_start/collect_end
az_maricopapinal_1_2020,2020,2021,AZ_MaricopaPinal_1_2020,198311,USGS 3DEP Elevation Index MapServer/8 collect_start/collect_end
az_mohave_1_d23,2023,2023,AZ_Mohave_1_D23,300387,USGS 3DEP Elevation Index MapServer/8 collect_start/collect_end
az_mohave_2_d23,2023,2023,AZ_Mohave_2_D23,300388,USGS 3DEP Elevation Index MapServer/8 collect_start/collect_end
az_mohave_3_d23,2023,2023,AZ_Mohave_3_D23,300389,USGS 3DEP Elevation Index MapServer/8 collect_start/collect_end
az_mohave_4_d23,2023,2023,AZ_Mohave_4_D23,300390,USGS 3DEP Elevation Index MapServer/8 collect_start/collect_end
az_mohaveco_1_2021,2021,2021,AZ_MohaveCo_1_2021,222516,USGS 3DEP Elevation Index MapServer/8 collect_start/collect_end
az_mohaveco_2_2021,2021,2021,AZ_MohaveCo_2_2021,228259,USGS 3DEP Elevation Index MapServer/8 collect_start/collect_end
az_mohavecoconino_1_d23,2023,2024,AZ_MohaveCoconino_1_D23,300716,USGS 3DEP Elevation Index MapServer/8 collect_start/collect_end
az_mohavecoconino_2_d23,2023,2023,AZ_MohaveCoconino_2_D23,300717,USGS 3DEP Elevation Index MapServer/8 collect_start/collect_end
az_navajocorridor_1_2020,2020,2020,AZ_NavajoCorridor_1_2020,197966,USGS 3DEP Elevation Index MapServer/8 collect_start/collect_end
az_navajonation_1_d22,2022,2022,AZ_NavajoNation_1_D22,300195,USGS 3DEP Elevation Index MapServer/8 collect_start/collect_end
az_northcentral_1_b23,2023,2023,AZ_NorthCentral_1_B23,300562,USGS 3DEP Elevation Index MapServer/8 collect_start/collect_end
az_northcentral_2_b23,2023,2023,AZ_NorthCentral_2_B23,300563,USGS 3DEP Elevation Index MapServer/8 collect_start/collect_end
az_northcentral_3_b23,2023,2023,AZ_NorthCentral_3_B23,300564,USGS 3DEP Elevation Index MapServer/8 collect_start/collect_end
az_northcentral_4_b23,2023,2023,AZ_NorthCentral_4_B23,301112,USGS 3DEP Elevation Index MapServer/8 collect_start/collect_end
az_northeast_1_d23,2023,2023,AZ_NorthEast_1_D23,300553,USGS 3DEP Elevation Index MapServer/8 collect_start/collect_end
az_northeast_2_d23,2023,2023,AZ_NorthEast_2_D23,300554,USGS 3DEP Elevation Index MapServer/8 collect_start/collect_end
az_northeast_3_d23,2023,2023,AZ_NorthEast_3_D23,300555,USGS 3DEP Elevation Index MapServer/8 collect_start/collect_end
az_northeast_4_d23,2023,2023,AZ_NorthEast_4_D23,300556,USGS 3DEP Elevation Index MapServer/8 collect_start/collect_end
az_northkaibabnf_b1_2019,2019,2019,AZ_NorthKaibabNF_B1_2019,179823,USGS 3DEP Elevation Index MapServer/8 collect_start/collect_end
az_nwgrandcanyonnp_1_d25,2025,2025,AZ_NWGrandCanyonNP_1_D25,301157,USGS 3DEP Elevation Index MapServer/8 collect_start/collect_end
az_organpipecactusnm_1_2020,2020,2020,AZ_OrganPipeCactusNM_1_2020,197977,USGS 3DEP Elevation Index MapServer/8 collect_start/collect_end
az_pimaco_1_2021,2021,2021,AZ_PimaCo_1_2021,221894,USGS 3DEP Elevation Index MapServer/8 collect_start/collect_end
az_pimaco_2_2021,2021,2021,AZ_PimaCo_2_2021,300020,USGS 3DEP Elevation Index MapServer/8 collect_start/collect_end
az_safford_ql2_2016,2016,2017,AZ_Safford_QL2_2016,77601,USGS 3DEP Elevation Index MapServer/8 collect_start/collect_end
az_sancarlosreservation_2013,2013,2013,AZ_SANCARLOSRESERVATION_2013,4900,USGS 3DEP Elevation Index MapServer/8 collect_start/collect_end
az_southwest_1_d23,2023,2023,AZ_Southwest_1_D23,300413,USGS 3DEP Elevation Index MapServer/8 collect_start/collect_end
az_southwest_2_d23,2023,2023,AZ_Southwest_2_D23,300414,USGS 3DEP Elevation Index MapServer/8 collect_start/collect_end
az_southwest_3_d23,2023,2023,AZ_Southwest_3_D23,300415,USGS 3DEP Elevation Index MapServer/8 collect_start/collect_end
az_southwest_4_d23,2023,2023,AZ_Southwest_4_D23,300416,USGS 3DEP Elevation Index MapServer/8 collect_start/collect_end
az_southwest_5_d23,2023,2023,AZ_Southwest_5_D23,300417,USGS 3DEP Elevation Index MapServer/8 collect_start/collect_end
az_tucson_2011,2011,2011,AZ_TUCSON_2011,-1142,USGS 3DEP Elevation Index MapServer/8 collect_start/collect_end
az_usfs_3dep_processing_2019,2013,2014,AZ_USFS_3DEP_Processing_2019,195119,USGS 3DEP Elevation Index MapServer/8 collect_start/collect_end
az_usfsr3_1_d23,2023,2024,AZ_USFSR3_1_D23,300559,USGS 3DEP Elevation Index MapServer/8 collect_start/collect_end
az_usfsr3_2_d23,2023,2024,AZ_USFSR3_2_D23,300560,USGS 3DEP Elevation Index MapServer/8 collect_start/collect_end
az_usfsr3_3_d23,2023,2023,AZ_USFSR3_3_D23,300561,USGS 3DEP Elevation Index MapServer/8 collect_start/collect_end
az_verdekaibab_b1_2018,2018,2018,AZ_VerdeKaibab_B1_2018,80472,USGS 3DEP Elevation Index MapServer/8 collect_start/collect_end
az_verdekaibab_b1_b2_2018,2018,2018,AZ_VerdeKaibab_B1_B2_2018,180776,USGS 3DEP Elevation Index MapServer/8 collect_start/collect_end
az_verdekaibab_b1_tl_2018,2018,2018,AZ_VerdeKaibab_B1_TL_2018,181437,USGS 3DEP Elevation Index MapServer/8 collect_start/collect_end
az_verdekaibab_b2_2018,2018,2018,AZ_VerdeKaibab_B2_2018,80483,USGS 3DEP Elevation Index MapServer/8 collect_start/collect_end
az_verdekaibab_b2_tl_2018,2018,2018,AZ_VerdeKaibab_B2_TL_2018,181454,USGS 3DEP Elevation Index MapServer/8 collect_start/collect_end
az_walnutgulch_2015,2015,2015,AZ_WalnutGulch_2015,41664,USGS 3DEP Elevation Index MapServer/8 collect_start/collect_end
az_yavapai_1_2021,2021,2021,AZ_Yavapai_1_2021,222545,USGS 3DEP Elevation Index MapServer/8 collect_start/collect_end
az_yavapai_2_2021,2021,2021,AZ_Yavapai_2_2021,231420,USGS 3DEP Elevation Index MapServer/8 collect_start/collect_end
ca_2025fireimpactzoneeaton_preliminary_c25,2025,2025,CA_2025FireImpactZoneEaton_PRELIMINARY_C25,300785,USGS 3DEP Elevation Index MapServer/8 collect_start/collect_end
ca_2025fireimpactzonepalisades_preliminary_c25,2025,2025,CA_2025FireImpactZonePalisades_PRELIMINARY_C25,300786,USGS 3DEP Elevation Index MapServer/8 collect_start/collect_end
ca_alamedaco_1_2021,2021,2021,CA_AlamedaCo_1_2021,221238,USGS 3DEP Elevation Index MapServer/8 collect_start/collect_end
ca_alamedaco_2006,2006,2006,CA_ALAMEDACO_2006,-1143,USGS 3DEP Elevation Index MapServer/8 collect_start/collect_end
ca_alamedaco_2_2021,2019,2021,CA_AlamedaCo_2_2021,225021,USGS 3DEP Elevation Index MapServer/8 collect_start/collect_end
ca_alamedaco_3_2021,2021,2021,CA_AlamedaCo_3_2021,225024,USGS 3DEP Elevation Index MapServer/8 collect_start/collect_end
ca_b4_2005,2005,2005,CA_B4_2005,-1144,USGS 3DEP Elevation Index MapServer/8 collect_start/collect_end
ca_calaverastuolumne_2011,2011,2011,CA_CALAVERASTUOLUMNE_2011,2417,USGS 3DEP Elevation Index MapServer/8 collect_start/collect_end
ca_californiagaps_1_b23,2023,2023,CA_CaliforniaGaps_1_B23,300618,USGS 3DEP Elevation Index MapServer/8 collect_start/collect_end
ca_californiagaps_2_b23,2023,2023,CA_CaliforniaGaps_2_B23,300619,USGS 3DEP Elevation Index MapServer/8 collect_start/collect_end
ca_californiagaps_3_b23,2023,2023,CA_CaliforniaGaps_3_B23,300620,USGS 3DEP Elevation Index MapServer/8 collect_start/collect_end
ca_californiagaps_4_b23,2023,2023,CA_CaliforniaGaps_4_B23,300621,USGS 3DEP Elevation Index MapServer/8 collect_start/collect_end
ca_canyonfire_2007,2007,2007,CA_CANYONFIRE_2007,-1146,USGS 3DEP Elevation Index MapServer/8 collect_start/collect_end
ca_carrhirzdeltafires_1_2019,2019,2020,CA_CarrHirzDeltaFires_1_2019,183380,USGS 3DEP Elevation Index MapServer/8 collect_start/collect_end
ca_carrhirzdeltafires_2_2019,2019,2019,CA_CarrHirzDeltaFires_2_2019,183434,USGS 3DEP Elevation Index MapServer/8 collect_start/collect_end
ca_central_valley_2017,2017,2017,CA_Central_Valley_2017,58958,USGS 3DEP Elevation Index MapServer/8 collect_start/collect_end
ca_chulavista_2005,2005,2005,CA_CHULAVISTA_2005,-1147,USGS 3DEP Elevation Index MapServer/8 collect_start/collect_end
ca_contracosta_1_2022,2022,2022,CA_ContraCosta_1_2022,229730,USGS 3DEP Elevation Index MapServer/8 collect_start/collect_end
ca_contracostaco_2007,2007,2007,CA_CONTRACOSTACO_2007,-1148,USGS 3DEP Elevation Index MapServer/8 collect_start/collect_end
ca_dayfire_2007,2007,2007,CA_DAYFIRE_2007,-1149,USGS 3DEP Elevation Index MapServer/8 collect_start/collect_end
ca_delta_2007,2007,2007,CA_DELTA_2007,-1150,USGS 3DEP Elevation Index MapServer/8 collect_start/collect_end
ca_e_sandiegoco_2016,2016,2017,CA_E_SanDiegoCo_2016,58997,USGS 3DEP Elevation Index MapServer/8 collect_start/collect_end
ca_fema_r9_alpine_2017,2017,2017,CA_FEMA_R9_Alpine_2017,76921,USGS 3DEP Elevation Index MapServer/8 collect_start/collect_end
ca_fema_r9_cow_creek_2017,2017,2017,CA_FEMA_R9_Cow_Creek_2017,76915,USGS 3DEP Elevation Index MapServer/8 collect_start/collect_end
ca_fema_r9_keefer_2017,2017,2017,CA_FEMA_R9_Keefer_2017,76901,USGS 3DEP Elevation Index MapServer/8 collect_start/collect_end
ca_fema_r9_mendocino_he_2017,2017,2018,CA_FEMA_R9_Mendocino_HE_2017,76912,USGS 3DEP Elevation Index MapServer/8 collect_start/collect_end
ca_fema_r9_mendocino_hf_2017,2017,2018,CA_FEMA_R9_Mendocino_HF_2017,76909,USGS 3DEP Elevation Index MapServer/8 collect_start/collect_end
ca_fema_r9_russian_2017,2017,2017,CA_FEMA_R9_Russian_2017,77496,USGS 3DEP Elevation Index MapServer/8 collect_start/collect_end
ca_fema_r9_upper_pit_2017,2017,2017,CA_FEMA_R9_Upper_Pit_2017,69378,USGS 3DEP Elevation Index MapServer/8 collect_start/collect_end
ca_fema_z1_2018,2018,2018,CA_FEMA_Z1_2018,76436,USGS 3DEP Elevation Index MapServer/8 collect_start/collect_end
ca_fema_z4_b1_2018,2018,2018,CA_FEMA_Z4_B1_2018,76439,USGS 3DEP Elevation Index MapServer/8 collect_start/collect_end
ca_fema_z4_b2_2018,2018,2018,CA_FEMA_Z4_B2_2018,76442,USGS 3DEP Elevation Index MapServer/8 collect_start/collect_end
ca_fema_z4_ql1_2018,2018,2018,CA_FEMA_Z4_QL1_2018,76445,USGS 3DEP Elevation Index MapServer/8 collect_start/collect_end
ca_femalevee_1_d23,2023,2023,CA_FEMALevee_1_D23,300455,USGS 3DEP Elevation Index MapServer/8 collect_start/collect_end
ca_femalevee_2_d23,2023,2023,CA_FEMALevee_2_D23,300456,USGS 3DEP Elevation Index MapServer/8 collect_start/collect_end
ca_femar9estrella_2019,2019,2020,CA_FEMAR9Estrella_2019,186394,USGS 3DEP Elevation Index MapServer/8 collect_start/collect_end
ca_femar9fresno_1_2019,2019,2020,CA_FEMAR9Fresno_1_2019,186767,USGS 3DEP Elevation Index MapServer/8 collect_start/collect_end
ca_femar9fresno_2_2019,2019,2020,CA_FEMAR9Fresno_2_2019,206240,USGS 3DEP Elevation Index MapServer/8 collect_start/collect_end
ca_femar9panochesanluis_2019,2020,2020,CA_FEMAR9PanocheSanLuis_2019,186402,USGS 3DEP Elevation Index MapServer/8 collect_start/collect_end
ca_femar9southeast_1_d24,2024,2024,CA_FEMAR9Southeast_1_D24,301009,USGS 3DEP Elevation Index MapServer/8 collect_start/collect_end
ca_femar9southeast_2_d24,2024,2024,CA_FEMAR9Southeast_2_D24,301010,USGS 3DEP Elevation Index MapServer/8 collect_start/collect_end
ca_femar9southeast_3_d24,2024,2024,CA_FEMAR9Southeast_3_D24,301011,USGS 3DEP Elevation Index MapServer/8 collect_start/collect_end
ca_femar9southeast_4_d24,2024,2024,CA_FEMAR9Southeast_4_D24,301012,USGS 3DEP Elevation Index MapServer/8 collect_start/collect_end
ca_femar9southeast_5_d24,2024,2024,CA_FEMAR9Southeast_5_D24,301013,USGS 3DEP Elevation Index MapServer/8 collect_start/collect_end
ca_femar9southeast_6_d24,2024,2024,CA_FEMAR9Southeast_6_D24,301014,USGS 3DEP Elevation Index MapServer/8 collect_start/collect_end
ca_femar9southeast_7_d24,2024,2025,CA_FEMAR9Southeast_7_D24,301121,USGS 3DEP Elevation Index MapServer/8 collect_start/collect_end
ca_klamath_bathymetry_2018,2018,2018,CA_Klamath_Bathymetry_2018,80594,USGS 3DEP Elevation Index MapServer/8 collect_start/collect_end
ca_klamath_topobathy_tl_2018,2018,2018,CA_Klamath_TopoBathy_TL_2018,183225,USGS 3DEP Elevation Index MapServer/8 collect_start/collect_end
ca_klamath_topography_2018,2018,2018,CA_Klamath_Topography_2018,80586,USGS 3DEP Elevation Index MapServer/8 collect_start/collect_end
ca_klamath_topography_tl_2018,2018,2018,CA_Klamath_Topography_TL_2018,183238,USGS 3DEP Elevation Index MapServer/8 collect_start/collect_end
ca_lakecounty_2015,2015,2016,CA_LakeCounty_2015,53865,USGS 3DEP Elevation Index MapServer/8 collect_start/collect_end
ca_lapostwildfire_eaton_c25,2025,2025,CA_LAPostWildfire_Eaton_C25,300866,USGS 3DEP Elevation Index MapServer/8 collect_start/collect_end
ca_lapostwildfire_palisades_c25,2025,2025,CA_LAPostWildfire_Palisades_C25,300865,USGS 3DEP Elevation Index MapServer/8 collect_start/collect_end
ca_lassennp_2020,2020,2020,CA_LassenNP_2020,198553,USGS 3DEP Elevation Index MapServer/8 collect_start/collect_end
ca_longvalleycaldera_2017,2017,2017,CA_LongValleyCaldera_2017,62603,USGS 3DEP Elevation Index MapServer/8 collect_start/collect_end
ca_losangeles_1_b23,2023,2024,CA_LosAngeles_1_B23,300609,USGS 3DEP Elevation Index MapServer/8 collect_start/collect_end
ca_losangeles_2016,2015,2016,CA_LosAngeles_2016,29315,USGS 3DEP Elevation Index MapServer/8 collect_start/collect_end
ca_losangeles_2_b23,2023,2023,CA_LosAngeles_2_B23,300610,USGS 3DEP Elevation Index MapServer/8 collect_start/collect_end
ca_lowerbearcreek_2020,2020,2020,CA_LowerBearCreek_2020,214870,USGS 3DEP Elevation Index MapServer/8 collect_start/collect_end
ca_montecito_2018,2018,2018,CA_Montecito_2018,77868,USGS 3DEP Elevation Index MapServer/8 collect_start/collect_end
ca_mountainpass_b1_2019,2019,2019,CA_MountainPass_B1_2019,181275,USGS 3DEP Elevation Index MapServer/8 collect_start/collect_end
ca_nocal_wildfires_b1_2018,2018,2018,CA_NoCAL_Wildfires_B1_2018,79006,USGS 3DEP Elevation Index MapServer/8 collect_start/collect_end
ca_nocal_wildfires_b2_2018,2018,2019,CA_NoCAL_Wildfires_B2_2018,78994,USGS 3DEP Elevation Index MapServer/8 collect_start/collect_end
ca_nocal_wildfires_b3_2018,2018,2019,CA_NoCAL_Wildfires_B3_2018,78977,USGS 3DEP Elevation Index MapServer/8 collect_start/collect_end
ca_nocal_wildfires_b4_2018,2018,2019,CA_NoCAL_Wildfires_B4_2018,78997,USGS 3DEP Elevation Index MapServer/8 collect_start/collect_end
ca_nocal_wildfires_b5a_2018,2018,2019,CA_NoCAL_Wildfires_B5a_2018,79003,USGS 3DEP Elevation Index MapServer/8 collect_start/collect_end
ca_nocal_wildfires_b5b_2018,2017,2018,CA_NoCAL_Wildfires_B5b_2018,177292,USGS 3DEP Elevation Index MapServer/8 collect_start/collect_end
ca_nocal_wildfires_b5b_ql1_2018,2017,2018,CA_NoCal_Wildfires_B5b_QL1_2018,187572,USGS 3DEP Elevation Index MapServer/8 collect_start/collect_end
ca_nocal_wildfires_campfire_2018,2019,2019,CA_NoCal_Wildfires_CampFire_2018,184079,USGS 3DEP Elevation Index MapServer/8 collect_start/collect_end
ca_nocal_wildfires_gmeg_2018,2019,2019,CA_NoCal_Wildfires_GMEG_2018,184085,USGS 3DEP Elevation Index MapServer/8 collect_start/collect_end
ca_nocal_wildfires_plumasnf_b1_2018,2017,2018,CA_NoCAL_Wildfires_PlumasNF_B1_2018,78984,USGS 3DEP Elevation Index MapServer/8 collect_start/collect_end
ca_nocal_wildfires_plumasnf_b2_2018,2018,2018,CA_NoCAL_Wildfires_PlumasNF_B2_2018,78987,USGS 3DEP Elevation Index MapServer/8 collect_start/collect_end
ca_nocal_wildfires_tl_ql1_2018,2018,2018,CA_NoCAL_Wildfires_TL_QL1_2018,188144,USGS 3DEP Elevation Index MapServer/8 collect_start/collect_end
ca_nocal_wildfires_tl_ql2_2018,2018,2019,CA_NoCAL_Wildfires_TL_QL2_2018,209051,USGS 3DEP Elevation Index MapServer/8 collect_start/collect_end
ca_northcoastranges_1_b23,2023,2023,CA_NorthCoastRanges_1_B23,300635,USGS 3DEP Elevation Index MapServer/8 collect_start/collect_end
ca_northcoastranges_2_b23,2023,2023,CA_NorthCoastRanges_2_B23,300636,USGS 3DEP Elevation Index MapServer/8 collect_start/collect_end
ca_northernca_1_b22,2022,2022,CA_NorthernCA_1_B22,300326,USGS 3DEP Elevation Index MapServer/8 collect_start/collect_end
ca_northernca_2_b22,2022,2022,CA_NorthernCA_2_B22,300407,USGS 3DEP Elevation Index MapServer/8 collect_start/collect_end
ca_northernca_3_b22,2022,2022,CA_NorthernCA_3_B22,300464,USGS 3DEP Elevation Index MapServer/8 collect_start/collect_end
ca_northernca_4_b22,2022,2022,CA_NorthernCA_4_B22,300465,USGS 3DEP Elevation Index MapServer/8 collect_start/collect_end
ca_northernca_5_b22,2022,2022,CA_NorthernCA_5_B22,300466,USGS 3DEP Elevation Index MapServer/8 collect_start/collect_end
ca_northernca_6_b22,2022,2022,CA_NorthernCA_6_B22,300467,USGS 3DEP Elevation Index MapServer/8 collect_start/collect_end
ca_northernca_7_b22,2022,2022,CA_NorthernCA_7_B22,300468,USGS 3DEP Elevation Index MapServer/8 collect_start/collect_end
ca_northernca_8_b22,2022,2024,CA_NorthernCA_8_B22,300517,USGS 3DEP Elevation Index MapServer/8 collect_start/collect_end
ca_nv_laketahoe_2010,2010,2010,CA_NV_LAKETAHOE_2010,2724,USGS 3DEP Elevation Index MapServer/8 collect_start/collect_end
ca_or_klamathriver_2010,2010,2010,CA_OR_KLAMATHRIVER_2010,-1153,USGS 3DEP Elevation Index MapServer/8 collect_start/collect_end
ca_orangeco_2011,2011,2012,CA_ORANGECO_2011,1496,USGS 3DEP Elevation Index MapServer/8 collect_start/collect_end
ca_placerco_2012,2012,2012,CA_PLACERCO_2012,2280,USGS 3DEP Elevation Index MapServer/8 collect_start/collect_end
ca_riverside_b1_2019,2019,2019,CA_Riverside_B1_2019,177770,USGS 3DEP Elevation Index MapServer/8 collect_start/collect_end
ca_riverside_b2_2019,2019,2019,CA_Riverside_B2_2019,177832,USGS 3DEP Elevation Index MapServer/8 collect_start/collect_end
ca_sacramento_2017,2017,2018,CA_Sacramento_2017,58943,USGS 3DEP Elevation Index MapServer/8 collect_start/collect_end
ca_saltonsea_2010,2010,2011,CA_SALTONSEA_2010,-1155,USGS 3DEP Elevation Index MapServer/8 collect_start/collect_end
ca_saltonsea_earthmri_1_2021,2021,2021,CA_SaltonSea_EarthMRI_1_2021,223484,USGS 3DEP Elevation Index MapServer/8 collect_start/collect_end
ca_saltonsea_earthmri_2_2021,2021,2021,CA_SaltonSea_EarthMRI_2_2021,300191,USGS 3DEP Elevation Index MapServer/8 collect_start/collect_end
ca_saltonsea_earthmri_3_d21,2022,2022,CA_SaltonSea_EarthMRI_3_D21,300216,USGS 3DEP Elevation Index MapServer/8 collect_start/collect_end
ca_saltonsea_earthmri_4_2021,2021,2023,CA_SaltonSea_EarthMRI_4_2021,300258,USGS 3DEP Elevation Index MapServer/8 collect_start/collect_end
ca_sanandreas_2003,2003,2003,CA_SANANDREAS_2003,-1156,USGS 3DEP Elevation Index MapServer/8 collect_start/collect_end
ca_sanbern_emri_1_2021,2021,2021,CA_SanBern_EMRI_1_2021,223531,USGS 3DEP Elevation Index MapServer/8 collect_start/collect_end
ca_sanbern_emri_2_2021,2021,2021,CA_SanBern_EMRI_2_2021,229143,USGS 3DEP Elevation Index MapServer/8 collect_start/collect_end
ca_sanbernardinoco_areaa_2013,2013,2013,CA_SanBernardinoCo_AreaA_2013,14123,USGS 3DEP Elevation Index MapServer/8 collect_start/collect_end
ca_sanbernardinoco_areab_2013,2013,2013,CA_SanBernardinoCo_AreaB_2013,14130,USGS 3DEP Elevation Index MapServer/8 collect_start/collect_end
ca_sandiego_2005,2005,2005,CA_SANDIEGO_2005,-1157,USGS 3DEP Elevation Index MapServer/8 collect_start/collect_end
ca_sandiego_2015_c17_1,2015,2016,CA_SanDiego_2015_C17_1,66018,USGS 3DEP Elevation Index MapServer/8 collect_start/collect_end
ca_sandiegoco_1_d24,2024,2024,CA_SanDiegoCo_1_D24,301181,USGS 3DEP Elevation Index MapServer/8 collect_start/collect_end
ca_sandiegoco_2_d24,2024,2024,CA_SanDiegoCo_2_D24,301182,USGS 3DEP Elevation Index MapServer/8 collect_start/collect_end
ca_sandiegoql1_2014,2014,2015,CA_SanDiegoQL1_2014,20778,USGS 3DEP Elevation Index MapServer/8 collect_start/collect_end
ca_sandiegoql2_2014,2014,2015,CA_SanDiegoQL2_2014,74608,USGS 3DEP Elevation Index MapServer/8 collect_start/collect_end
ca_sanfranbay_2004,2004,2004,CA_SANFRANBAY_2004,-1158,USGS 3DEP Elevation Index MapServer/8 collect_start/collect_end
ca_sanfranbayfema_2004,2004,2004,CA_SANFRANBAYFEMA_2004,-1159,USGS 3DEP Elevation Index MapServer/8 collect_start/collect_end
ca_sanfrancisco_1_b23,2023,2023,CA_SanFrancisco_1_B23,300449,USGS 3DEP Elevation Index MapServer/8 collect_start/collect_end
ca_sanjoaquin_1_2021,2021,2021,CA_SanJoaquin_1_2021,300024,USGS 3DEP Elevation Index MapServer/8 collect_start/collect_end
ca_sanjoaquin_2_2021,2021,2021,CA_SanJoaquin_2_2021,217608,USGS 3DEP Elevation Index MapServer/8 collect_start/collect_end
ca_sanjoaquin_3_2021,2021,2021,CA_SanJoaquin_3_2021,300025,USGS 3DEP Elevation Index MapServer/8 collect_start/collect_end
ca_sanjoaquin_4_2021,2021,2021,CA_SanJoaquin_4_2021,300026,USGS 3DEP Elevation Index MapServer/8 collect_start/collect_end
ca_sanjoaquin_5_2021,2021,2021,CA_SanJoaquin_5_2021,300027,USGS 3DEP Elevation Index MapServer/8 collect_start/collect_end
ca_sanjoaquin_6_2021,2021,2021,CA_SanJoaquin_6_2021,300028,USGS 3DEP Elevation Index MapServer/8 collect_start/collect_end
ca_sanjoaquin_7_2021,2021,2021,CA_SanJoaquin_7_2021,300029,USGS 3DEP Elevation Index MapServer/8 collect_start/collect_end
ca_sanjoaquin_8_reflight_2021,2021,2023,CA_SanJoaquin_8_Reflight_2021,300177,USGS 3DEP Elevation Index MapServer/8 collect_start/collect_end
ca_sanjoaquin_9_reflight_2021,2021,2021,CA_SanJoaquin_9_Reflight_2021,300242,USGS 3DEP Elevation Index MapServer/8 collect_start/collect_end
ca_santabarbara_ventura_2005,2005,2005,CA_SANTABARBARA_VENTURA_2005,-1160,USGS 3DEP Elevation Index MapServer/8 collect_start/collect_end
ca_santaclaraco_a_2006,2006,2006,CA_SANTACLARACO_A_2006,-1161,USGS 3DEP Elevation Index MapServer/8 collect_start/collect_end
ca_santaclaraco_b_2006,2006,2006,CA_SANTACLARACO_B_2006,-1162,USGS 3DEP Elevation Index MapServer/8 collect_start/collect_end
ca_santaclaraco_c_2006,2006,2006,CA_SANTACLARACO_C_2006,-1163,USGS 3DEP Elevation Index MapServer/8 collect_start/collect_end
ca_santaclaracounty_2020,2020,2020,CA_SantaClaraCounty_2020,190591,USGS 3DEP Elevation Index MapServer/8 collect_start/collect_end
ca_santacruzcounty_2020,2020,2020,CA_SantaCruzCounty_2020,196600,USGS 3DEP Elevation Index MapServer/8 collect_start/collect_end
ca_scripps_apr_2004,2004,2004,CA_SCRIPPS_APR_2004,-1164,USGS 3DEP Elevation Index MapServer/8 collect_start/collect_end
ca_scripps_apr_2005,2005,2005,CA_SCRIPPS_APR_2005,-1165,USGS 3DEP Elevation Index MapServer/8 collect_start/collect_end
ca_scripps_dec_2002,2002,2002,CA_SCRIPPS_DEC_2002,-1166,USGS 3DEP Elevation Index MapServer/8 collect_start/collect_end
ca_scripps_mar_2003,2003,2003,CA_SCRIPPS_MAR_2003,-1167,USGS 3DEP Elevation Index MapServer/8 collect_start/collect_end
ca_scripps_mar_2006,2006,2006,CA_SCRIPPS_MAR_2006,-1168,USGS 3DEP Elevation Index MapServer/8 collect_start/collect_end
ca_scripps_may_2002,2002,2002,CA_SCRIPPS_MAY_2002,-1169,USGS 3DEP Elevation Index MapServer/8 collect_start/collect_end
ca_scripps_oct_2003,2003,2003,CA_SCRIPPS_OCT_2003,-1170,USGS 3DEP Elevation Index MapServer/8 collect_start/collect_end
ca_scripps_oct_2005,2005,2005,CA_SCRIPPS_OCT_2005,-1171,USGS 3DEP Elevation Index MapServer/8 collect_start/collect_end
ca_scripps_sep_2002,2002,2002,CA_SCRIPPS_SEP_2002,-1172,USGS 3DEP Elevation Index MapServer/8 collect_start/collect_end
ca_scripps_sep_2004,2004,2004,CA_SCRIPPS_SEP_2004,-1173,USGS 3DEP Elevation Index MapServer/8 collect_start/collect_end
ca_se_fault_zone_2017,2017,2017,CA_SE_Fault_Zone_2017,73875,USGS 3DEP Elevation Index MapServer/8 collect_start/collect_end
ca_shasta_2010,2010,2010,CA_SHASTA_2010,-1174,USGS 3DEP Elevation Index MapServer/8 collect_start/collect_end
ca_sierranevada_10_2022,2022,2022,CA_SierraNevada_10_2022,300365,USGS 3DEP Elevation Index MapServer/8 collect_start/collect_end
ca_sierranevada_11_b22,2022,2022,CA_SierraNevada_11_B22,300459,USGS 3DEP Elevation Index MapServer/8 collect_start/collect_end
ca_sierranevada_12_b22,2021,2022,CA_SierraNevada_12_B22,300460,USGS 3DEP Elevation Index MapServer/8 collect_start/collect_end
ca_sierranevada_13_b22,2022,2022,CA_SierraNevada_13_B22,300461,USGS 3DEP Elevation Index MapServer/8 collect_start/collect_end
ca_sierranevada_14_b22,2022,2022,CA_SierraNevada_14_B22,300462,USGS 3DEP Elevation Index MapServer/8 collect_start/collect_end
ca_sierranevada_1_2022,2021,2021,CA_SierraNevada_1_2022,300057,USGS 3DEP Elevation Index MapServer/8 collect_start/collect_end
ca_sierranevada_2_2022,2021,2021,CA_SierraNevada_2_2022,300058,USGS 3DEP Elevation Index MapServer/8 collect_start/collect_end
ca_sierranevada_3_2022,2021,2021,CA_SierraNevada_3_2022,300059,USGS 3DEP Elevation Index MapServer/8 collect_start/collect_end
ca_sierranevada_4_2022,2021,2021,CA_SierraNevada_4_2022,300244,USGS 3DEP Elevation Index MapServer/8 collect_start/collect_end
ca_sierranevada_5_2022,2021,2022,CA_SierraNevada_5_2022,300245,USGS 3DEP Elevation Index MapServer/8 collect_start/collect_end
ca_sierranevada_6_2022,2021,2022,CA_SierraNevada_6_2022,300246,USGS 3DEP Elevation Index MapServer/8 collect_start/collect_end
ca_sierranevada_7_2022,2021,2022,CA_SierraNevada_7_2022,300271,USGS 3DEP Elevation Index MapServer/8 collect_start/collect_end
ca_sierranevada_8_2022,2021,2022,CA_SierraNevada_8_2022,300363,USGS 3DEP Elevation Index MapServer/8 collect_start/collect_end
ca_sierranevada_9_2022,2022,2022,CA_SierraNevada_9_2022,300364,USGS 3DEP Elevation Index MapServer/8 collect_start/collect_end
ca_socal_wildfires_b1_2018,2018,2018,CA_SoCal_Wildfires_B1_2018,78956,USGS 3DEP Elevation Index MapServer/8 collect_start/collect_end
ca_socal_wildfires_b2_2018,2018,2018,CA_SoCal_Wildfires_B2_2018,78965,USGS 3DEP Elevation Index MapServer/8 collect_start/collect_end
ca_socal_wildfires_b3_2018,2018,2018,CA_SoCal_Wildfires_B3_2018,78969,USGS 3DEP Elevation Index MapServer/8 collect_start/collect_end
ca_socal_wildfires_b4_2018,2018,2018,CA_SoCal_Wildfires_B4_2018,78972,USGS 3DEP Elevation Index MapServer/8 collect_start/collect_end
ca_socal_wildfires_tl_2018,2018,2018,CA_SoCAL_Wildfires_TL_2018,182799,USGS 3DEP Elevation Index MapServer/8 collect_start/collect_end
ca_solanocounty_1_a23,2022,2023,CA_SolanoCounty_1_A23,300568,USGS 3DEP Elevation Index MapServer/8 collect_start/collect_end
ca_sonoma_2013,2013,2013,CA_Sonoma_2013,70385,USGS 3DEP Elevation Index MapServer/8 collect_start/collect_end
ca_sonoma_a2_2013,2013,2013,CA_Sonoma_A2_2013,70395,USGS 3DEP Elevation Index MapServer/8 collect_start/collect_end
ca_sonoma_a3_2013,2013,2013,CA_Sonoma_A3_2013,70405,USGS 3DEP Elevation Index MapServer/8 collect_start/collect_end
ca_sonoma_a4_2013,2013,2013,CA_Sonoma_A4_2013,70415,USGS 3DEP Elevation Index MapServer/8 collect_start/collect_end
ca_southernsierra_1_2020,2020,2020,CA_SouthernSierra_1_2020,194080,USGS 3DEP Elevation Index MapServer/8 collect_start/collect_end
ca_uppersouthamerican_eldorado_2019,2019,2020,CA_UpperSouthAmerican_Eldorado_2019,182531,USGS 3DEP Elevation Index MapServer/8 collect_start/collect_end
ca_westcoastelninoutm10_2016,2016,2016,CA_WestCoastElNinoUTM10_2016,50601,USGS 3DEP Elevation Index MapServer/8 collect_start/collect_end
ca_westcoastelninoutm11_2016,2016,2016,CA_WestCoastElNinoUTM11_2016,74592,USGS 3DEP Elevation Index MapServer/8 collect_start/collect_end
ca_yosemitenp_2019,2019,2019,CA_YosemiteNP_2019,182958,USGS 3DEP Elevation Index MapServer/8 collect_start/collect_end
ca_yurok_1_t23,2022,2022,CA_Yurok_1_T23,300533,USGS 3DEP Elevation Index MapServer/8 collect_start/collect_end
co_arapahorooseveltpikenf_1_d23,2023,2023,CO_ArapahoRooseveltPikeNF_1_D23,300647,USGS 3DEP Elevation Index MapServer/8 collect_start/collect_end
co_arkansasvalley_2010,2010,2010,CO_ARKANSASVALLEY_2010,-1175,USGS 3DEP Elevation Index MapServer/8 collect_start/collect_end
co_cameronpkfire_1_2021,2021,2021,CO_CameronPkFire_1_2021,222088,USGS 3DEP Elevation Index MapServer/8 collect_start/collect_end
co_central_western_2016,2016,2016,CO_Central_Western_2016,64530,USGS 3DEP Elevation Index MapServer/8 collect_start/collect_end
co_centraleasternplains_1_2020,2020,2020,CO_CentralEasternPlains_1_2020,192973,USGS 3DEP Elevation Index MapServer/8 collect_start/collect_end
co_centraleasternplains_2_2020,2020,2020,CO_CentralEasternPlains_2_2020,211452,USGS 3DEP Elevation Index MapServer/8 collect_start/collect_end
co_centraleasternplains_3_2020,2020,2020,CO_CentralEasternPlains_3_2020,216117,USGS 3DEP Elevation Index MapServer/8 collect_start/collect_end
co_cheesmanlake_2004,2004,2004,CO_CHEESMANLAKE_2004,-1176,USGS 3DEP Elevation Index MapServer/8 collect_start/collect_end
co_conmgaps_1_d24,2024,2024,CO_CONMGaps_1_D24,301086,USGS 3DEP Elevation Index MapServer/8 collect_start/collect_end
co_conmgaps_3_d24,2024,2024,CO_CONMGaps_3_D24,301088,USGS 3DEP Elevation Index MapServer/8 collect_start/collect_end
co_conmgaps_4_d24,2024,2024,CO_CONMGaps_4_D24,301089,USGS 3DEP Elevation Index MapServer/8 collect_start/collect_end
co_denver_2008,2008,2008,CO_DENVER_2008,-1177,USGS 3DEP Elevation Index MapServer/8 collect_start/collect_end
co_denverdnc_2008,2008,2008,CO_DENVERDNC_2008,-1178,USGS 3DEP Elevation Index MapServer/8 collect_start/collect_end
co_drcog_1_2020,2020,2020,CO_DRCOG_1_2020,193309,USGS 3DEP Elevation Index MapServer/8 collect_start/collect_end
co_drcog_2_2020,2020,2020,CO_DRCOG_2_2020,219104,USGS 3DEP Elevation Index MapServer/8 collect_start/collect_end
co_drcog_3_2020,2020,2021,CO_DRCOG_3_2020,219761,USGS 3DEP Elevation Index MapServer/8 collect_start/collect_end
co_eastern_b1_2018,2018,2018,CO_Eastern_B1_2018,173493,USGS 3DEP Elevation Index MapServer/8 collect_start/collect_end
co_eastern_b2_ql1_central_2018,2018,2018,CO_Eastern_B2_QL1_Central_2018,173499,USGS 3DEP Elevation Index MapServer/8 collect_start/collect_end
co_eastern_b2_ql2_central_2018,2018,2018,CO_Eastern_B2_QL2_Central_2018,173502,USGS 3DEP Elevation Index MapServer/8 collect_start/collect_end
co_eastern_b2_ql2_north_2018,2018,2018,CO_Eastern_B2_QL2_North_2018,79906,USGS 3DEP Elevation Index MapServer/8 collect_start/collect_end
co_eastern_b3_2018,2018,2018,CO_Eastern_B3_2018,79909,USGS 3DEP Elevation Index MapServer/8 collect_start/collect_end
co_eastern_b4_2018,2018,2018,CO_Eastern_B4_2018,79912,USGS 3DEP Elevation Index MapServer/8 collect_start/collect_end
co_eastern_b5_2018,2018,2018,CO_Eastern_B5_2018,174767,USGS 3DEP Elevation Index MapServer/8 collect_start/collect_end
co_eastern_b6_2018,2018,2018,CO_Eastern_B6_2018,79918,USGS 3DEP Elevation Index MapServer/8 collect_start/collect_end
co_eastern_elpaso_2018,2018,2018,CO_Eastern_ElPaso_2018,79915,USGS 3DEP Elevation Index MapServer/8 collect_start/collect_end
co_eastern_north_priority_2018,2018,2018,CO_Eastern_North_Priority_2018,219284,USGS 3DEP Elevation Index MapServer/8 collect_start/collect_end
co_eastern_south_priority2_2018,2018,2018,CO_Eastern_South_Priority2_2018,77679,USGS 3DEP Elevation Index MapServer/8 collect_start/collect_end
co_mesaco_ql1_2016,2015,2016,CO_MesaCo_QL1_2016,69280,USGS 3DEP Elevation Index MapServer/8 collect_start/collect_end
co_mesaco_ql2_2015,2015,2016,CO_MesaCo_QL2_2015,41705,USGS 3DEP Elevation Index MapServer/8 collect_start/collect_end
co_mesaco_ql2_utm13_2015,2015,2016,CO_MesaCo_QL2_UTM13_2015,69298,USGS 3DEP Elevation Index MapServer/8 collect_start/collect_end
co_nesecolorado_1_2019,2019,2019,CO_NESEColorado_1_2019,189086,USGS 3DEP Elevation Index MapServer/8 collect_start/collect_end
co_nesecolorado_2_2019,2019,2019,CO_NESEColorado_2_2019,196748,USGS 3DEP Elevation Index MapServer/8 collect_start/collect_end
co_nesecolorado_3_2019,2019,2019,CO_NESEColorado_3_2019,196754,USGS 3DEP Elevation Index MapServer/8 collect_start/collect_end
co_nesecolorado_4_2019,2019,2019,CO_NESEColorado_4_2019,195311,USGS 3DEP Elevation Index MapServer/8 collect_start/collect_end
co_nwco_1_2020,2020,2020,CO_NWCO_1_2020,194681,USGS 3DEP Elevation Index MapServer/8 collect_start/collect_end
co_nwco_2_2020,2020,2021,CO_NWCO_2_2020,227736,USGS 3DEP Elevation Index MapServer/8 collect_start/collect_end
co_nwco_3_2020,2020,2020,CO_NWCO_3_2020,227739,USGS 3DEP Elevation Index MapServer/8 collect_start/collect_end
co_parkfremontcuster_1_2018,2018,2019,CO_ParkFremontCuster_1_2018,220387,USGS 3DEP Elevation Index MapServer/8 collect_start/collect_end
co_san_luis_valley_2011,2011,2011,CO_SAN_LUIS_VALLEY_2011,-1179,USGS 3DEP Elevation Index MapServer/8 collect_start/collect_end
co_sanjuan_nf_2017,2017,2017,CO_SanJuan_NF_2017,74134,USGS 3DEP Elevation Index MapServer/8 collect_start/collect_end
co_sanluisjuanmiguel_1_2020,2020,2020,CO_SanLuisJuanMiguel_1_2020,193459,USGS 3DEP Elevation Index MapServer/8 collect_start/collect_end
co_sanluisjuanmiguel_2_2020,2019,2019,CO_SanLuisJuanMiguel_2_2020,213146,USGS 3DEP Elevation Index MapServer/8 collect_start/collect_end
co_sanluisjuanmiguel_3_2020,2020,2020,CO_SanLuisJuanMiguel_3_2020,214452,USGS 3DEP Elevation Index MapServer/8 collect_start/collect_end
co_sanluisjuanmiguel_4_2020,2020,2020,CO_SanLuisJuanMiguel_4_2020,216065,USGS 3DEP Elevation Index MapServer/8 collect_start/collect_end
co_sanluisjuanmiguel_5_2020,2020,2020,CO_SanLuisJuanMiguel_5_2020,216068,USGS 3DEP Elevation Index MapServer/8 collect_start/collect_end
co_soplatte_lot3_2013,2013,2014,CO_SoPlatte_Lot3_2013,6888,USGS 3DEP Elevation Index MapServer/8 collect_start/collect_end
co_soplatteriver_lot1_2013,2013,2014,CO_SoPlatteRiver_Lot1_2013,6892,USGS 3DEP Elevation Index MapServer/8 collect_start/collect_end
co_soplatteriver_lot2a_2013,2013,2014,CO_SoPlatteRiver_Lot2a_2013,11005,USGS 3DEP Elevation Index MapServer/8 collect_start/collect_end
co_soplatteriver_lot2b_2013,2013,2014,CO_SoPlatteRiver_Lot2b_2013,13993,USGS 3DEP Elevation Index MapServer/8 collect_start/collect_end
co_soplatteriver_lot5_2013,2013,2014,CO_SoPlatteRiver_Lot5_2013,6895,USGS 3DEP Elevation Index MapServer/8 collect_start/collect_end
co_southwest_nrcs_b1_2018,2018,2018,CO_Southwest_NRCS_B1_2018,80343,USGS 3DEP Elevation Index MapServer/8 collect_start/collect_end
co_southwest_nrcs_b2_2018,2018,2019,CO_Southwest_NRCS_B2_2018,80352,USGS 3DEP Elevation Index MapServer/8 collect_start/collect_end
co_southwest_nrcs_b3_2018,2018,2019,CO_Southwest_NRCS_B3_2018,80349,USGS 3DEP Elevation Index MapServer/8 collect_start/collect_end
co_southwest_nrcs_tl_2018,2018,2018,CO_Southwest_NRCS_TL_2018,217810,USGS 3DEP Elevation Index MapServer/8 collect_start/collect_end
co_uppercolorado_hydroflattened_2020,2020,2020,CO_UpperColorado_Hydroflattened_2020,220908,USGS 3DEP Elevation Index MapServer/8 collect_start/collect_end
co_uppercolorado_topobathy_1_2020,2020,2020,CO_UpperColorado_Topobathy_1_2020,198570,USGS 3DEP Elevation Index MapServer/8 collect_start/collect_end
co_westcentral_2019,2019,2019,CO_WestCentral_2019,175984,USGS 3DEP Elevation Index MapServer/8 collect_start/collect_end
ct_2023statewide_2_c25,2023,2023,CT_2023Statewide_2_C25,300795,USGS 3DEP Elevation Index MapServer/8 collect_start/collect_end
ct_sandy_2014,2014,2014,CT_Sandy_2014,11304,USGS 3DEP Elevation Index MapServer/8 collect_start/collect_end
ct_statewide_b1_2016,2016,2016,CT_Statewide_B1_2016,53914,USGS 3DEP Elevation Index MapServer/8 collect_start/collect_end
ct_statewide_b2_2016,2016,2016,CT_Statewide_B2_2016,69921,USGS 3DEP Elevation Index MapServer/8 collect_start/collect_end
ct_statewide_b3_2016,2016,2016,CT_Statewide_B3_2016,69925,USGS 3DEP Elevation Index MapServer/8 collect_start/collect_end
ct_statewide_b4_2016,2016,2016,CT_Statewide_B4_2016,69929,USGS 3DEP Elevation Index MapServer/8 collect_start/collect_end
ct_statewide_b5_2016,2016,2016,CT_Statewide_B5_2016,69933,USGS 3DEP Elevation Index MapServer/8 collect_start/collect_end
ct_statewide_b6_2016,2016,2016,CT_Statewide_B6_2016,69937,USGS 3DEP Elevation Index MapServer/8 collect_start/collect_end
ct_statewide_b7_2016,2016,2016,CT_Statewide_B7_2016,69941,USGS 3DEP Elevation Index MapServer/8 collect_start/collect_end
ct_statewide_b8_2016,2016,2016,CT_Statewide_B8_2016,188399,USGS 3DEP Elevation Index MapServer/8 collect_start/collect_end
de_delawarevalley_hd_2015,2015,2015,DE_DelawareValley_HD_2015,30704,USGS 3DEP Elevation Index MapServer/8 collect_start/collect_end
de_delawarevalleyhd_5a_2015,2015,2015,DE_DelawareValleyHD_5A_2015,48414,USGS 3DEP Elevation Index MapServer/8 collect_start/collect_end
de_snds_2013,2013,2014,DE_Snds_2013,6414,USGS 3DEP Elevation Index MapServer/8 collect_start/collect_end
de_statewide_1_b23,2023,2023,DE_Statewide_1_B23,300433,USGS 3DEP Elevation Index MapServer/8 collect_start/collect_end
fl_2017escambiasantarosa_1_c22,2017,2017,FL_2017EscambiaSantaRosa_1_C22,226669,USGS 3DEP Elevation Index MapServer/8 collect_start/collect_end
fl_2017fortdrum_1_c22,2017,2017,FL_2017FortDrum_1_C22,226677,USGS 3DEP Elevation Index MapServer/8 collect_start/collect_end
fl_2017palmcoast_1_c22,2017,2017,FL_2017PalmCoast_1_C22,226292,USGS 3DEP Elevation Index MapServer/8 collect_start/collect_end
fl_2018pascocounty_1_c22,2018,2018,FL_2018PascoCounty_1_C22,226698,USGS 3DEP Elevation Index MapServer/8 collect_start/collect_end
fl_apalachicola_river_area_2007,2007,2007,FL_APALACHICOLA_RIVER_AREA_2007,-1181,USGS 3DEP Elevation Index MapServer/8 collect_start/collect_end
fl_bayd5_2007,2007,2007,FL_BAYD5_2007,-1182,USGS 3DEP Elevation Index MapServer/8 collect_start/collect_end
fl_brightonreservation_2015,2015,2015,FL_BrightonReservation_2015,30042,USGS 3DEP Elevation Index MapServer/8 collect_start/collect_end
fl_browardco_2007,2007,2007,FL_BROWARDCO_2007,-1183,USGS 3DEP Elevation Index MapServer/8 collect_start/collect_end
fl_calhoun_county_2007,2007,2007,FL_CALHOUN_COUNTY_2007,-1184,USGS 3DEP Elevation Index MapServer/8 collect_start/collect_end
fl_charlottecounty_2007,2007,2007,FL_CHARLOTTECOUNTY_2007,-1185,USGS 3DEP Elevation Index MapServer/8 collect_start/collect_end
fl_citrus_sumter_2006,2006,2006,FL_CITRUS_SUMTER_2006,-1186,USGS 3DEP Elevation Index MapServer/8 collect_start/collect_end
fl_clayputnam_2007,2007,2007,FL_CLAYPUTNAM_2007,-1187,USGS 3DEP Elevation Index MapServer/8 collect_start/collect_end
fl_collierco_2007,2007,2008,FL_COLLIERCO_2007,-1188,USGS 3DEP Elevation Index MapServer/8 collect_start/collect_end
fl_duvalco_2007,2007,2007,FL_DUVALCO_2007,-1189,USGS 3DEP Elevation Index MapServer/8 collect_start/collect_end
fl_elgin_2006_2008,2006,2008,FL_ELGIN_2006_2008,-1190,USGS 3DEP Elevation Index MapServer/8 collect_start/collect_end
fl_escambiaco_2006,2006,2006,FL_ESCAMBIACO_2006,-1191,USGS 3DEP Elevation Index MapServer/8 collect_start/collect_end
fl_everglades_n_2017,2017,2017,FL_Everglades_N_2017,58896,USGS 3DEP Elevation Index MapServer/8 collect_start/collect_end
fl_everglades_n_hydroflattened_2017,2017,2017,FL_Everglades_N_Hydroflattened_2017,300251,USGS 3DEP Elevation Index MapServer/8 collect_start/collect_end
fl_everglades_s_2017,2017,2017,FL_Everglades_S_2017,78417,USGS 3DEP Elevation Index MapServer/8 collect_start/collect_end
fl_everglades_s_hydroflattened_2017,2017,2017,FL_Everglades_S_Hydroflattened_2017,300253,USGS 3DEP Elevation Index MapServer/8 collect_start/collect_end
fl_flaglerco_2004,2004,2004,FL_FLAGLERCO_2004,-1192,USGS 3DEP Elevation Index MapServer/8 collect_start/collect_end
fl_floridakeys_2008,2008,2008,FL_FLORIDAKEYS_2008,-1193,USGS 3DEP Elevation Index MapServer/8 collect_start/collect_end
fl_franklinco_2007,2007,2007,FL_FRANKLINCO_2007,-1194,USGS 3DEP Elevation Index MapServer/8 collect_start/collect_end
fl_gadsden_county_2007,2007,2007,FL_GADSDEN_COUNTY_2007,-1195,USGS 3DEP Elevation Index MapServer/8 collect_start/collect_end
fl_gulf_2007,2007,2007,FL_GULF_2007,-1196,USGS 3DEP Elevation Index MapServer/8 collect_start/collect_end
fl_gulfcoast_topography_2018,2018,2018,FL_GulfCoast_Topography_2018,81069,USGS 3DEP Elevation Index MapServer/8 collect_start/collect_end
fl_hamptontract_2006,2006,2006,FL_HAMPTONTRACT_2006,-1197,USGS 3DEP Elevation Index MapServer/8 collect_start/collect_end
fl_herbhooverdike_2007,2007,2007,FL_HERBHOOVERDIKE_2007,-1198,USGS 3DEP Elevation Index MapServer/8 collect_start/collect_end
fl_hillsboroughco_2007,2007,2007,FL_HILLSBOROUGHCO_2007,-1199,USGS 3DEP Elevation Index MapServer/8 collect_start/collect_end
fl_hillsboroughco_lot2_2011,2011,2011,FL_HILLSBOROUGHCO_LOT2_2011,-1200,USGS 3DEP Elevation Index MapServer/8 collect_start/collect_end
fl_hurricanemichael_1_2020,2019,2020,FL_HurricaneMichael_1_2020,188515,USGS 3DEP Elevation Index MapServer/8 collect_start/collect_end
fl_hurricanemichael_2_2020,2019,2019,FL_HurricaneMichael_2_2020,212018,USGS 3DEP Elevation Index MapServer/8 collect_start/collect_end
fl_hurricanemichael_3_2020,2019,2020,FL_HurricaneMichael_3_2020,216141,USGS 3DEP Elevation Index MapServer/8 collect_start/collect_end
fl_hurricanemichael_4_2020,2019,2020,FL_HurricaneMichael_4_2020,217056,USGS 3DEP Elevation Index MapServer/8 collect_start/collect_end
fl_hurricanemichael_5_2020,2020,2020,FL_HurricaneMichael_5_2020,227988,USGS 3DEP Elevation Index MapServer/8 collect_start/collect_end
fl_hurricanemichael_6_2020,2019,2020,FL_HurricaneMichael_6_2020,229801,USGS 3DEP Elevation Index MapServer/8 collect_start/collect_end
fl_hurricanemichael_7_2020,2019,2020,FL_HurricaneMichael_7_2020,229804,USGS 3DEP Elevation Index MapServer/8 collect_start/collect_end
fl_indianriver_2007,2007,2007,FL_INDIANRIVER_2007,-1201,USGS 3DEP Elevation Index MapServer/8 collect_start/collect_end
fl_inlandmonroe_2007,2007,2008,FL_INLANDMONROE_2007,-1202,USGS 3DEP Elevation Index MapServer/8 collect_start/collect_end
fl_jackson_blue_2007,2007,2007,FL_JACKSON_BLUE_2007,-1203,USGS 3DEP Elevation Index MapServer/8 collect_start/collect_end
fl_jackson_county_sw_2007,2007,2007,FL_JACKSON_COUNTY_SW_2007,-1204,USGS 3DEP Elevation Index MapServer/8 collect_start/collect_end
fl_jeffersonco_north_2007,2007,2007,FL_JEFFERSONCO_NORTH_2007,-1205,USGS 3DEP Elevation Index MapServer/8 collect_start/collect_end
fl_lakeco_2007,2007,2007,FL_LAKECO_2007,-1206,USGS 3DEP Elevation Index MapServer/8 collect_start/collect_end
fl_lakewales_2006,2006,2006,FL_LAKEWALES_2006,-1207,USGS 3DEP Elevation Index MapServer/8 collect_start/collect_end
fl_leecounty_2007,2007,2007,FL_LEECOUNTY_2007,-1208,USGS 3DEP Elevation Index MapServer/8 collect_start/collect_end
fl_leonco_2002,2002,2002,FL_LEONCO_2002,-1209,USGS 3DEP Elevation Index MapServer/8 collect_start/collect_end
fl_leonco_2005,2005,2005,FL_LEONCO_2005,-1210,USGS 3DEP Elevation Index MapServer/8 collect_start/collect_end
fl_leonco_2006,2006,2006,FL_LEONCO_2006,-1211,USGS 3DEP Elevation Index MapServer/8 collect_start/collect_end
fl_leonco_2007,2007,2007,FL_LEONCO_2007,-1212,USGS 3DEP Elevation Index MapServer/8 collect_start/collect_end
fl_leonco_2008,2008,2008,FL_LEONCO_2008,-1213,USGS 3DEP Elevation Index MapServer/8 collect_start/collect_end
fl_leonco_2009,2009,2009,FL_LEONCO_2009,-1214,USGS 3DEP Elevation Index MapServer/8 collect_start/collect_end
fl_leonco_2018,2018,2018,FL_LeonCo_2018,80340,USGS 3DEP Elevation Index MapServer/8 collect_start/collect_end
fl_littlemanatee_2005,2005,2005,FL_LITTLEMANATEE_2005,-1215,USGS 3DEP Elevation Index MapServer/8 collect_start/collect_end
fl_lower_choctawhatchee_2017,2017,2017,FL_Lower_Choctawhatchee_2017,70671,USGS 3DEP Elevation Index MapServer/8 collect_start/collect_end
fl_lower_choctawhatchee_tl_2017,2017,2017,FL_Lower_Choctawhatchee_TL_2017,178219,USGS 3DEP Elevation Index MapServer/8 collect_start/collect_end
fl_manateeco_1_b25,2025,2025,FL_ManateeCo_1_B25,300944,USGS 3DEP Elevation Index MapServer/8 collect_start/collect_end
fl_manateeco_2007,2007,2007,FL_MANATEECO_2007,-1216,USGS 3DEP Elevation Index MapServer/8 collect_start/collect_end
fl_martinco_2015,2016,2016,FL_MartinCo_2015,29269,USGS 3DEP Elevation Index MapServer/8 collect_start/collect_end
fl_martinstluciecoastal_2007,2007,2007,FL_MARTINSTLUCIECOASTAL_2007,-1217,USGS 3DEP Elevation Index MapServer/8 collect_start/collect_end
fl_miamidade_1_d23,2023,2024,FL_MiamiDade_1_D23,300684,USGS 3DEP Elevation Index MapServer/8 collect_start/collect_end
fl_miamidadeco_2007,2007,2008,FL_MIAMIDADECO_2007,-1218,USGS 3DEP Elevation Index MapServer/8 collect_start/collect_end
fl_nassauco_2007,2007,2007,FL_NASSAUCO_2007,-1219,USGS 3DEP Elevation Index MapServer/8 collect_start/collect_end
fl_nwfwmd_5_counties_2007,2007,2008,FL_NWFWMD_5_COUNTIES_2007,-1220,USGS 3DEP Elevation Index MapServer/8 collect_start/collect_end
fl_okaloosaco_2007,2007,2007,FL_OKALOOSACO_2007,-1221,USGS 3DEP Elevation Index MapServer/8 collect_start/collect_end
fl_okaloosaco_2008,2008,2008,FL_OKALOOSACO_2008,-1222,USGS 3DEP Elevation Index MapServer/8 collect_start/collect_end
fl_osceola_2015,2016,2016,FL_Osceola_2015,41999,USGS 3DEP Elevation Index MapServer/8 collect_start/collect_end
fl_palmbeachco_2016,2016,2017,FL_PalmBeachCo_2016,58536,USGS 3DEP Elevation Index MapServer/8 collect_start/collect_end
fl_palmbeachcoastal_2007,2007,2008,FL_PALMBEACHCOASTAL_2007,-1223,USGS 3DEP Elevation Index MapServer/8 collect_start/collect_end
fl_panhandle_b1_2018,2018,2018,FL_Panhandle_B1_2018,77920,USGS 3DEP Elevation Index MapServer/8 collect_start/collect_end
fl_panhandle_b2_2018,2018,2018,FL_Panhandle_B2_2018,77926,USGS 3DEP Elevation Index MapServer/8 collect_start/collect_end
fl_panhandle_b3_2018,2018,2019,FL_Panhandle_B3_2018,77929,USGS 3DEP Elevation Index MapServer/8 collect_start/collect_end
fl_panhandle_tl_2018,2018,2018,FL_Panhandle_TL_2018,183101,USGS 3DEP Elevation Index MapServer/8 collect_start/collect_end
fl_pasco_2004,2004,2004,FL_PASCO_2004,-1224,USGS 3DEP Elevation Index MapServer/8 collect_start/collect_end
fl_pascoco_2007,2007,2007,FL_PASCOCO_2007,-1225,USGS 3DEP Elevation Index MapServer/8 collect_start/collect_end
fl_pascoco_2011,2011,2011,FL_PASCOCO_2011,-1226,USGS 3DEP Elevation Index MapServer/8 collect_start/collect_end
fl_peaceriver_2005,2005,2006,FL_PEACERIVER_2005,-1227,USGS 3DEP Elevation Index MapServer/8 collect_start/collect_end
fl_peaceriver_2014,2014,2015,FL_PeaceRiver_2014,64353,USGS 3DEP Elevation Index MapServer/8 collect_start/collect_end
fl_peninsular_citrus_2018,2018,2019,FL_Peninsular_Citrus_2018,193593,USGS 3DEP Elevation Index MapServer/8 collect_start/collect_end
fl_peninsular_fdem_alachua_2018,2018,2019,FL_Peninsular_FDEM_Alachua_2018,221300,USGS 3DEP Elevation Index MapServer/8 collect_start/collect_end
fl_peninsular_fdem_baker_2018,2018,2020,FL_Peninsular_FDEM_Baker_2018,224574,USGS 3DEP Elevation Index MapServer/8 collect_start/collect_end
fl_peninsular_fdem_bradford_2018,2018,2020,FL_Peninsular_FDEM_Bradford_2018,218994,USGS 3DEP Elevation Index MapServer/8 collect_start/collect_end
fl_peninsular_fdem_brevard_2018,2018,2019,FL_Peninsular_FDEM_Brevard_2018,216586,USGS 3DEP Elevation Index MapServer/8 collect_start/collect_end
fl_peninsular_fdem_charlotte_2018,2018,2019,FL_Peninsular_FDEM_Charlotte_2018,191733,USGS 3DEP Elevation Index MapServer/8 collect_start/collect_end
fl_peninsular_fdem_clay_2018,2018,2019,FL_Peninsular_FDEM_Clay_2018,192644,USGS 3DEP Elevation Index MapServer/8 collect_start/collect_end
fl_peninsular_fdem_collier_2018,2018,2019,FL_Peninsular_FDEM_Collier_2018,185079,USGS 3DEP Elevation Index MapServer/8 collect_start/collect_end
fl_peninsular_fdem_columbia_2018,2019,2020,FL_Peninsular_FDEM_Columbia_2018,223846,USGS 3DEP Elevation Index MapServer/8 collect_start/collect_end
fl_peninsular_fdem_desoto_2018,2018,2019,FL_Peninsular_FDEM_Desoto_2018,185082,USGS 3DEP Elevation Index MapServer/8 collect_start/collect_end
fl_peninsular_fdem_dixie_2018,2019,2020,FL_Peninsular_FDEM_Dixie_2018,221945,USGS 3DEP Elevation Index MapServer/8 collect_start/collect_end
fl_peninsular_fdem_duval_2018,2018,2018,FL_Peninsular_FDEM_Duval_2018,191727,USGS 3DEP Elevation Index MapServer/8 collect_start/collect_end
fl_peninsular_fdem_gilchrist_2018,2018,2020,FL_Peninsular_FDEM_Gilchrist_2018,217703,USGS 3DEP Elevation Index MapServer/8 collect_start/collect_end
fl_peninsular_fdem_glades_2018,2018,2019,FL_Peninsular_FDEM_Glades_2018,211402,USGS 3DEP Elevation Index MapServer/8 collect_start/collect_end
fl_peninsular_fdem_hamilton_2018,2019,2020,FL_Peninsular_FDEM_Hamilton_2018,224762,USGS 3DEP Elevation Index MapServer/8 collect_start/collect_end
fl_peninsular_fdem_hardee_2018,2018,2020,FL_Peninsular_FDEM_Hardee_2018,219500,USGS 3DEP Elevation Index MapServer/8 collect_start/collect_end
fl_peninsular_fdem_hendry_2018,2018,2019,FL_Peninsular_FDEM_Hendry_2018,214722,USGS 3DEP Elevation Index MapServer/8 collect_start/collect_end
fl_peninsular_fdem_highlands_2018,2018,2020,FL_Peninsular_FDEM_Highlands_2018,221185,USGS 3DEP Elevation Index MapServer/8 collect_start/collect_end
fl_peninsular_fdem_indianriver_2018,2019,2019,FL_Peninsular_FDEM_IndianRiver_2018,215690,USGS 3DEP Elevation Index MapServer/8 collect_start/collect_end
fl_peninsular_fdem_keybiscayne_2020,2020,2020,FL_Peninsular_FDEM_KeyBiscayne_2020,192649,USGS 3DEP Elevation Index MapServer/8 collect_start/collect_end
fl_peninsular_fdem_lafayette_2018,2019,2020,FL_Peninsular_FDEM_Lafayette_2018,222320,USGS 3DEP Elevation Index MapServer/8 collect_start/collect_end
fl_peninsular_fdem_madison_2018,2019,2020,FL_Peninsular_FDEM_Madison_2018,224055,USGS 3DEP Elevation Index MapServer/8 collect_start/collect_end
fl_peninsular_fdem_manatee_2018,2018,2020,FL_Peninsular_FDEM_Manatee_2018,191721,USGS 3DEP Elevation Index MapServer/8 collect_start/collect_end
fl_peninsular_fdem_martin_2018,2018,2019,FL_Peninsular_FDEM_Martin_2018,220259,USGS 3DEP Elevation Index MapServer/8 collect_start/collect_end
fl_peninsular_fdem_nassau_2018,2018,2018,FL_Peninsular_FDEM_Nassau_2018,187427,USGS 3DEP Elevation Index MapServer/8 collect_start/collect_end
fl_peninsular_fdem_okeechobee_2018,2018,2019,FL_Peninsular_FDEM_Okeechobee_2018,219765,USGS 3DEP Elevation Index MapServer/8 collect_start/collect_end
fl_peninsular_fdem_orange_2018,2018,2019,FL_Peninsular_FDEM_Orange_2018,198609,USGS 3DEP Elevation Index MapServer/8 collect_start/collect_end
fl_peninsular_fdem_osceola_2018,2018,2019,FL_Peninsular_FDEM_Osceola_2018,216583,USGS 3DEP Elevation Index MapServer/8 collect_start/collect_end
fl_peninsular_fdem_palmbeach_2019,2019,2019,FL_Peninsular_FDEM_PalmBeach_2019,218816,USGS 3DEP Elevation Index MapServer/8 collect_start/collect_end
fl_peninsular_fdem_polk_2018,2018,2020,FL_Peninsular_FDEM_Polk_2018,227692,USGS 3DEP Elevation Index MapServer/8 collect_start/collect_end
fl_peninsular_fdem_sarasota_2018,2018,2019,FL_Peninsular_FDEM_Sarasota_2018,205791,USGS 3DEP Elevation Index MapServer/8 collect_start/collect_end
fl_peninsular_fdem_stjohns_2018,2018,2019,FL_Peninsular_FDEM_StJohns_2018,205788,USGS 3DEP Elevation Index MapServer/8 collect_start/collect_end
fl_peninsular_fdem_stlucie_2018,2018,2019,FL_Peninsular_FDEM_StLucie_2018,216554,USGS 3DEP Elevation Index MapServer/8 collect_start/collect_end
fl_peninsular_fdem_suwannee_2018,2019,2020,FL_Peninsular_FDEM_Suwannee_2018,222554,USGS 3DEP Elevation Index MapServer/8 collect_start/collect_end
fl_peninsular_fdem_taylor_2018,2019,2020,FL_Peninsular_FDEM_Taylor_2018,226570,USGS 3DEP Elevation Index MapServer/8 collect_start/collect_end
fl_peninsular_fdem_union_2018,2018,2020,FL_Peninsular_FDEM_Union_2018,221297,USGS 3DEP Elevation Index MapServer/8 collect_start/collect_end
fl_peninsular_flagler_2019,2019,2019,FL_Peninsular_Flagler_2019,198600,USGS 3DEP Elevation Index MapServer/8 collect_start/collect_end
fl_peninsular_hernando_2019,2019,2019,FL_Peninsular_Hernando_2019,187421,USGS 3DEP Elevation Index MapServer/8 collect_start/collect_end
fl_peninsular_lake_2018,2018,2019,FL_Peninsular_Lake_2018,220383,USGS 3DEP Elevation Index MapServer/8 collect_start/collect_end
fl_peninsular_levy_2018,2018,2019,FL_Peninsular_Levy_2018,191737,USGS 3DEP Elevation Index MapServer/8 collect_start/collect_end
fl_peninsular_marion_2018,2018,2019,FL_Peninsular_Marion_2018,226152,USGS 3DEP Elevation Index MapServer/8 collect_start/collect_end
fl_peninsular_pinellas_2018,2018,2019,FL_Peninsular_Pinellas_2018,80597,USGS 3DEP Elevation Index MapServer/8 collect_start/collect_end
fl_peninsular_putnam_2018,2019,2019,FL_Peninsular_Putnam_2018,223540,USGS 3DEP Elevation Index MapServer/8 collect_start/collect_end
fl_peninsular_seminole_2018,2018,2019,FL_Peninsular_Seminole_2018,194471,USGS 3DEP Elevation Index MapServer/8 collect_start/collect_end
fl_peninsular_sumter_2018,2019,2019,FL_Peninsular_Sumter_2018,80605,USGS 3DEP Elevation Index MapServer/8 collect_start/collect_end
fl_peninsular_volusia_2018,2018,2019,FL_Peninsular_Volusia_2018,195059,USGS 3DEP Elevation Index MapServer/8 collect_start/collect_end
fl_pinellasco_2007,2007,2007,FL_PINELLASCO_2007,-1228,USGS 3DEP Elevation Index MapServer/8 collect_start/collect_end
fl_polkco_2005_2007,2005,2007,FL_POLKCO_2005_2007,-1229,USGS 3DEP Elevation Index MapServer/8 collect_start/collect_end
fl_sarasota_2004,2004,2004,FL_SARASOTA_2004,-1230,USGS 3DEP Elevation Index MapServer/8 collect_start/collect_end
fl_sarasota_2007,2007,2007,FL_SARASOTA_2007,-1231,USGS 3DEP Elevation Index MapServer/8 collect_start/collect_end
fl_southeast_b1_2018,2018,2018,FL_Southeast_B1_2018,78941,USGS 3DEP Elevation Index MapServer/8 collect_start/collect_end
fl_southeast_b2_2018,2018,2018,FL_Southeast_B2_2018,78947,USGS 3DEP Elevation Index MapServer/8 collect_start/collect_end
fl_southeast_tl_2018,2018,2018,FL_Southeast_TL_2018,184253,USGS 3DEP Elevation Index MapServer/8 collect_start/collect_end
fl_southwest_a_2018,2018,2018,FL_Southwest_A_2018,79013,USGS 3DEP Elevation Index MapServer/8 collect_start/collect_end
fl_southwest_b_2018,2018,2018,FL_Southwest_B_2018,79019,USGS 3DEP Elevation Index MapServer/8 collect_start/collect_end
fl_southwest_b_tl_2018,2018,2019,FL_Southwest_B_TL_2018,181301,USGS 3DEP Elevation Index MapServer/8 collect_start/collect_end
fl_srwmd_nc_2015,2015,2016,FL_SRWMD_NC_2015,69492,USGS 3DEP Elevation Index MapServer/8 collect_start/collect_end
fl_stjohnsco_2008,2008,2008,FL_STJOHNSCO_2008,-1232,USGS 3DEP Elevation Index MapServer/8 collect_start/collect_end
fl_stjohnsriver_wmd_2012,2012,2012,FL_STJOHNSRIVER_WMD_2012,-1233,USGS 3DEP Elevation Index MapServer/8 collect_start/collect_end
fl_suwannee_ncentral_2014,2014,2014,FL_Suwannee_NCentral_2014,9647,USGS 3DEP Elevation Index MapServer/8 collect_start/collect_end
fl_suwanneeriver_2012,2012,2012,FL_SUWANNEERIVER_2012,623,USGS 3DEP Elevation Index MapServer/8 collect_start/collect_end
fl_suwanneeriver_2013,2013,2013,FL_SUWANNEERIVER_2013,1570,USGS 3DEP Elevation Index MapServer/8 collect_start/collect_end
fl_suwanneeriver_2017,2017,2017,FL_SuwanneeRiver_2017,59003,USGS 3DEP Elevation Index MapServer/8 collect_start/collect_end
fl_suwanneeriver_area1_2013,2013,2013,FL_SUWANNEERIVER_AREA1_2013,4049,USGS 3DEP Elevation Index MapServer/8 collect_start/collect_end
fl_suwanneeriver_area2_2013,2013,2013,FL_SUWANNEERIVER_AREA2_2013,4040,USGS 3DEP Elevation Index MapServer/8 collect_start/collect_end
fl_suwanneeriver_area3_2013,2013,2013,FL_SUWANNEERIVER_AREA3_2013,300981,USGS 3DEP Elevation Index MapServer/8 collect_start/collect_end
fl_suwanneeriver_area4_2013,2013,2013,FL_SUWANNEERIVER_AREA4_2013,4046,USGS 3DEP Elevation Index MapServer/8 collect_start/collect_end
fl_suwanneeriver_fy12_area4_5_2013,2013,2013,FL_SUWANNEERIVER_FY12_AREA4_5_2013,1576,USGS 3DEP Elevation Index MapServer/8 collect_start/collect_end
fl_suwanneeriver_north_2011,2011,2011,FL_SUWANNEERIVER_NORTH_2011,-1235,USGS 3DEP Elevation Index MapServer/8 collect_start/collect_end
fl_suwanneeriver_west_2011,2011,2011,FL_SUWANNEERIVER_WEST_2011,-1236,USGS 3DEP Elevation Index MapServer/8 collect_start/collect_end
fl_topobathyflkeysnoaa_hydroflattened_2019,2018,2019,FL_TopobathyFLKeysNOAA_Hydroflattened_2019,196328,USGS 3DEP Elevation Index MapServer/8 collect_start/collect_end
fl_upper_saint_johns_2017,2018,2018,FL_Upper_Saint_Johns_2017,74154,USGS 3DEP Elevation Index MapServer/8 collect_start/collect_end
fl_volusiacounty_2006,2006,2006,FL_VOLUSIACOUNTY_2006,-1237,USGS 3DEP Elevation Index MapServer/8 collect_start/collect_end
fl_waltonafb_2006_2008,2006,2008,FL_WALTONAFB_2006_2008,-1238,USGS 3DEP Elevation Index MapServer/8 collect_start/collect_end
fl_waltonco_2006,2006,2006,FL_WALTONCO_2006,-1239,USGS 3DEP Elevation Index MapServer/8 collect_start/collect_end
fl_washingtoncounty_2007,2007,2007,FL_WASHINGTONCOUNTY_2007,-1240,USGS 3DEP Elevation Index MapServer/8 collect_start/collect_end
fl_weekiwacheesprings_2005,2005,2005,FL_WEEKIWACHEESPRINGS_2005,-1241,USGS 3DEP Elevation Index MapServer/8 collect_start/collect_end
fl_westevergladesnp_hydroflattened_2018,2019,2019,FL_WestEvergladesNP_hydroflattened_2018,300229,USGS 3DEP Elevation Index MapServer/8 collect_start/collect_end
fl_westevergladesnp_topobathymetric_2018,2019,2019,FL_WestEvergladesNP_topobathymetric_2018,78906,USGS 3DEP Elevation Index MapServer/8 collect_start/collect_end
ga_9county_1_d24,2024,2024,GA_9County_1_D24,300845,USGS 3DEP Elevation Index MapServer/8 collect_start/collect_end
ga_banksco_2009,2009,2009,GA_BANKSCO_2009,-1242,USGS 3DEP Elevation Index MapServer/8 collect_start/collect_end
ga_bibb_jasper_jones_monroe_2010,2010,2010,GA_BIBB_JASPER_JONES_MONROE_2010,1710,USGS 3DEP Elevation Index MapServer/8 collect_start/collect_end
ga_bryan_county_2010,2010,2010,GA_BRYAN_COUNTY_2010,301025,USGS 3DEP Elevation Index MapServer/8 collect_start/collect_end
ga_camden_county_2010,2010,2010,GA_CAMDEN_COUNTY_2010,301028,USGS 3DEP Elevation Index MapServer/8 collect_start/collect_end
ga_carroll_2010,2010,2010,GA_CARROLL_2010,-1246,USGS 3DEP Elevation Index MapServer/8 collect_start/collect_end
ga_central_1_2019,2019,2020,GA_Central_1_2019,183176,USGS 3DEP Elevation Index MapServer/8 collect_start/collect_end
ga_central_2_2019,2020,2020,GA_Central_2_2019,183296,USGS 3DEP Elevation Index MapServer/8 collect_start/collect_end
ga_central_3_2019,2020,2020,GA_Central_3_2019,217457,USGS 3DEP Elevation Index MapServer/8 collect_start/collect_end
ga_central_4_2019,2020,2020,GA_Central_4_2019,223562,USGS 3DEP Elevation Index MapServer/8 collect_start/collect_end
ga_central_5_2019,2019,2020,GA_Central_5_2019,231249,USGS 3DEP Elevation Index MapServer/8 collect_start/collect_end
ga_central_6_2019,2020,2020,GA_Central_6_2019,300006,USGS 3DEP Elevation Index MapServer/8 collect_start/collect_end
ga_charlton_brantley_camden_2010,2010,2010,GA_CHARLTON_BRANTLEY_CAMDEN_2010,1706,USGS 3DEP Elevation Index MapServer/8 collect_start/collect_end
ga_dade_walkerco_2007,2007,2007,GA_DADE_WALKERCO_2007,-1248,USGS 3DEP Elevation Index MapServer/8 collect_start/collect_end
ga_dekalbco_2010,2010,2010,GA_DEKALBCO_2010,-1249,USGS 3DEP Elevation Index MapServer/8 collect_start/collect_end
ga_effingham_screven_bulloch_2010,2010,2010,GA_EFFINGHAM_SCREVEN_BULLOCH_2010,422,USGS 3DEP Elevation Index MapServer/8 collect_start/collect_end
ga_forsythco_2009,2009,2009,GA_FORSYTHCO_2009,-1251,USGS 3DEP Elevation Index MapServer/8 collect_start/collect_end
ga_franklinco_2009,2009,2009,GA_FRANKLINCO_2009,-1252,USGS 3DEP Elevation Index MapServer/8 collect_start/collect_end
ga_fultonco_2006,2006,2006,GA_FULTONCO_2006,-1253,USGS 3DEP Elevation Index MapServer/8 collect_start/collect_end
ga_georgia_a1_2016,2016,2017,GA_Georgia_A1_2016,48747,USGS 3DEP Elevation Index MapServer/8 collect_start/collect_end
ga_georgia_a2_2016,2016,2017,GA_Georgia_A2_2016,72317,USGS 3DEP Elevation Index MapServer/8 collect_start/collect_end
ga_georgia_a3_2016,2016,2017,GA_Georgia_A3_2016,75184,USGS 3DEP Elevation Index MapServer/8 collect_start/collect_end
ga_harris_county_2010,2010,2010,GA_HARRIS_COUNTY_2010,301031,USGS 3DEP Elevation Index MapServer/8 collect_start/collect_end
ga_heard_county_2010,2010,2010,GA_HEARD_COUNTY_2010,301030,USGS 3DEP Elevation Index MapServer/8 collect_start/collect_end
ga_hurricanehelene_3_d25,2025,2025,GA_HurricaneHelene_3_D25,301224,USGS 3DEP Elevation Index MapServer/8 collect_start/collect_end
ga_mcintosh_county_2010,2010,2010,GA_MCINTOSH_COUNTY_2010,301027,USGS 3DEP Elevation Index MapServer/8 collect_start/collect_end
ga_potatocreek_2009,2009,2009,GA_POTATOCREEK_2009,-1257,USGS 3DEP Elevation Index MapServer/8 collect_start/collect_end
ga_spalding_2010,2010,2010,GA_SPALDING_2010,-1258,USGS 3DEP Elevation Index MapServer/8 collect_start/collect_end
ga_statewide_10_2018,2019,2019,GA_Statewide_10_2018,228120,USGS 3DEP Elevation Index MapServer/8 collect_start/collect_end
ga_statewide_11_2018,2019,2019,GA_Statewide_11_2018,228868,USGS 3DEP Elevation Index MapServer/8 collect_start/collect_end
ga_statewide_12_2018,2019,2019,GA_Statewide_12_2018,229004,USGS 3DEP Elevation Index MapServer/8 collect_start/collect_end
ga_statewide_9_2018,2018,2019,GA_Statewide_9_2018,225089,USGS 3DEP Elevation Index MapServer/8 collect_start/collect_end
ga_statewide_b1_2018,2019,2019,GA_Statewide_B1_2018,80570,USGS 3DEP Elevation Index MapServer/8 collect_start/collect_end
ga_statewide_b2_2018,2019,2019,GA_Statewide_B2_2018,191715,USGS 3DEP Elevation Index MapServer/8 collect_start/collect_end
ga_statewide_b3_2018,2019,2019,GA_Statewide_B3_2018,193380,USGS 3DEP Elevation Index MapServer/8 collect_start/collect_end
ga_statewide_b4_2018,2019,2019,GA_Statewide_B4_2018,195178,USGS 3DEP Elevation Index MapServer/8 collect_start/collect_end
ga_statewide_b5_2018,2019,2019,GA_Statewide_B5_2018,195184,USGS 3DEP Elevation Index MapServer/8 collect_start/collect_end
ga_statewide_b6_2018,2018,2019,GA_Statewide_B6_2018,215374,USGS 3DEP Elevation Index MapServer/8 collect_start/collect_end
ga_statewide_b7_2018,2018,2019,GA_Statewide_B7_2018,220595,USGS 3DEP Elevation Index MapServer/8 collect_start/collect_end
ga_statewide_b8_2018,2018,2019,GA_Statewide_B8_2018,222860,USGS 3DEP Elevation Index MapServer/8 collect_start/collect_end
ga_stephensco_2009,2009,2009,GA_STEPHENSCO_2009,-1259,USGS 3DEP Elevation Index MapServer/8 collect_start/collect_end
ga_sw_georgia_b1a_2017,2017,2017,GA_SW_Georgia_B1a_2017,70858,USGS 3DEP Elevation Index MapServer/8 collect_start/collect_end
ga_sw_georgia_b1b_2017,2017,2017,GA_SW_Georgia_B1b_2017,80062,USGS 3DEP Elevation Index MapServer/8 collect_start/collect_end
ga_sw_georgia_b2_2017,2017,2018,GA_SW_Georgia_B2_2017,70866,USGS 3DEP Elevation Index MapServer/8 collect_start/collect_end
ga_sw_georgia_b4_2017,2021,2021,GA_SW_Georgia_B4_2017,70872,USGS 3DEP Elevation Index MapServer/8 collect_start/collect_end
ga_sw_georgia_b5_2017,2021,2021,GA_SW_Georgia_B5_2017,195779,USGS 3DEP Elevation Index MapServer/8 collect_start/collect_end
ga_walton_county_2010,2010,2010,GA_WALTON_COUNTY_2010,301029,USGS 3DEP Elevation Index MapServer/8 collect_start/collect_end
ga_wayne_long_mcintosh_2010,2010,2010,GA_WAYNE_LONG_MCINTOSH_2010,301026,USGS 3DEP Elevation Index MapServer/8 collect_start/collect_end
ga_wayneco_2010,2010,2010,GA_WAYNECO_2010,-1261,USGS 3DEP Elevation Index MapServer/8 collect_start/collect_end
guam_2012,2012,2013,GUAM_2012,434,USGS 3DEP Elevation Index MapServer/8 collect_start/collect_end
hi_femar9kauai_bathymetric_d19,2019,2021,HI_FEMAR9Kauai_Bathymetric_D19,182732,USGS 3DEP Elevation Index MapServer/8 collect_start/collect_end
hi_femar9kauai_topo_d19,2019,2021,HI_FEMAR9Kauai_Topo_D19,182558,USGS 3DEP Elevation Index MapServer/8 collect_start/collect_end
hi_hawaii_island_2017,2018,2020,HI_Hawaii_Island_2017,74161,USGS 3DEP Elevation Index MapServer/8 collect_start/collect_end
hi_noaamauioahu_1_b20,2022,2023,HI_NOAAMauiOahu_1_B20,198372,USGS 3DEP Elevation Index MapServer/8 collect_start/collect_end
hi_noaamauioahu_2_b20,2023,2023,HI_NOAAMauiOahu_2_B20,300627,USGS 3DEP Elevation Index MapServer/8 collect_start/collect_end
hi_noaamauioahu_3_b20,2023,2023,HI_NOAAMauiOahu_3_B20,300628,USGS 3DEP Elevation Index MapServer/8 collect_start/collect_end
hi_oahu_2012,2013,2013,HI_Oahu_2012,4257,USGS 3DEP Elevation Index MapServer/8 collect_start/collect_end
hi_volcano_b1_2019,2019,2019,HI_Volcano_B1_2019,177105,USGS 3DEP Elevation Index MapServer/8 collect_start/collect_end
ia_eastern_1_2019,2019,2020,IA_Eastern_1_2019,175693,USGS 3DEP Elevation Index MapServer/8 collect_start/collect_end
ia_eastern_2_2019,2019,2020,IA_Eastern_2_2019,300007,USGS 3DEP Elevation Index MapServer/8 collect_start/collect_end
ia_eastern_3_2019,2019,2020,IA_Eastern_3_2019,300009,USGS 3DEP Elevation Index MapServer/8 collect_start/collect_end
ia_northcentral_1_2020,2020,2020,IA_NorthCentral_1_2020,190799,USGS 3DEP Elevation Index MapServer/8 collect_start/collect_end
ia_northcentral_2_2020,2020,2020,IA_NorthCentral_2_2020,219327,USGS 3DEP Elevation Index MapServer/8 collect_start/collect_end
ia_northcentral_3_2020,2020,2020,IA_NorthCentral_3_2020,219975,USGS 3DEP Elevation Index MapServer/8 collect_start/collect_end
ia_southcentral_1_2020,2020,2020,IA_SouthCentral_1_2020,190534,USGS 3DEP Elevation Index MapServer/8 collect_start/collect_end
ia_southcentral_2_2020,2020,2020,IA_SouthCentral_2_2020,213956,USGS 3DEP Elevation Index MapServer/8 collect_start/collect_end
ia_southcentral_3_2020,2020,2020,IA_SouthCentral_3_2020,223685,USGS 3DEP Elevation Index MapServer/8 collect_start/collect_end
ia_statewide_2008,2007,2010,IA_STATEWIDE_2008,-1264,USGS 3DEP Elevation Index MapServer/8 collect_start/collect_end
ia_western_1_2020,2020,2021,IA_Western_1_2020,212607,USGS 3DEP Elevation Index MapServer/8 collect_start/collect_end
ia_western_2_2020,2020,2021,IA_Western_2_2020,224117,USGS 3DEP Elevation Index MapServer/8 collect_start/collect_end
ia_western_3_2020,2020,2021,IA_Western_3_2020,224114,USGS 3DEP Elevation Index MapServer/8 collect_start/collect_end
id_2020tetoncountycp_d25,2020,2020,ID_2020TetonCountyCP_D25,301108,USGS 3DEP Elevation Index MapServer/8 collect_start/collect_end
id_2023blainecaribou_1_c25,2023,2023,ID_2023BlaineCaribou_1_C25,301115,USGS 3DEP Elevation Index MapServer/8 collect_start/collect_end
id_2023blainecaribou_2_c25,2023,2023,ID_2023BlaineCaribou_2_C25,301245,USGS 3DEP Elevation Index MapServer/8 collect_start/collect_end
id_adamsco_1_2019,2019,2020,ID_AdamsCo_1_2019,183168,USGS 3DEP Elevation Index MapServer/8 collect_start/collect_end
id_adamsco_2_2019,2019,2020,ID_AdamsCo_2_2019,217237,USGS 3DEP Elevation Index MapServer/8 collect_start/collect_end
id_birchcreek_2002,2002,2002,ID_BIRCHCREEK_2002,-1265,USGS 3DEP Elevation Index MapServer/8 collect_start/collect_end
id_boise_2003,2003,2003,ID_BOISE_2003,-1266,USGS 3DEP Elevation Index MapServer/8 collect_start/collect_end
id_cityofrocks_2011,2011,2011,ID_CITYOFROCKS_2011,319,USGS 3DEP Elevation Index MapServer/8 collect_start/collect_end
id_clearcreek_2009,2009,2009,ID_CLEARCREEK_2009,-1268,USGS 3DEP Elevation Index MapServer/8 collect_start/collect_end
id_clearwater_d1_2010,2010,2010,ID_Clearwater_d1_2010,2728,USGS 3DEP Elevation Index MapServer/8 collect_start/collect_end
id_coeurdalene_2009,2009,2009,ID_COEURDALENE_2009,-1269,USGS 3DEP Elevation Index MapServer/8 collect_start/collect_end
id_deception_2011,2011,2011,ID_DECEPTION_2011,2653,USGS 3DEP Elevation Index MapServer/8 collect_start/collect_end
id_drycreek_2007,2007,2007,ID_DRYCREEK_2007,-1271,USGS 3DEP Elevation Index MapServer/8 collect_start/collect_end
id_elk_2011,2011,2011,ID_ELK_2011,2672,USGS 3DEP Elevation Index MapServer/8 collect_start/collect_end
id_emeraldcreek_2004,2016,2016,ID_EmeraldCreek_2004,14935,USGS 3DEP Elevation Index MapServer/8 collect_start/collect_end
id_femahq_2018,2018,2018,ID_FEMAHQ_2018,78925,USGS 3DEP Elevation Index MapServer/8 collect_start/collect_end
id_franklin_bear_2017,2017,2017,ID_Franklin_Bear_2017,74170,USGS 3DEP Elevation Index MapServer/8 collect_start/collect_end
id_jackwaite_2007,2016,2016,ID_Jackwaite_2007,14937,USGS 3DEP Elevation Index MapServer/8 collect_start/collect_end
id_junipermtn_2008,2008,2008,ID_JUNIPERMTN_2008,-1273,USGS 3DEP Elevation Index MapServer/8 collect_start/collect_end
id_kootenairiver_2017,2017,2017,ID_KootenaiRiver_2017,74176,USGS 3DEP Elevation Index MapServer/8 collect_start/collect_end
id_kootenairiver_tl_2017,2017,2017,ID_KootenaiRiver_TL_2017,190221,USGS 3DEP Elevation Index MapServer/8 collect_start/collect_end
id_laundry_china_osier_2010,2010,2010,ID_LAUNDRY_CHINA_OSIER_2010,2678,USGS 3DEP Elevation Index MapServer/8 collect_start/collect_end
id_moscowmountain_2003,2003,2003,ID_MoscowMountain_2003,14939,USGS 3DEP Elevation Index MapServer/8 collect_start/collect_end
id_musselshell_2011,2011,2011,ID_MUSSELSHELL_2011,2684,USGS 3DEP Elevation Index MapServer/8 collect_start/collect_end
id_ncentral_1_d22,2023,2023,ID_NCentral_1_D22,300600,USGS 3DEP Elevation Index MapServer/8 collect_start/collect_end
id_ncentral_2_d22,2023,2023,ID_NCentral_2_D22,300601,USGS 3DEP Elevation Index MapServer/8 collect_start/collect_end
id_ncentral_3_d22,2023,2024,ID_NCentral_3_D22,300602,USGS 3DEP Elevation Index MapServer/8 collect_start/collect_end
id_ncentral_4_d22,2023,2023,ID_NCentral_4_D22,300603,USGS 3DEP Elevation Index MapServer/8 collect_start/collect_end
id_ncentral_5_d22,2023,2023,ID_NCentral_5_D22,300604,USGS 3DEP Elevation Index MapServer/8 collect_start/collect_end
id_ncentral_6_d22,2023,2023,ID_NCentral_6_D22,300605,USGS 3DEP Elevation Index MapServer/8 collect_start/collect_end
id_nez_perce_ql1_tl_2016,2016,2016,ID_Nez_Perce_QL1_TL_2016,178236,USGS 3DEP Elevation Index MapServer/8 collect_start/collect_end
id_nez_perce_ql2_tl_2016,2016,2016,ID_Nez_Perce_QL2_TL_2016,178257,USGS 3DEP Elevation Index MapServer/8 collect_start/collect_end
id_nezperce_ql1_2016,2016,2016,ID_NezPerce_QL1_2016,59013,USGS 3DEP Elevation Index MapServer/8 collect_start/collect_end
id_nezperce_ql2_2016,2016,2016,ID_NezPerce_QL2_2016,59019,USGS 3DEP Elevation Index MapServer/8 collect_start/collect_end
id_northernid_1_2019,2019,2020,ID_NorthernID_1_2019,183388,USGS 3DEP Elevation Index MapServer/8 collect_start/collect_end
id_northernid_2_2019,2019,2020,ID_NorthernID_2_2019,222491,USGS 3DEP Elevation Index MapServer/8 collect_start/collect_end
id_northforkpayette_1_2020,2020,2020,ID_NorthForkPayette_1_2020,197398,USGS 3DEP Elevation Index MapServer/8 collect_start/collect_end
id_payette_nf_ql1_2017,2017,2017,ID_Payette_NF_QL1_2017,73833,USGS 3DEP Elevation Index MapServer/8 collect_start/collect_end
id_payette_nf_ql1_he_2017,2017,2017,ID_Payette_NF_QL1_HE_2017,77423,USGS 3DEP Elevation Index MapServer/8 collect_start/collect_end
id_payette_nf_ql2_2017,2017,2017,ID_Payette_NF_QL2_2017,73839,USGS 3DEP Elevation Index MapServer/8 collect_start/collect_end
id_pocatello_2005,2005,2005,ID_POCATELLO_2005,-1276,USGS 3DEP Elevation Index MapServer/8 collect_start/collect_end
id_potlatch_2011,2011,2011,ID_POTLATCH_2011,2686,USGS 3DEP Elevation Index MapServer/8 collect_start/collect_end
id_powell_2011,2011,2011,ID_POWELL_2011,2688,USGS 3DEP Elevation Index MapServer/8 collect_start/collect_end
id_priest_2011,2011,2011,ID_PRIEST_2011,2690,USGS 3DEP Elevation Index MapServer/8 collect_start/collect_end
id_reynoldscreek_2007,2007,2007,ID_REYNOLDSCREEK_2007,-1280,USGS 3DEP Elevation Index MapServer/8 collect_start/collect_end
id_reynoldscreek_2009,2009,2009,ID_REYNOLDSCREEK_2009,-1281,USGS 3DEP Elevation Index MapServer/8 collect_start/collect_end
id_saintjoe_2003,2003,2003,ID_SaintJoe_2003,14941,USGS 3DEP Elevation Index MapServer/8 collect_start/collect_end
id_salmonfalls_2002,2002,2002,ID_SALMONFALLS_2002,-1282,USGS 3DEP Elevation Index MapServer/8 collect_start/collect_end
id_sheepstation_2002,2002,2002,ID_SHEEPSTATION_2002,-1283,USGS 3DEP Elevation Index MapServer/8 collect_start/collect_end
id_sheepstation_2005,2005,2005,ID_SHEEPSTATION_2005,-1284,USGS 3DEP Elevation Index MapServer/8 collect_start/collect_end
id_slatelolo_2006,2006,2006,ID_SlateLolo_2006,14951,USGS 3DEP Elevation Index MapServer/8 collect_start/collect_end
id_smithcreek_2007,2007,2007,ID_SMITHCREEK_2007,-1285,USGS 3DEP Elevation Index MapServer/8 collect_start/collect_end
id_southerngaps_1_d23,2023,2024,ID_SouthernGaps_1_D23,300437,USGS 3DEP Elevation Index MapServer/8 collect_start/collect_end
id_southerngaps_2_d23,2023,2024,ID_SouthernGaps_2_D23,300438,USGS 3DEP Elevation Index MapServer/8 collect_start/collect_end
id_southerngaps_3_d23,2023,2024,ID_SouthernGaps_3_D23,300539,USGS 3DEP Elevation Index MapServer/8 collect_start/collect_end
id_southernid_10_2018,2019,2020,ID_SouthernID_10_2018,300075,USGS 3DEP Elevation Index MapServer/8 collect_start/collect_end
id_southernid_11_2018,2019,2020,ID_SouthernID_11_2018,300076,USGS 3DEP Elevation Index MapServer/8 collect_start/collect_end
id_southernid_12_2018,2019,2020,ID_SouthernID_12_2018,300077,USGS 3DEP Elevation Index MapServer/8 collect_start/collect_end
id_southernid_13_2018,2020,2020,ID_SouthernID_13_2018,300187,USGS 3DEP Elevation Index MapServer/8 collect_start/collect_end
id_southernid_14_2018,2019,2020,ID_SouthernID_14_2018,300188,USGS 3DEP Elevation Index MapServer/8 collect_start/collect_end
id_southernid_15_2018,2019,2020,ID_SouthernID_15_2018,300189,USGS 3DEP Elevation Index MapServer/8 collect_start/collect_end
id_southernid_16_sa2_2018,2019,2020,ID_SouthernID_16_SA2_2018,300224,USGS 3DEP Elevation Index MapServer/8 collect_start/collect_end
id_southernid_17_2018,2019,2020,ID_SouthernID_17_2018,300225,USGS 3DEP Elevation Index MapServer/8 collect_start/collect_end
id_southernid_18_2018,2019,2020,ID_SouthernID_18_2018,300226,USGS 3DEP Elevation Index MapServer/8 collect_start/collect_end
id_southernid_19_2018,2019,2020,ID_SouthernID_19_2018,300227,USGS 3DEP Elevation Index MapServer/8 collect_start/collect_end
id_southernid_1_2018,2019,2020,ID_SouthernID_1_2018,186889,USGS 3DEP Elevation Index MapServer/8 collect_start/collect_end
id_southernid_20_2018,2019,2020,ID_SouthernID_20_2018,300228,USGS 3DEP Elevation Index MapServer/8 collect_start/collect_end
id_southernid_21_2018,2019,2020,ID_SouthernID_21_2018,300252,USGS 3DEP Elevation Index MapServer/8 collect_start/collect_end
id_southernid_22_2018,2019,2020,ID_SouthernID_22_2018,300254,USGS 3DEP Elevation Index MapServer/8 collect_start/collect_end
id_southernid_23_2018,2020,2023,ID_SouthernID_23_2018,300275,USGS 3DEP Elevation Index MapServer/8 collect_start/collect_end
id_southernid_24_2018,2019,2023,ID_SouthernID_24_2018,300277,USGS 3DEP Elevation Index MapServer/8 collect_start/collect_end
id_southernid_2_2018,2019,2020,ID_SouthernID_2_2018,186861,USGS 3DEP Elevation Index MapServer/8 collect_start/collect_end
id_southernid_3_sa2_2018,2019,2020,ID_SouthernID_3_SA2_2018,220565,USGS 3DEP Elevation Index MapServer/8 collect_start/collect_end
id_southernid_4_sa2_2018,2019,2020,ID_SouthernID_4_SA2_2018,230899,USGS 3DEP Elevation Index MapServer/8 collect_start/collect_end
id_southernid_5_2018,2019,2020,ID_SouthernID_5_2018,230902,USGS 3DEP Elevation Index MapServer/8 collect_start/collect_end
id_southernid_6_2018,2019,2019,ID_SouthernID_6_2018,230906,USGS 3DEP Elevation Index MapServer/8 collect_start/collect_end
id_southernid_7_sa1_2018,2020,2020,ID_SouthernID_7_SA1_2018,230909,USGS 3DEP Elevation Index MapServer/8 collect_start/collect_end
id_southernid_8_sa2_2018,2019,2020,ID_SouthernID_8_SA2_2018,300073,USGS 3DEP Elevation Index MapServer/8 collect_start/collect_end
id_southernid_9_2018,2019,2020,ID_SouthernID_9_2018,300074,USGS 3DEP Elevation Index MapServer/8 collect_start/collect_end
id_southmtn_2007,2007,2007,ID_SOUTHMTN_2007,-1286,USGS 3DEP Elevation Index MapServer/8 collect_start/collect_end
id_swanvalley_2002,2002,2002,ID_SWANVALLEY_2002,-1287,USGS 3DEP Elevation Index MapServer/8 collect_start/collect_end
id_usgstributary_2008,2008,2008,ID_USGSTRIBUTARY_2008,-1288,USGS 3DEP Elevation Index MapServer/8 collect_start/collect_end
id_waldeplacerpeteking_2010,2010,2010,ID_WALDEPLACERPETEKING_2010,2696,USGS 3DEP Elevation Index MapServer/8 collect_start/collect_end
il_10conrcs_1_d23,2023,2024,IL_10CoNRCS_1_D23,300580,USGS 3DEP Elevation Index MapServer/8 collect_start/collect_end
il_10conrcs_2_d23,2023,2024,IL_10CoNRCS_2_D23,300581,USGS 3DEP Elevation Index MapServer/8 collect_start/collect_end
il_10conrcs_3_d23,2023,2024,IL_10CoNRCS_3_D23,300582,USGS 3DEP Elevation Index MapServer/8 collect_start/collect_end
il_12_county_carollco_2009,2009,2009,IL_12_County_CarollCo_2009,6140,USGS 3DEP Elevation Index MapServer/8 collect_start/collect_end
il_12_county_champaignco_2008,2008,2008,IL_12_County_ChampaignCo_2008,13468,USGS 3DEP Elevation Index MapServer/8 collect_start/collect_end
il_12_county_grundyco_2008,2008,2008,IL_12_County_GrundyCo_2008,13475,USGS 3DEP Elevation Index MapServer/8 collect_start/collect_end
il_12_county_henryco_2009,2009,2009,IL_12_County_HenryCo_2009,13491,USGS 3DEP Elevation Index MapServer/8 collect_start/collect_end
il_12_county_kaneco_2008,2008,2008,IL_12_County_KaneCo_2008,13498,USGS 3DEP Elevation Index MapServer/8 collect_start/collect_end
il_12_county_ogleco_2008,2009,2009,IL_12_County_OgleCo_2008,13522,USGS 3DEP Elevation Index MapServer/8 collect_start/collect_end
il_12_county_stephenson_co_2009,2009,2009,IL_12_County_Stephenson_Co_2009,13543,USGS 3DEP Elevation Index MapServer/8 collect_start/collect_end
il_12counties_rock_islandco,2009,2009,Il_12Counties_Rock_IslandCo,13532,USGS 3DEP Elevation Index MapServer/8 collect_start/collect_end
il_19county_1_d24,2024,2024,IL_19County_1_D24,300853,USGS 3DEP Elevation Index MapServer/8 collect_start/collect_end
il_19county_2_d24,2024,2024,IL_19County_2_D24,300854,USGS 3DEP Elevation Index MapServer/8 collect_start/collect_end
il_19county_3_d24,2024,2026,IL_19County_3_D24,300855,USGS 3DEP Elevation Index MapServer/8 collect_start/collect_end
il_19county_4_d24,2024,2025,IL_19County_4_D24,300857,USGS 3DEP Elevation Index MapServer/8 collect_start/collect_end
il_19county_5_d24,2024,2025,IL_19County_5_D24,300858,USGS 3DEP Elevation Index MapServer/8 collect_start/collect_end
il_22county_1_d25,2025,2025,IL_22County_1_D25,301081,USGS 3DEP Elevation Index MapServer/8 collect_start/collect_end
il_22county_3_d25,2025,2025,IL_22County_3_D25,301083,USGS 3DEP Elevation Index MapServer/8 collect_start/collect_end
il_22county_5_d25,2025,2025,IL_22County_5_D25,301085,USGS 3DEP Elevation Index MapServer/8 collect_start/collect_end
il_4county_cook_2017,2017,2017,IL_4County_Cook_2017,79951,USGS 3DEP Elevation Index MapServer/8 collect_start/collect_end
il_4county_kane_2018,2017,2017,IL_4County_Kane_2018,170631,USGS 3DEP Elevation Index MapServer/8 collect_start/collect_end
il_4county_lake_2016,2017,2017,IL_4County_Lake_2016,81011,USGS 3DEP Elevation Index MapServer/8 collect_start/collect_end
il_4county_mchenry_2018,2017,2017,IL_4County_McHenry_2018,173377,USGS 3DEP Elevation Index MapServer/8 collect_start/collect_end
il_5county_kankakeeco_2014,2014,2014,IL_5County_KankakeeCo_2014,42257,USGS 3DEP Elevation Index MapServer/8 collect_start/collect_end
il_5county_marionco_2015,2015,2015,IL_5county_MarionCo_2015,41763,USGS 3DEP Elevation Index MapServer/8 collect_start/collect_end
il_5county_willco_2014,2014,2014,IL_5County_WillCo_2014,42142,USGS 3DEP Elevation Index MapServer/8 collect_start/collect_end
il_8county_b1_2020,2020,2020,IL_8County_B1_2020,192232,USGS 3DEP Elevation Index MapServer/8 collect_start/collect_end
il_8county_b2_2020,2020,2020,IL_8County_B2_2020,193826,USGS 3DEP Elevation Index MapServer/8 collect_start/collect_end
il_8county_pluschampaign_b1_2019,2019,2020,IL_8County_PlusChampaign_B1_2019,175710,USGS 3DEP Elevation Index MapServer/8 collect_start/collect_end
il_8county_pluschampaign_b2_2019,2019,2020,IL_8County_PlusChampaign_B2_2019,176488,USGS 3DEP Elevation Index MapServer/8 collect_start/collect_end
il_8county_pluschampaign_b3_ql1_2019,2019,2019,IL_8County_PlusChampaign_B3_QL1_2019,176491,USGS 3DEP Elevation Index MapServer/8 collect_start/collect_end
il_8county_pluschampaign_b4_2019,2019,2020,IL_8County_PlusChampaign_B4_2019,216347,USGS 3DEP Elevation Index MapServer/8 collect_start/collect_end
il_bondco_2015,2015,2015,IL_BondCo_2015,41135,USGS 3DEP Elevation Index MapServer/8 collect_start/collect_end
il_boone_2018,2011,2018,IL_Boone_2018,172959,USGS 3DEP Elevation Index MapServer/8 collect_start/collect_end
il_booneco_2007,2007,2007,IL_BOONECO_2007,-1290,USGS 3DEP Elevation Index MapServer/8 collect_start/collect_end
il_bureauco_2015,2015,2015,IL_BureauCo_2015,69468,USGS 3DEP Elevation Index MapServer/8 collect_start/collect_end
il_casscounty_2017,2017,2017,IL_CassCounty_2017,76851,USGS 3DEP Elevation Index MapServer/8 collect_start/collect_end
il_champaignco_2008,2008,2008,IL_CHAMPAIGNCO_2008,-1291,USGS 3DEP Elevation Index MapServer/8 collect_start/collect_end
il_christianco_2014,2014,2015,IL_ChristianCo_2014,19739,USGS 3DEP Elevation Index MapServer/8 collect_start/collect_end
il_clintonco_2015,2015,2015,IL_ClintonCo_2015,42261,USGS 3DEP Elevation Index MapServer/8 collect_start/collect_end
il_district4_fulton_2014,2011,2012,IL_District4_Fulton_2014,62813,USGS 3DEP Elevation Index MapServer/8 collect_start/collect_end
il_district4_henderson_2014,2011,2012,IL_District4_Henderson_2014,62831,USGS 3DEP Elevation Index MapServer/8 collect_start/collect_end
il_district4_knox_2014,2011,2012,IL_District4_Knox_2014,63139,USGS 3DEP Elevation Index MapServer/8 collect_start/collect_end
il_district4_marshal_2014,2011,2012,IL_District4_Marshal_2014,62816,USGS 3DEP Elevation Index MapServer/8 collect_start/collect_end
il_district4_mcdonough_2014,2018,2018,IL_District4_McDonough_2014,62902,USGS 3DEP Elevation Index MapServer/8 collect_start/collect_end
il_district4_mercer_2014,2011,2012,IL_District4_Mercer_2014,62819,USGS 3DEP Elevation Index MapServer/8 collect_start/collect_end
il_district4_peoria_2014,2011,2012,IL_District4_Peoria_2014,26337,USGS 3DEP Elevation Index MapServer/8 collect_start/collect_end
il_district4_putnam_2014,2011,2012,IL_District4_Putnam_2014,62822,USGS 3DEP Elevation Index MapServer/8 collect_start/collect_end
il_district4_stark_2014,2011,2012,IL_District4_Stark_2014,62905,USGS 3DEP Elevation Index MapServer/8 collect_start/collect_end
il_district4_tazewell_2014,2011,2012,IL_District4_Tazewell_2014,62825,USGS 3DEP Elevation Index MapServer/8 collect_start/collect_end
il_district4_warren_2014,2018,2018,IL_District4_Warren_2014,62908,USGS 3DEP Elevation Index MapServer/8 collect_start/collect_end
il_district4_woodford_2014,2011,2012,IL_District4_Woodford_2014,62828,USGS 3DEP Elevation Index MapServer/8 collect_start/collect_end
il_district5_douglasco_2012,2012,2012,IL_District5_DouglasCo_2012,62930,USGS 3DEP Elevation Index MapServer/8 collect_start/collect_end
il_district7_clark_2014,2010,2011,IL_District7_Clark_2014,26343,USGS 3DEP Elevation Index MapServer/8 collect_start/collect_end
il_district7_coles_2014,2012,2012,IL_District7_Coles_2014,62654,USGS 3DEP Elevation Index MapServer/8 collect_start/collect_end
il_district7_crawford_2014,2010,2011,IL_District7_Crawford_2014,62657,USGS 3DEP Elevation Index MapServer/8 collect_start/collect_end
il_district7_cumberland_2014,2010,2011,IL_District7_Cumberland_2014,62660,USGS 3DEP Elevation Index MapServer/8 collect_start/collect_end
il_district7_edwards_2014,2012,2012,IL_District7_Edwards_2014,62663,USGS 3DEP Elevation Index MapServer/8 collect_start/collect_end
il_district7_effingham_2014,2010,2011,IL_District7_Effingham_2014,62666,USGS 3DEP Elevation Index MapServer/8 collect_start/collect_end
il_district7_fayette_2014,2010,2011,IL_District7_Fayette_2014,62669,USGS 3DEP Elevation Index MapServer/8 collect_start/collect_end
il_district7_lawrence_2014,2010,2011,IL_District7_Lawrence_2014,62675,USGS 3DEP Elevation Index MapServer/8 collect_start/collect_end
il_district7_macon_2014,2012,2012,IL_District7_Macon_2014,62678,USGS 3DEP Elevation Index MapServer/8 collect_start/collect_end
il_district7_moultrie_2014,2012,2012,IL_District7_Moultrie_2014,62681,USGS 3DEP Elevation Index MapServer/8 collect_start/collect_end
il_district7_richland_2014,2010,2011,IL_District7_Richland_2014,62684,USGS 3DEP Elevation Index MapServer/8 collect_start/collect_end
il_district7_shelby_2014,2012,2012,IL_District7_Shelby_2014,62687,USGS 3DEP Elevation Index MapServer/8 collect_start/collect_end
il_district7_wabash_2014,2012,2012,IL_District7_Wabash_2014,62690,USGS 3DEP Elevation Index MapServer/8 collect_start/collect_end
il_district7_wayne_2014,2012,2012,IL_District7_Wayne_2014,62693,USGS 3DEP Elevation Index MapServer/8 collect_start/collect_end
il_dot_district5_dewittco_2012,2012,2012,IL_DOT_District5_DewittCo_2012,67357,USGS 3DEP Elevation Index MapServer/8 collect_start/collect_end
il_dot_district5_edgarco_2012,2012,2012,IL_DOT_District5_EdgarCo_2012,62933,USGS 3DEP Elevation Index MapServer/8 collect_start/collect_end
il_dot_district5_mcleanco_2012,2012,2012,IL_DOT_District5_McleanCo_2012,62936,USGS 3DEP Elevation Index MapServer/8 collect_start/collect_end
il_dot_district5_piattco_2012,2012,2012,IL_DOT_District5_PiattCo_2012,62965,USGS 3DEP Elevation Index MapServer/8 collect_start/collect_end
il_dot_district5_vermilionco_2012,2012,2012,IL_DOT_District5_VermilionCo_2012,62980,USGS 3DEP Elevation Index MapServer/8 collect_start/collect_end
il_dot_district_7_lidar,2012,2012,IL_DOT_District_7_LiDAR,51569,USGS 3DEP Elevation Index MapServer/8 collect_start/collect_end
il_fordiroquoislivingston_l1_2014,2015,2015,IL_FordIroquoisLivingston_L1_2014,71079,USGS 3DEP Elevation Index MapServer/8 collect_start/collect_end
il_fordiroquoislivingston_l2_2014,2015,2015,IL_FordIroquoisLivingston_L2_2014,71094,USGS 3DEP Elevation Index MapServer/8 collect_start/collect_end
il_fordiroquoislivingston_l3_2014,2015,2015,IL_FordIroquoisLivingston_L3_2014,71107,USGS 3DEP Elevation Index MapServer/8 collect_start/collect_end
il_fordiroquoislivingston_l4_2014,2015,2015,IL_FordIroquoisLivingston_L4_2014,71120,USGS 3DEP Elevation Index MapServer/8 collect_start/collect_end
il_franklinco_2014,2014,2014,IL_FranklinCo_2014,26355,USGS 3DEP Elevation Index MapServer/8 collect_start/collect_end
il_grnmacmont_2017,2017,2017,IL_GrnMacMont_2017,76979,USGS 3DEP Elevation Index MapServer/8 collect_start/collect_end
il_hancockco_2017,2017,2017,IL_HancockCo_2017,76996,USGS 3DEP Elevation Index MapServer/8 collect_start/collect_end
il_hardin_2014,2014,2014,IL_Hardin_2014,33926,USGS 3DEP Elevation Index MapServer/8 collect_start/collect_end
il_henryco_2009,2009,2009,IL_HENRYCO_2009,-1292,USGS 3DEP Elevation Index MapServer/8 collect_start/collect_end
il_hicksdome_fluorspardist_2_2019,2020,2020,IL_HicksDome_FluorsparDist_2_2019,222506,USGS 3DEP Elevation Index MapServer/8 collect_start/collect_end
il_hicksdome_fluorspardist_3_2019,2020,2020,IL_HicksDome_FluorsparDist_3_2019,222509,USGS 3DEP Elevation Index MapServer/8 collect_start/collect_end
il_hicksdome_fluorspardistrict_b1_2019,2020,2020,IL_HicksDome_FluorsparDistrict_B1_2019,183399,USGS 3DEP Elevation Index MapServer/8 collect_start/collect_end
il_jacksonco_2015,2014,2014,IL_JacksonCo_2015,80697,USGS 3DEP Elevation Index MapServer/8 collect_start/collect_end
il_jasper_2014,2010,2011,IL_Jasper_2014,62672,USGS 3DEP Elevation Index MapServer/8 collect_start/collect_end
il_jeffersonco_2015,2015,2016,IL_JeffersonCo_2015,41142,USGS 3DEP Elevation Index MapServer/8 collect_start/collect_end
il_jodaviessco_2008,2009,2009,IL_JoDaviessCo_2008,9790,USGS 3DEP Elevation Index MapServer/8 collect_start/collect_end
il_johnson_pulaski_massaccos_2012_2014,2012,2012,IL_JOHNSON_PULASKI_MASSACCOS_2012_2014,6047,USGS 3DEP Elevation Index MapServer/8 collect_start/collect_end
il_kaneco_2008,2008,2008,IL_KANECO_2008,-1293,USGS 3DEP Elevation Index MapServer/8 collect_start/collect_end
il_kendallco_2010,2010,2010,IL_KENDALLCO_2010,-1294,USGS 3DEP Elevation Index MapServer/8 collect_start/collect_end
il_lasalle_b1_2017,2017,2018,IL_LaSalle_B1_2017,70771,USGS 3DEP Elevation Index MapServer/8 collect_start/collect_end
il_lasalle_b2_2017,2017,2018,IL_LaSalle_B2_2017,70780,USGS 3DEP Elevation Index MapServer/8 collect_start/collect_end
il_leeco_2008,2009,2009,IL_LeeCo_2008,13505,USGS 3DEP Elevation Index MapServer/8 collect_start/collect_end
il_loganco_2013,2013,2013,IL_LoganCo_2013,6447,USGS 3DEP Elevation Index MapServer/8 collect_start/collect_end
il_madisonco_2014,2014,2014,IL_MadisonCo_2014,42259,USGS 3DEP Elevation Index MapServer/8 collect_start/collect_end
il_mchenryco_2008,2008,2008,IL_MCHENRYCO_2008,-1295,USGS 3DEP Elevation Index MapServer/8 collect_start/collect_end
il_midnorth_1_d22,2022,2022,IL_MidNorth_1_D22,229055,USGS 3DEP Elevation Index MapServer/8 collect_start/collect_end
il_midnorth_2_d22,2022,2022,IL_MidNorth_2_D22,300135,USGS 3DEP Elevation Index MapServer/8 collect_start/collect_end
il_midnorth_3_d22,2022,2022,IL_MidNorth_3_D22,300136,USGS 3DEP Elevation Index MapServer/8 collect_start/collect_end
il_midnorth_4_d22,2022,2022,IL_MidNorth_4_D22,300137,USGS 3DEP Elevation Index MapServer/8 collect_start/collect_end
il_peoria_2008,2008,2008,IL_PEORIA_2008,-1296,USGS 3DEP Elevation Index MapServer/8 collect_start/collect_end
il_perryco_2015,2014,2014,IL_PerryCo_2015,73042,USGS 3DEP Elevation Index MapServer/8 collect_start/collect_end
il_pike_scottco_2015,2015,2015,IL_Pike_ScottCo_2015,42296,USGS 3DEP Elevation Index MapServer/8 collect_start/collect_end
il_pope_2014,2014,2014,IL_Pope_2014,65523,USGS 3DEP Elevation Index MapServer/8 collect_start/collect_end
il_salineriver_2010,2010,2010,IL_SALINERIVER_2010,-1297,USGS 3DEP Elevation Index MapServer/8 collect_start/collect_end
il_sangamonriver_2011,2011,2011,IL_SANGAMONRIVER_2011,-1298,USGS 3DEP Elevation Index MapServer/8 collect_start/collect_end
il_southcentral_1_2021,2021,2021,IL_SouthCentral_1_2021,216607,USGS 3DEP Elevation Index MapServer/8 collect_start/collect_end
il_southcentral_2_2021,2021,2021,IL_SouthCentral_2_2021,226708,USGS 3DEP Elevation Index MapServer/8 collect_start/collect_end
il_twelve_counties_mchenry,2008,2008,IL_Twelve_Counties_McHenry,13515,USGS 3DEP Elevation Index MapServer/8 collect_start/collect_end
il_wabash_saline_fema_2011,2011,2011,IL_WABASH_SALINE_FEMA_2011,4735,USGS 3DEP Elevation Index MapServer/8 collect_start/collect_end
il_wabashriver_2010,2010,2010,IL_WABASHRIVER_2010,-1299,USGS 3DEP Elevation Index MapServer/8 collect_start/collect_end
il_washingtonco_2015,2015,2015,IL_WashingtonCo_2015,41144,USGS 3DEP Elevation Index MapServer/8 collect_start/collect_end
il_westcentral_2017,2017,2017,IL_WestCentral_2017,74188,USGS 3DEP Elevation Index MapServer/8 collect_start/collect_end
il_whitesideco_2009,2009,2009,IL_WhitesideCO_2009,13554,USGS 3DEP Elevation Index MapServer/8 collect_start/collect_end
il_winnebago_2018,2011,2018,IL_Winnebago_2018,176397,USGS 3DEP Elevation Index MapServer/8 collect_start/collect_end
il_winnebagoco_2007,2007,2007,IL_WINNEBAGOCO_2007,-1301,USGS 3DEP Elevation Index MapServer/8 collect_start/collect_end
in_allenco_2009,2009,2009,IN_ALLENCO_2009,-1302,USGS 3DEP Elevation Index MapServer/8 collect_start/collect_end
in_central_30_a24,2025,2025,IN_Central_30_A24,300895,USGS 3DEP Elevation Index MapServer/8 collect_start/collect_end
in_central_hamilton_2017,2016,2016,IN_Central_Hamilton_2017,66767,USGS 3DEP Elevation Index MapServer/8 collect_start/collect_end
in_central_marionco_2016,2016,2016,IN_Central_MarionCo_2016,64534,USGS 3DEP Elevation Index MapServer/8 collect_start/collect_end
in_central_wayne_2016,2017,2017,IN_Central_Wayne_2016,66770,USGS 3DEP Elevation Index MapServer/8 collect_start/collect_end
in_et_b5_allen_2012,2012,2012,IN_ET_B5_Allen_2012,19489,USGS 3DEP Elevation Index MapServer/8 collect_start/collect_end
in_et_b5_dekalb_2012,2012,2012,IN_ET_B5_Dekalb_2012,300982,USGS 3DEP Elevation Index MapServer/8 collect_start/collect_end
in_et_b5_lagrange_2012,2012,2012,IN_ET_B5_LaGrange_2012,300983,USGS 3DEP Elevation Index MapServer/8 collect_start/collect_end
in_et_b5_noble_2012,2012,2012,IN_ET_B5_Noble_2012,300984,USGS 3DEP Elevation Index MapServer/8 collect_start/collect_end
in_et_b5_steuben_2012,2012,2012,IN_ET_B5_Steuben_2012,300985,USGS 3DEP Elevation Index MapServer/8 collect_start/collect_end
in_et_b5_whitley_2012,2012,2012,IN_ET_B5_Whitley_2012,300986,USGS 3DEP Elevation Index MapServer/8 collect_start/collect_end
in_et_b6_adams_2012,2012,2012,IN_ET_B6_Adams_2012,20009,USGS 3DEP Elevation Index MapServer/8 collect_start/collect_end
in_et_b6_blackford_2012,2012,2012,IN_ET_B6_Blackford_2012,300987,USGS 3DEP Elevation Index MapServer/8 collect_start/collect_end
in_et_b6_delaware_2012,2012,2012,IN_ET_B6_Delaware_2012,63452,USGS 3DEP Elevation Index MapServer/8 collect_start/collect_end
in_et_b6_grant_2012,2012,2012,IN_ET_B6_Grant_2012,300988,USGS 3DEP Elevation Index MapServer/8 collect_start/collect_end
in_et_b6_hamilton_2012,2012,2012,IN_ET_B6_Hamilton_2012,63461,USGS 3DEP Elevation Index MapServer/8 collect_start/collect_end
in_et_b6_huntington_2012,2012,2012,IN_ET_B6_Huntington_2012,300989,USGS 3DEP Elevation Index MapServer/8 collect_start/collect_end
in_et_b6_jay_2012,2012,2012,IN_ET_B6_Jay_2012,300990,USGS 3DEP Elevation Index MapServer/8 collect_start/collect_end
in_et_b6_madison_2012,2012,2012,IN_ET_B6_Madison_2012,63470,USGS 3DEP Elevation Index MapServer/8 collect_start/collect_end
in_et_b6_randolph_2012,2012,2012,IN_ET_B6_Randolph_2012,63479,USGS 3DEP Elevation Index MapServer/8 collect_start/collect_end
in_et_b6_wells_2012,2012,2012,IN_ET_B6_Wells_2012,300991,USGS 3DEP Elevation Index MapServer/8 collect_start/collect_end
in_et_b7_decatur_2012,2012,2012,IN_ET_B7_Decatur_2012,20012,USGS 3DEP Elevation Index MapServer/8 collect_start/collect_end
in_et_b7_fayette_2012,2012,2012,IN_ET_B7_Fayette_2012,300992,USGS 3DEP Elevation Index MapServer/8 collect_start/collect_end
in_et_b7_franklin_2012,2012,2012,IN_ET_B7_Franklin_2012,300993,USGS 3DEP Elevation Index MapServer/8 collect_start/collect_end
in_et_b7_hancock_2012,2012,2012,IN_ET_B7_Hancock_2012,300994,USGS 3DEP Elevation Index MapServer/8 collect_start/collect_end
in_et_b7_henry_2012,2012,2012,IN_ET_B7_Henry_2012,300995,USGS 3DEP Elevation Index MapServer/8 collect_start/collect_end
in_et_b7_rush_2012,2012,2012,IN_ET_B7_Rush_2012,300996,USGS 3DEP Elevation Index MapServer/8 collect_start/collect_end
in_et_b7_shelby_2012,2012,2012,IN_ET_B7_Shelby_2012,300997,USGS 3DEP Elevation Index MapServer/8 collect_start/collect_end
in_et_b7_union_2012,2012,2012,IN_ET_B7_Union_2012,300998,USGS 3DEP Elevation Index MapServer/8 collect_start/collect_end
in_et_b7_wayne_2012,2012,2012,IN_ET_B7_Wayne_2012,300999,USGS 3DEP Elevation Index MapServer/8 collect_start/collect_end
in_et_b8_clark_2012,2012,2012,IN_ET_B8_Clark_2012,20015,USGS 3DEP Elevation Index MapServer/8 collect_start/collect_end
in_et_b8_dearborn_2012,2012,2012,IN_ET_B8_Dearborn_2012,301000,USGS 3DEP Elevation Index MapServer/8 collect_start/collect_end
in_et_b8_floyd_2011,2012,2012,IN_ET_B8_Floyd_2011,301001,USGS 3DEP Elevation Index MapServer/8 collect_start/collect_end
in_et_b8_jefferson_2012,2012,2012,IN_ET_B8_Jefferson_2012,301002,USGS 3DEP Elevation Index MapServer/8 collect_start/collect_end
in_et_b8_jennings_2012,2012,2012,IN_ET_B8_Jennings_2012,301003,USGS 3DEP Elevation Index MapServer/8 collect_start/collect_end
in_et_b8_ohio_2012,2012,2012,IN_ET_B8_Ohio_2012,301004,USGS 3DEP Elevation Index MapServer/8 collect_start/collect_end
in_et_b8_ripleyco_2012,2012,2012,IN_ET_B8_RipleyCo_2012,301005,USGS 3DEP Elevation Index MapServer/8 collect_start/collect_end
in_et_b8_scott_2012,2012,2012,IN_ET_B8_Scott_2012,301006,USGS 3DEP Elevation Index MapServer/8 collect_start/collect_end
in_et_b8_switzerland_2012,2012,2012,IN_ET_B8_Switzerland_2012,301007,USGS 3DEP Elevation Index MapServer/8 collect_start/collect_end
in_hamiltonco_1_a25,2024,2024,IN_HamiltonCo_1_A25,301156,USGS 3DEP Elevation Index MapServer/8 collect_start/collect_end
in_hendricksco_2011,2011,2011,IN_HendricksCo_2011,2786,USGS 3DEP Elevation Index MapServer/8 collect_start/collect_end
in_johnsonco_2011,2011,2011,IN_JohnsonCo_2011,2792,USGS 3DEP Elevation Index MapServer/8 collect_start/collect_end
in_lakeerie_2010,2010,2010,IN_LAKEERIE_2010,-1303,USGS 3DEP Elevation Index MapServer/8 collect_start/collect_end
in_marionco_2011,2011,2011,IN_MarionCo_2011,2800,USGS 3DEP Elevation Index MapServer/8 collect_start/collect_end
in_monroe_2011,2011,2011,IN_Monroe_2011,2806,USGS 3DEP Elevation Index MapServer/8 collect_start/collect_end
in_morgan_2011,2011,2011,IN_Morgan_2011,2794,USGS 3DEP Elevation Index MapServer/8 collect_start/collect_end
in_statewide_b1_2017,2017,2017,IN_Statewide_B1_2017,70586,USGS 3DEP Elevation Index MapServer/8 collect_start/collect_end
in_statewide_b2_2017,2017,2017,IN_Statewide_B2_2017,70591,USGS 3DEP Elevation Index MapServer/8 collect_start/collect_end
in_statewide_bartholomewco_2011,2011,2011,IN_STATEWIDE_BARTHOLOMEWCO_2011,2698,USGS 3DEP Elevation Index MapServer/8 collect_start/collect_end
in_statewide_booneco_2011,2011,2011,IN_STATEWIDE_BOONECO_2011,2765,USGS 3DEP Elevation Index MapServer/8 collect_start/collect_end
in_statewide_brownco_2011,2011,2011,IN_STATEWIDE_BROWNCO_2011,2767,USGS 3DEP Elevation Index MapServer/8 collect_start/collect_end
in_statewide_carrollco_2011,2011,2011,IN_STATEWIDE_CARROLLCO_2011,2769,USGS 3DEP Elevation Index MapServer/8 collect_start/collect_end
in_statewide_cassco_2011,2011,2011,IN_STATEWIDE_CASSCO_2011,2771,USGS 3DEP Elevation Index MapServer/8 collect_start/collect_end
in_statewide_clintonco_2011,2011,2011,IN_STATEWIDE_CLINTONCO_2011,2776,USGS 3DEP Elevation Index MapServer/8 collect_start/collect_end
in_statewide_crawfordco_2011,2011,2011,IN_STATEWIDE_CRAWFORDCO_2011,2778,USGS 3DEP Elevation Index MapServer/8 collect_start/collect_end
in_statewide_elkhartco_2011,2011,2011,IN_STATEWIDE_ELKHARTCO_2011,2780,USGS 3DEP Elevation Index MapServer/8 collect_start/collect_end
in_statewide_fultonco_2011,2011,2011,IN_STATEWIDE_FULTONCO_2011,2782,USGS 3DEP Elevation Index MapServer/8 collect_start/collect_end
in_statewide_harrisonco_2011,2011,2011,IN_STATEWIDE_HARRISONCO_2011,2784,USGS 3DEP Elevation Index MapServer/8 collect_start/collect_end
in_statewide_howardco_2011,2011,2011,IN_STATEWIDE_HOWARDCO_2011,2788,USGS 3DEP Elevation Index MapServer/8 collect_start/collect_end
in_statewide_jacksonco_2011,2011,2011,IN_STATEWIDE_JACKSONCO_2011,2790,USGS 3DEP Elevation Index MapServer/8 collect_start/collect_end
in_statewide_kosciuskoco_2011,2011,2011,IN_STATEWIDE_KOSCIUSKOCO_2011,2796,USGS 3DEP Elevation Index MapServer/8 collect_start/collect_end
in_statewide_lawrenceco_2011,2011,2011,IN_STATEWIDE_LAWRENCECO_2011,2798,USGS 3DEP Elevation Index MapServer/8 collect_start/collect_end
in_statewide_marshallco_2011,2011,2011,IN_STATEWIDE_MARSHALLCO_2011,2802,USGS 3DEP Elevation Index MapServer/8 collect_start/collect_end
in_statewide_miamico_2011,2011,2011,IN_STATEWIDE_MIAMICO_2011,2804,USGS 3DEP Elevation Index MapServer/8 collect_start/collect_end
in_statewide_opt1_b1_2017,2017,2017,IN_Statewide_Opt1_B1_2017,70594,USGS 3DEP Elevation Index MapServer/8 collect_start/collect_end
in_statewide_opt1_b2_2017,2017,2017,IN_Statewide_Opt1_B2_2017,70598,USGS 3DEP Elevation Index MapServer/8 collect_start/collect_end
in_statewide_opt1_b3_2017,2017,2017,IN_Statewide_Opt1_B3_2017,70601,USGS 3DEP Elevation Index MapServer/8 collect_start/collect_end
in_statewide_opt1_b4_2017,2017,2018,IN_Statewide_Opt1_B4_2017,70604,USGS 3DEP Elevation Index MapServer/8 collect_start/collect_end
in_statewide_opt1_b5_2017,2017,2017,IN_Statewide_Opt1_B5_2017,70609,USGS 3DEP Elevation Index MapServer/8 collect_start/collect_end
in_statewide_opt2_b1_2017,2017,2017,IN_Statewide_Opt2_B1_2017,70612,USGS 3DEP Elevation Index MapServer/8 collect_start/collect_end
in_statewide_opt2_b2_2017,2017,2018,IN_Statewide_Opt2_B2_2017,70615,USGS 3DEP Elevation Index MapServer/8 collect_start/collect_end
in_statewide_opt2_b3_2017,2017,2019,IN_Statewide_Opt2_B3_2017,70619,USGS 3DEP Elevation Index MapServer/8 collect_start/collect_end
in_statewide_opt2_b4_2017,2017,2019,IN_Statewide_Opt2_B4_2017,70622,USGS 3DEP Elevation Index MapServer/8 collect_start/collect_end
in_statewide_opt2_b5_2017,2018,2018,IN_Statewide_Opt2_B5_2017,70626,USGS 3DEP Elevation Index MapServer/8 collect_start/collect_end
in_statewide_opt2_b6_2017,2018,2020,IN_Statewide_Opt2_B6_2017,70629,USGS 3DEP Elevation Index MapServer/8 collect_start/collect_end
in_statewide_orangeco_2011,2011,2011,IN_STATEWIDE_ORANGECO_2011,2808,USGS 3DEP Elevation Index MapServer/8 collect_start/collect_end
in_statewide_pulaskico_2011,2011,2011,IN_STATEWIDE_PULASKICO_2011,2810,USGS 3DEP Elevation Index MapServer/8 collect_start/collect_end
in_statewide_starkeco_2011,2011,2011,IN_STATEWIDE_STARKECO_2011,2814,USGS 3DEP Elevation Index MapServer/8 collect_start/collect_end
in_statewide_stjosephco_2011,2011,2011,IN_STATEWIDE_STJOSEPHCO_2011,2812,USGS 3DEP Elevation Index MapServer/8 collect_start/collect_end
in_statewide_tiptonco_2011,2011,2011,IN_STATEWIDE_TIPTONCO_2011,2816,USGS 3DEP Elevation Index MapServer/8 collect_start/collect_end
in_statewide_wabashco_2011,2011,2011,IN_STATEWIDE_WABASHCO_2011,2818,USGS 3DEP Elevation Index MapServer/8 collect_start/collect_end
in_statewide_washingtonco_2011,2011,2011,IN_STATEWIDE_WASHINGTONCO_2011,2820,USGS 3DEP Elevation Index MapServer/8 collect_start/collect_end
in_wt_b10_benton_2013,2013,2013,IN_WT_B10_Benton_2013,5992,USGS 3DEP Elevation Index MapServer/8 collect_start/collect_end
in_wt_b10_fountain_2013,2013,2013,IN_WT_B10_Fountain_2013,300960,USGS 3DEP Elevation Index MapServer/8 collect_start/collect_end
in_wt_b10_montgomery_2013,2013,2013,IN_WT_B10_Montgomery_2013,300961,USGS 3DEP Elevation Index MapServer/8 collect_start/collect_end
in_wt_b10_tippecanoe_2013,2013,2013,IN_WT_B10_Tippecanoe_2013,300962,USGS 3DEP Elevation Index MapServer/8 collect_start/collect_end
in_wt_b10_warren_2013,2013,2013,IN_WT_B10_Warren_2013,300963,USGS 3DEP Elevation Index MapServer/8 collect_start/collect_end
in_wt_b10_white_2013,2013,2013,IN_WT_B10_White_2013,300964,USGS 3DEP Elevation Index MapServer/8 collect_start/collect_end
in_wt_b11_clay_2013,2013,2013,IN_WT_B11_Clay_2013,17702,USGS 3DEP Elevation Index MapServer/8 collect_start/collect_end
in_wt_b11_greene_2013,2013,2013,IN_WT_B11_Greene_2013,300965,USGS 3DEP Elevation Index MapServer/8 collect_start/collect_end
in_wt_b11_owen_2013,2013,2013,IN_WT_B11_Owen_2013,300966,USGS 3DEP Elevation Index MapServer/8 collect_start/collect_end
in_wt_b11_parke_2013,2013,2013,IN_WT_B11_Parke_2013,300967,USGS 3DEP Elevation Index MapServer/8 collect_start/collect_end
in_wt_b11_putnam_2013,2013,2013,IN_WT_B11_Putnam_2013,300968,USGS 3DEP Elevation Index MapServer/8 collect_start/collect_end
in_wt_b11_sullivan_2013,2013,2013,IN_WT_B11_Sullivan_2013,300969,USGS 3DEP Elevation Index MapServer/8 collect_start/collect_end
in_wt_b11_vermillion_2013,2013,2013,IN_WT_B11_Vermillion_2013,300970,USGS 3DEP Elevation Index MapServer/8 collect_start/collect_end
in_wt_b11_vigo_2013,2013,2013,IN_WT_B11_Vigo_2013,300971,USGS 3DEP Elevation Index MapServer/8 collect_start/collect_end
in_wt_b12_daviess_2013,2013,2013,IN_WT_B12_Daviess_2013,17705,USGS 3DEP Elevation Index MapServer/8 collect_start/collect_end
in_wt_b12_dubois_2013,2013,2013,IN_WT_B12_Dubois_2013,300972,USGS 3DEP Elevation Index MapServer/8 collect_start/collect_end
in_wt_b12_gibson_2013,2013,2013,IN_WT_B12_Gibson_2013,75032,USGS 3DEP Elevation Index MapServer/8 collect_start/collect_end
in_wt_b12_knox_2013,2013,2013,IN_WT_B12_Knox_2013,300973,USGS 3DEP Elevation Index MapServer/8 collect_start/collect_end
in_wt_b12_martin_2013,2013,2013,IN_WT_B12_Martin_2013,300974,USGS 3DEP Elevation Index MapServer/8 collect_start/collect_end
in_wt_b12_perry_2013,2013,2013,IN_WT_B12_Perry_2013,300975,USGS 3DEP Elevation Index MapServer/8 collect_start/collect_end
in_wt_b12_pike_2013,2013,2013,IN_WT_B12_Pike_2013,300976,USGS 3DEP Elevation Index MapServer/8 collect_start/collect_end
in_wt_b12_posey_2013,2013,2013,IN_WT_B12_Posey_2013,300977,USGS 3DEP Elevation Index MapServer/8 collect_start/collect_end
in_wt_b12_spencer_2013,2013,2013,IN_WT_B12_Spencer_2013,300978,USGS 3DEP Elevation Index MapServer/8 collect_start/collect_end
in_wt_b12_vanderburgh_2013,2013,2013,IN_WT_B12_Vanderburgh_2013,300979,USGS 3DEP Elevation Index MapServer/8 collect_start/collect_end
in_wt_b12_warrick_2013,2013,2013,IN_WT_B12_Warrick_2013,300980,USGS 3DEP Elevation Index MapServer/8 collect_start/collect_end
in_wt_b9_jasper_2013,2013,2013,IN_WT_B9_Jasper_2013,300956,USGS 3DEP Elevation Index MapServer/8 collect_start/collect_end
in_wt_b9_lake_2013,2013,2013,IN_WT_B9_Lake_2013,300957,USGS 3DEP Elevation Index MapServer/8 collect_start/collect_end
in_wt_b9_laporte_2013,2013,2013,IN_WT_B9_Laporte_2013,4005,USGS 3DEP Elevation Index MapServer/8 collect_start/collect_end
in_wt_b9_newton_2013,2013,2013,IN_WT_B9_Newton_2013,300958,USGS 3DEP Elevation Index MapServer/8 collect_start/collect_end
in_wt_b9_porter_2013,2013,2013,IN_WT_B9_Porter_2013,300959,USGS 3DEP Elevation Index MapServer/8 collect_start/collect_end
iwi_redriver_a_2008,2008,2008,IWI_REDRIVER_A_2008,-1327,USGS 3DEP Elevation Index MapServer/8 collect_start/collect_end
iwi_redriver_b_2008,2008,2008,IWI_REDRIVER_B_2008,-1328,USGS 3DEP Elevation Index MapServer/8 collect_start/collect_end
iwi_redriver_bigstoneco_2010,2010,2010,IWI_REDRIVER_BIGSTONECO_2010,-1329,USGS 3DEP Elevation Index MapServer/8 collect_start/collect_end
iwi_redriver_c_2008,2008,2008,IWI_REDRIVER_C_2008,-1330,USGS 3DEP Elevation Index MapServer/8 collect_start/collect_end
iwi_redriver_dl_2009,2009,2009,IWI_REDRIVER_DL_2009,-1331,USGS 3DEP Elevation Index MapServer/8 collect_start/collect_end
iwi_redriver_e_2009,2009,2009,IWI_REDRIVER_E_2009,-1332,USGS 3DEP Elevation Index MapServer/8 collect_start/collect_end
iwi_redriver_f_2008,2008,2008,IWI_REDRIVER_F_2008,-1333,USGS 3DEP Elevation Index MapServer/8 collect_start/collect_end
iwi_redriver_g_2008,2008,2008,IWI_REDRIVER_G_2008,-1334,USGS 3DEP Elevation Index MapServer/8 collect_start/collect_end
iwi_redriver_h_2008,2008,2008,IWI_REDRIVER_H_2008,-1335,USGS 3DEP Elevation Index MapServer/8 collect_start/collect_end
iwi_redriver_i_2009,2009,2009,IWI_REDRIVER_I_2009,-1336,USGS 3DEP Elevation Index MapServer/8 collect_start/collect_end
iwi_redriver_i_adds_2009,2009,2009,IWI_REDRIVER_I_ADDS_2009,-1337,USGS 3DEP Elevation Index MapServer/8 collect_start/collect_end
iwi_redriver_j_2009,2009,2009,IWI_REDRIVER_J_2009,-1338,USGS 3DEP Elevation Index MapServer/8 collect_start/collect_end
iwi_redriver_k_2009,2009,2009,IWI_REDRIVER_K_2009,-1339,USGS 3DEP Elevation Index MapServer/8 collect_start/collect_end
iwi_redriver_koochichingco_2009,2009,2009,IWI_REDRIVER_KOOCHICHINGCO_2009,-1340,USGS 3DEP Elevation Index MapServer/8 collect_start/collect_end
iwi_redriver_m_2009,2009,2009,IWI_REDRIVER_M_2009,-1341,USGS 3DEP Elevation Index MapServer/8 collect_start/collect_end
iwi_redriver_n_2008,2008,2009,IWI_REDRIVER_N_2008,-1342,USGS 3DEP Elevation Index MapServer/8 collect_start/collect_end
iwi_redriver_o_2008,2008,2008,IWI_REDRIVER_O_2008,-1343,USGS 3DEP Elevation Index MapServer/8 collect_start/collect_end
ks_15co_cheney_2015,2016,2016,KS_15Co_Cheney_2015,60716,USGS 3DEP Elevation Index MapServer/8 collect_start/collect_end
ks_15co_south_2015,2015,2015,KS_15Co_South_2015,60713,USGS 3DEP Elevation Index MapServer/8 collect_start/collect_end
ks_15conorth_a1_2015,2015,2016,KS_15CoNorth_A1_2015,75408,USGS 3DEP Elevation Index MapServer/8 collect_start/collect_end
ks_15conorth_a2_2015,2015,2016,KS_15CoNorth_A2_2015,75417,USGS 3DEP Elevation Index MapServer/8 collect_start/collect_end
ks_15conorth_a3_2015,2015,2016,KS_15CoNorth_A3_2015,75336,USGS 3DEP Elevation Index MapServer/8 collect_start/collect_end
ks_4area_1_d23,2023,2023,KS_4Area_1_D23,300525,USGS 3DEP Elevation Index MapServer/8 collect_start/collect_end
ks_4area_2_d23,2023,2023,KS_4Area_2_D23,300528,USGS 3DEP Elevation Index MapServer/8 collect_start/collect_end
ks_4area_3_d23,2023,2023,KS_4Area_3_D23,300529,USGS 3DEP Elevation Index MapServer/8 collect_start/collect_end
ks_4area_4_d23,2023,2023,KS_4Area_4_D23,300530,USGS 3DEP Elevation Index MapServer/8 collect_start/collect_end
ks_4area_5_d23,2023,2023,KS_4Area_5_D23,300531,USGS 3DEP Elevation Index MapServer/8 collect_start/collect_end
ks_4area_6_d23,2023,2023,KS_4Area_6_D23,300532,USGS 3DEP Elevation Index MapServer/8 collect_start/collect_end
ks_area1_2012,2012,2012,KS_AREA1_2012,1083,USGS 3DEP Elevation Index MapServer/8 collect_start/collect_end
ks_area1_2014,2013,2014,KS_Area1_2014,22467,USGS 3DEP Elevation Index MapServer/8 collect_start/collect_end
ks_area1_eastern_2013,2011,2011,KS_Area1_Eastern_2013,8787,USGS 3DEP Elevation Index MapServer/8 collect_start/collect_end
ks_area2_2014,2013,2014,KS_Area2_2014,22507,USGS 3DEP Elevation Index MapServer/8 collect_start/collect_end
ks_area2_b1_2012,2012,2012,KS_Area2_B1_2012,3664,USGS 3DEP Elevation Index MapServer/8 collect_start/collect_end
ks_area2_b2_2012,2012,2012,KS_Area2_B2_2012,301019,USGS 3DEP Elevation Index MapServer/8 collect_start/collect_end
ks_area2_b3_2012,2012,2012,KS_Area2_B3_2012,301020,USGS 3DEP Elevation Index MapServer/8 collect_start/collect_end
ks_area2_b4_2012,2012,2012,KS_Area2_B4_2012,301021,USGS 3DEP Elevation Index MapServer/8 collect_start/collect_end
ks_area2_b5_2012,2012,2012,KS_Area2_B5_2012,301022,USGS 3DEP Elevation Index MapServer/8 collect_start/collect_end
ks_area2_b6_2012,2012,2012,KS_Area2_B6_2012,301023,USGS 3DEP Elevation Index MapServer/8 collect_start/collect_end
ks_area3_butlerco_2012,2012,2012,KS_AREA3_BUTLERCO_2012,4653,USGS 3DEP Elevation Index MapServer/8 collect_start/collect_end
ks_area3_northeasta_2012,2012,2012,KS_AREA3_NORTHEASTA_2012,4656,USGS 3DEP Elevation Index MapServer/8 collect_start/collect_end
ks_area3_northeastb_2012,2012,2012,KS_AREA3_NORTHEASTB_2012,5210,USGS 3DEP Elevation Index MapServer/8 collect_start/collect_end
ks_area3_southeast_2012,2012,2012,KS_AREA3_SOUTHEAST_2012,4131,USGS 3DEP Elevation Index MapServer/8 collect_start/collect_end
ks_atchinsonco_2010,2010,2010,KS_ATCHINSONCO_2010,301050,USGS 3DEP Elevation Index MapServer/8 collect_start/collect_end
ks_bartonco_2010,2010,2011,KS_BARTONCO_2010,-1350,USGS 3DEP Elevation Index MapServer/8 collect_start/collect_end
ks_chaseco_2010,2010,2011,KS_CHASECO_2010,-1351,USGS 3DEP Elevation Index MapServer/8 collect_start/collect_end
ks_coffey_2010,2010,2010,KS_COFFEY_2010,301048,USGS 3DEP Elevation Index MapServer/8 collect_start/collect_end
ks_dickinsonco_2010,2010,2011,KS_DICKINSONCO_2010,-1353,USGS 3DEP Elevation Index MapServer/8 collect_start/collect_end
ks_dodgecity_2010,2010,2010,KS_DODGECITY_2010,-1354,USGS 3DEP Elevation Index MapServer/8 collect_start/collect_end
ks_douglascounty_2006,2006,2006,KS_DOUGLASCOUNTY_2006,-1355,USGS 3DEP Elevation Index MapServer/8 collect_start/collect_end
ks_ellsworthco_2010,2010,2011,KS_ELLSWORTHCO_2010,-1356,USGS 3DEP Elevation Index MapServer/8 collect_start/collect_end
ks_franklin_2010,2010,2010,KS_FRANKLIN_2010,301052,USGS 3DEP Elevation Index MapServer/8 collect_start/collect_end
ks_ftriley_2006,2006,2006,KS_FTRILEY_2006,-1358,USGS 3DEP Elevation Index MapServer/8 collect_start/collect_end
ks_geary_2010,2010,2010,KS_GEARY_2010,301051,USGS 3DEP Elevation Index MapServer/8 collect_start/collect_end
ks_harveyco2_2010,2010,2011,KS_HARVEYCO2_2010,-1361,USGS 3DEP Elevation Index MapServer/8 collect_start/collect_end
ks_harveyco_2010,2010,2011,KS_HARVEYCO_2010,-1360,USGS 3DEP Elevation Index MapServer/8 collect_start/collect_end
ks_jacksonco_2006,2006,2006,KS_JACKSONCO_2006,-1362,USGS 3DEP Elevation Index MapServer/8 collect_start/collect_end
ks_jeffersonco_2006,2006,2006,KS_JEFFERSONCO_2006,-1363,USGS 3DEP Elevation Index MapServer/8 collect_start/collect_end
ks_jewellco_2010,2010,2011,KS_JEWELLCO_2010,-1364,USGS 3DEP Elevation Index MapServer/8 collect_start/collect_end
ks_johnsonco_2006,2006,2006,KS_JOHNSONCO_2006,-1365,USGS 3DEP Elevation Index MapServer/8 collect_start/collect_end
ks_kansasriver_2006,2006,2006,KS_KANSASRIVER_2006,-1366,USGS 3DEP Elevation Index MapServer/8 collect_start/collect_end
ks_leavenworth_2006,2006,2006,KS_LEAVENWORTH_2006,-1367,USGS 3DEP Elevation Index MapServer/8 collect_start/collect_end
ks_leavenworth_2010,2010,2010,KS_LEAVENWORTH_2010,301049,USGS 3DEP Elevation Index MapServer/8 collect_start/collect_end
ks_lidar_1_b1_2013,2012,2012,KS_Lidar_1_B1_2013,300818,USGS 3DEP Elevation Index MapServer/8 collect_start/collect_end
ks_lidar_1_b2_2013,2012,2012,KS_Lidar_1_B2_2013,300819,USGS 3DEP Elevation Index MapServer/8 collect_start/collect_end
ks_lidar_1_b3_2013,2012,2012,KS_Lidar_1_B3_2013,300820,USGS 3DEP Elevation Index MapServer/8 collect_start/collect_end
ks_lidar_1_b4_2013,2012,2012,KS_Lidar_1_B4_2013,300821,USGS 3DEP Elevation Index MapServer/8 collect_start/collect_end
ks_lidar_1_b5_2013,2012,2012,KS_Lidar_1_B5_2013,300822,USGS 3DEP Elevation Index MapServer/8 collect_start/collect_end
ks_lidar_1_b6_2013,2012,2012,KS_Lidar_1_B6_2013,2205,USGS 3DEP Elevation Index MapServer/8 collect_start/collect_end
ks_lincolnco_2010,2010,2011,KS_LINCOLNCO_2010,-1369,USGS 3DEP Elevation Index MapServer/8 collect_start/collect_end
ks_lyonco_2010,2010,2011,KS_LYONCO_2010,-1370,USGS 3DEP Elevation Index MapServer/8 collect_start/collect_end
ks_manhattan_2006,2006,2006,KS_MANHATTAN_2006,-1371,USGS 3DEP Elevation Index MapServer/8 collect_start/collect_end
ks_marionco_2010,2010,2011,KS_MARIONCO_2010,-1372,USGS 3DEP Elevation Index MapServer/8 collect_start/collect_end
ks_marshallco_2010,2010,2011,KS_MARSHALLCO_2010,2736,USGS 3DEP Elevation Index MapServer/8 collect_start/collect_end
ks_mcphersonco_2010,2010,2012,KS_MCPHERSONCO_2010,-1374,USGS 3DEP Elevation Index MapServer/8 collect_start/collect_end
ks_miamico_2009,2009,2010,KS_MIAMICO_2009,301055,USGS 3DEP Elevation Index MapServer/8 collect_start/collect_end
ks_mitchellco_2010,2010,2011,KS_MITCHELLCO_2010,-1376,USGS 3DEP Elevation Index MapServer/8 collect_start/collect_end
ks_morrisco_2010,2010,2011,KS_MORRISCO_2010,-1377,USGS 3DEP Elevation Index MapServer/8 collect_start/collect_end
ks_nf_nin_sub_2011,2010,2010,KS_NF_Nin_Sub_2011,11330,USGS 3DEP Elevation Index MapServer/8 collect_start/collect_end
ks_northcentral_2009,2009,2009,KS_NORTHCENTRAL_2009,-1378,USGS 3DEP Elevation Index MapServer/8 collect_start/collect_end
ks_osage_2010,2010,2010,KS_OSAGE_2010,301053,USGS 3DEP Elevation Index MapServer/8 collect_start/collect_end
ks_ottawaco_2010,2010,2011,KS_OTTAWACO_2010,-1380,USGS 3DEP Elevation Index MapServer/8 collect_start/collect_end
ks_pottawatomieco_2010,2010,2011,KS_POTTAWATOMIECO_2010,301047,USGS 3DEP Elevation Index MapServer/8 collect_start/collect_end
ks_riceco_2010,2010,2011,KS_RICECO_2010,-1382,USGS 3DEP Elevation Index MapServer/8 collect_start/collect_end
ks_riley_2010,2010,2010,KS_RILEY_2010,301054,USGS 3DEP Elevation Index MapServer/8 collect_start/collect_end
ks_salineco_2010,2010,2011,KS_SALINECO_2010,-1384,USGS 3DEP Elevation Index MapServer/8 collect_start/collect_end
ks_scentral_l1_2015,2015,2015,KS_SCentral_L1_2015,29344,USGS 3DEP Elevation Index MapServer/8 collect_start/collect_end
ks_scentral_l2_2015,2015,2015,KS_SCentral_L2_2015,32535,USGS 3DEP Elevation Index MapServer/8 collect_start/collect_end
ks_scentral_l3_2015,2015,2015,KS_SCentral_L3_2015,32538,USGS 3DEP Elevation Index MapServer/8 collect_start/collect_end
ks_scentral_l4_2015,2014,2015,KS_SCentral_L4_2015,32542,USGS 3DEP Elevation Index MapServer/8 collect_start/collect_end
ks_sedgwick_wichita_2008,2008,2008,KS_SEDGWICK_WICHITA_2008,-1385,USGS 3DEP Elevation Index MapServer/8 collect_start/collect_end
ks_shawneecounty_2006,2006,2006,KS_SHAWNEECOUNTY_2006,-1386,USGS 3DEP Elevation Index MapServer/8 collect_start/collect_end
ks_statewide_2017,2017,2017,KS_Statewide_2017,209085,USGS 3DEP Elevation Index MapServer/8 collect_start/collect_end
ks_statewide_b10_2018,2018,2019,KS_Statewide_B10_2018,209920,USGS 3DEP Elevation Index MapServer/8 collect_start/collect_end
ks_statewide_b11_2018,2018,2018,KS_Statewide_B11_2018,179166,USGS 3DEP Elevation Index MapServer/8 collect_start/collect_end
ks_statewide_b12_2018,2017,2018,KS_Statewide_B12_2018,209923,USGS 3DEP Elevation Index MapServer/8 collect_start/collect_end
ks_statewide_b13_2018,2018,2018,KS_Statewide_B13_2018,179172,USGS 3DEP Elevation Index MapServer/8 collect_start/collect_end
ks_statewide_b14_2018,2018,2018,KS_Statewide_B14_2018,210299,USGS 3DEP Elevation Index MapServer/8 collect_start/collect_end
ks_statewide_b15_2018,2018,2018,KS_Statewide_B15_2018,210302,USGS 3DEP Elevation Index MapServer/8 collect_start/collect_end
ks_statewide_b16_2018,2018,2019,KS_Statewide_B16_2018,211037,USGS 3DEP Elevation Index MapServer/8 collect_start/collect_end
ks_statewide_b17_2018,2018,2018,KS_Statewide_B17_2018,211040,USGS 3DEP Elevation Index MapServer/8 collect_start/collect_end
ks_statewide_b18_2018,2018,2018,KS_Statewide_B18_2018,211487,USGS 3DEP Elevation Index MapServer/8 collect_start/collect_end
ks_statewide_b2_2018,2018,2018,KS_Statewide_B2_2018,179139,USGS 3DEP Elevation Index MapServer/8 collect_start/collect_end
ks_statewide_b4_2018,2019,2019,KS_Statewide_B4_2018,195328,USGS 3DEP Elevation Index MapServer/8 collect_start/collect_end
ks_statewide_b5_2018,2018,2018,KS_Statewide_B5_2018,179148,USGS 3DEP Elevation Index MapServer/8 collect_start/collect_end
ks_statewide_b6a_2018,2018,2019,KS_Statewide_B6A_2018,179163,USGS 3DEP Elevation Index MapServer/8 collect_start/collect_end
ks_statewide_b6b_2018,2018,2019,KS_Statewide_B6B_2018,192286,USGS 3DEP Elevation Index MapServer/8 collect_start/collect_end
ks_statewide_b7_2018,2018,2018,KS_Statewide_B7_2018,209914,USGS 3DEP Elevation Index MapServer/8 collect_start/collect_end
ks_statewide_b8a_2018,2018,2018,KS_Statewide_B8A_2018,179154,USGS 3DEP Elevation Index MapServer/8 collect_start/collect_end
ks_statewide_b9_2018,2018,2020,KS_Statewide_B9_2018,209917,USGS 3DEP Elevation Index MapServer/8 collect_start/collect_end
ks_statewidefordgray_1_2018,2018,2019,KS_StatewideFordGray_1_2018,300051,USGS 3DEP Elevation Index MapServer/8 collect_start/collect_end
ks_usfws_2010,2010,2011,KS_USFWS_2010,-1387,USGS 3DEP Elevation Index MapServer/8 collect_start/collect_end
ks_wyandotteco_2006,2006,2006,KS_WYANDOTTECO_2006,-1388,USGS 3DEP Elevation Index MapServer/8 collect_start/collect_end
ky_15county_1_a25,2025,2025,KY_15County_1_A25,301204,USGS 3DEP Elevation Index MapServer/8 collect_start/collect_end
ky_centraleast_1_a23,2022,2023,KY_CentralEast_1_A23,300430,USGS 3DEP Elevation Index MapServer/8 collect_start/collect_end
ky_centraleast_2_a23,2022,2023,KY_CentralEast_2_A23,300431,USGS 3DEP Elevation Index MapServer/8 collect_start/collect_end
ky_centraleast_3_a23,2023,2024,KY_CentralEast_3_A23,300432,USGS 3DEP Elevation Index MapServer/8 collect_start/collect_end
ky_eastern_b1_2019,2019,2019,KY_Eastern_B1_2019,174091,USGS 3DEP Elevation Index MapServer/8 collect_start/collect_end
ky_eastern_b2_2019,2019,2019,KY_Eastern_B2_2019,172394,USGS 3DEP Elevation Index MapServer/8 collect_start/collect_end
ky_fluorspardistrict_2019,2019,2020,KY_FluorsparDistrict_2019,182966,USGS 3DEP Elevation Index MapServer/8 collect_start/collect_end
ky_kenton_cambellco_2007,2007,2007,KY_KENTON_CAMBELLCO_2007,-1389,USGS 3DEP Elevation Index MapServer/8 collect_start/collect_end
ky_kyaped_area2_2012,2011,2013,KY_KYAPED_Area2_2012,5304,USGS 3DEP Elevation Index MapServer/8 collect_start/collect_end
ky_louisvillearea_2009,2009,2009,KY_LOUISVILLEAREA_2009,-1390,USGS 3DEP Elevation Index MapServer/8 collect_start/collect_end
ky_nrcs_watersheds_2011,2011,2012,KY_NRCS_Watersheds_2011,11307,USGS 3DEP Elevation Index MapServer/8 collect_start/collect_end
ky_statewide_1_2021,2021,2021,KY_Statewide_1_2021,217629,USGS 3DEP Elevation Index MapServer/8 collect_start/collect_end
ky_westcentral_2017,2016,2017,KY_WestCentral_2017,182343,USGS 3DEP Elevation Index MapServer/8 collect_start/collect_end
ky_western_1_2020,2019,2020,KY_Western_1_2020,223947,USGS 3DEP Elevation Index MapServer/8 collect_start/collect_end
ky_western_1_a22,2022,2022,KY_Western_1_A22,229352,USGS 3DEP Elevation Index MapServer/8 collect_start/collect_end
la_2021floridaparishes_1_c24,2020,2021,LA_2021FloridaParishes_1_C24,300569,USGS 3DEP Elevation Index MapServer/8 collect_start/collect_end
la_2021floridaparishes_2_c24,2021,2021,LA_2021FloridaParishes_2_C24,300570,USGS 3DEP Elevation Index MapServer/8 collect_start/collect_end
la_2021floridaparishes_3_c24,2019,2021,LA_2021FloridaParishes_3_C24,300571,USGS 3DEP Elevation Index MapServer/8 collect_start/collect_end
la_2021floridaparishes_4_c24,2019,2019,LA_2021FloridaParishes_4_C24,300868,USGS 3DEP Elevation Index MapServer/8 collect_start/collect_end
la_2021gno_1_c22,2021,2021,LA_2021GNO_1_C22,300052,USGS 3DEP Elevation Index MapServer/8 collect_start/collect_end
la_amite_2018,2018,2018,LA_Amite_2018,173086,USGS 3DEP Elevation Index MapServer/8 collect_start/collect_end
la_atchafalaya2_2013,2012,2013,LA_ATCHAFALAYA2_2013,1988,USGS 3DEP Elevation Index MapServer/8 collect_start/collect_end
la_atchafalayabasin_2010,2010,2010,LA_ATCHAFALAYABASIN_2010,-1391,USGS 3DEP Elevation Index MapServer/8 collect_start/collect_end
la_barataria_2013,2013,2013,LA_Barataria_2013,4243,USGS 3DEP Elevation Index MapServer/8 collect_start/collect_end
la_bayou_nezpique_b1_2018,2018,2018,LA_Bayou_Nezpique_B1_2018,75840,USGS 3DEP Elevation Index MapServer/8 collect_start/collect_end
la_bayou_nezpique_b2_2018,2018,2018,LA_Bayou_Nezpique_B2_2018,69842,USGS 3DEP Elevation Index MapServer/8 collect_start/collect_end
la_bayou_nezpique_b3_2018,2018,2018,LA_Bayou_Nezpique_B3_2018,69847,USGS 3DEP Elevation Index MapServer/8 collect_start/collect_end
la_bayou_nezpique_b4_2018,2018,2018,LA_Bayou_Nezpique_B4_2018,69855,USGS 3DEP Elevation Index MapServer/8 collect_start/collect_end
la_bayou_nezpique_b5_2018,2018,2018,LA_Bayou_Nezpique_B5_2018,69860,USGS 3DEP Elevation Index MapServer/8 collect_start/collect_end
la_bayou_nezpique_b6_2018,2018,2018,LA_Bayou_Nezpique_B6_2018,69865,USGS 3DEP Elevation Index MapServer/8 collect_start/collect_end
la_bayou_nezpique_tl_2018,2018,2018,LA_Bayou_Nezpique_TL_2018,188160,USGS 3DEP Elevation Index MapServer/8 collect_start/collect_end
la_bretonisl_topobathymetric_d22,2022,2022,LA_BretonIsl_Topobathymetric_D22,300478,USGS 3DEP Elevation Index MapServer/8 collect_start/collect_end
la_bretonislandtb_topobathymetric_1_d24,2024,2024,LA_BretonIslandTB_Topobathymetric_1_D24,300925,USGS 3DEP Elevation Index MapServer/8 collect_start/collect_end
la_catahoula_concordia_1_2017,2019,2019,LA_Catahoula_Concordia_1_2017,74197,USGS 3DEP Elevation Index MapServer/8 collect_start/collect_end
la_catahoula_concordia_2_2017,2018,2019,LA_Catahoula_Concordia_2_2017,208932,USGS 3DEP Elevation Index MapServer/8 collect_start/collect_end
la_catahoula_concordia_3_2017,2019,2019,LA_Catahoula_Concordia_3_2017,211679,USGS 3DEP Elevation Index MapServer/8 collect_start/collect_end
la_chenier_plain_2017,2017,2017,LA_Chenier_Plain_2017,58911,USGS 3DEP Elevation Index MapServer/8 collect_start/collect_end
la_coastallouisiana_1_2020,2021,2021,LA_CoastalLouisiana_1_2020,197958,USGS 3DEP Elevation Index MapServer/8 collect_start/collect_end
la_coastallouisiana_2_2020,2021,2021,LA_CoastalLouisiana_2_2020,228382,USGS 3DEP Elevation Index MapServer/8 collect_start/collect_end
la_coastalparishes_1_b23,2024,2024,LA_CoastalParishes_1_B23,300747,USGS 3DEP Elevation Index MapServer/8 collect_start/collect_end
la_coastalparishes_2_b23,2024,2024,LA_CoastalParishes_2_B23,300748,USGS 3DEP Elevation Index MapServer/8 collect_start/collect_end
la_cpra_b1_2019,2019,2019,LA_CPRA_B1_2019,185173,USGS 3DEP Elevation Index MapServer/8 collect_start/collect_end
la_cpra_b2_2019,2019,2019,LA_CPRA_B2_2019,188437,USGS 3DEP Elevation Index MapServer/8 collect_start/collect_end
la_cpra_b3_2019,2019,2019,LA_CPRA_B3_2019,192574,USGS 3DEP Elevation Index MapServer/8 collect_start/collect_end
la_cpra_b4_2019,2019,2019,LA_CPRA_B4_2019,193855,USGS 3DEP Elevation Index MapServer/8 collect_start/collect_end
la_cpra_b5_2019,2019,2019,LA_CPRA_B5_2019,194870,USGS 3DEP Elevation Index MapServer/8 collect_start/collect_end
la_jean_lafitte_2013,2013,2013,LA_Jean_Lafitte_2013,11246,USGS 3DEP Elevation Index MapServer/8 collect_start/collect_end
la_northeastdotd_1_2017,2018,2018,LA_NortheastDOTD_1_2017,197130,USGS 3DEP Elevation Index MapServer/8 collect_start/collect_end
la_northeastdotd_2_2017,2017,2018,LA_NortheastDOTD_2_2017,300053,USGS 3DEP Elevation Index MapServer/8 collect_start/collect_end
la_northeastdotd_3_2017,2018,2019,LA_NortheastDOTD_3_2017,300054,USGS 3DEP Elevation Index MapServer/8 collect_start/collect_end
la_northeastdotd_4_2017,2018,2019,LA_NortheastDOTD_4_2017,300055,USGS 3DEP Elevation Index MapServer/8 collect_start/collect_end
la_sabine_river_lidar_a1_2018,2018,2018,LA_Sabine_River_Lidar_A1_2018,75810,USGS 3DEP Elevation Index MapServer/8 collect_start/collect_end
la_sabine_river_lidar_a2_2018,2018,2018,LA_Sabine_River_Lidar_A2_2018,75814,USGS 3DEP Elevation Index MapServer/8 collect_start/collect_end
la_sabine_river_lidar_a3_2018,2018,2018,LA_Sabine_River_Lidar_A3_2018,75817,USGS 3DEP Elevation Index MapServer/8 collect_start/collect_end
la_sabine_river_lidar_a4_2018,2018,2018,LA_Sabine_River_Lidar_A4_2018,75820,USGS 3DEP Elevation Index MapServer/8 collect_start/collect_end
la_sabine_river_lidar_a5_2018,2018,2018,LA_Sabine_River_Lidar_A5_2018,75823,USGS 3DEP Elevation Index MapServer/8 collect_start/collect_end
la_sabine_river_lidar_a6_2018,2018,2018,LA_Sabine_River_Lidar_A6_2018,191743,USGS 3DEP Elevation Index MapServer/8 collect_start/collect_end
la_soterrebonne_gi_2015,2015,2015,LA_SoTerrebonne_GI_2015,24793,USGS 3DEP Elevation Index MapServer/8 collect_start/collect_end
la_statewide_2002,2002,2002,LA_STATEWIDE_2002,-1392,USGS 3DEP Elevation Index MapServer/8 collect_start/collect_end
la_upperdeltaplain_2017,2017,2017,LA_UpperDeltaPlain_2017,42154,USGS 3DEP Elevation Index MapServer/8 collect_start/collect_end
ma_centraleastern_1_2021,2021,2021,MA_CentralEastern_1_2021,218599,USGS 3DEP Elevation Index MapServer/8 collect_start/collect_end
ma_centraleastern_2_2021,2021,2021,MA_CentralEastern_2_2021,226060,USGS 3DEP Elevation Index MapServer/8 collect_start/collect_end
ma_me_ma_ql1_utm18_l1_2015,2015,2015,MA_ME_MA_QL1_UTM18_L1_2015,30169,USGS 3DEP Elevation Index MapServer/8 collect_start/collect_end
ma_me_ma_ql2_utm18_l1_2015,2015,2015,MA_ME_MA_QL2_UTM18_L1_2015,42924,USGS 3DEP Elevation Index MapServer/8 collect_start/collect_end
ma_me_ma_ql2_utm18_l2_2015,2015,2015,MA_ME_MA_QL2_UTM18_L2_2015,42930,USGS 3DEP Elevation Index MapServer/8 collect_start/collect_end
ma_me_ma_ql2_utm19_l1_2015,2015,2015,MA_ME_MA_QL2_UTM19_L1_2015,42927,USGS 3DEP Elevation Index MapServer/8 collect_start/collect_end
ma_ne_cmgp_sandy_z18_2013,2013,2014,MA_NE_CMGP_Sandy_Z18_2013,186489,USGS 3DEP Elevation Index MapServer/8 collect_start/collect_end
ma_ne_cmgp_sandy_z19_a1_2015,2013,2014,MA_NE_CMGP_Sandy_Z19_A1_2015,68841,USGS 3DEP Elevation Index MapServer/8 collect_start/collect_end
ma_ne_cmgp_sandy_z19_a2_2015,2013,2014,MA_NE_CMGP_Sandy_Z19_A2_2015,74088,USGS 3DEP Elevation Index MapServer/8 collect_start/collect_end
ma_ne_cmgp_sandy_z19_a3_2015,2013,2014,MA_NE_CMGP_Sandy_Z19_A3_2015,68480,USGS 3DEP Elevation Index MapServer/8 collect_start/collect_end
ma_ne_cmgp_sandy_z19_a4_2015,2013,2014,MA_NE_CMGP_Sandy_Z19_A4_2015,68488,USGS 3DEP Elevation Index MapServer/8 collect_start/collect_end
ma_western_1_b24,2024,2024,MA_Western_1_B24,300803,USGS 3DEP Elevation Index MapServer/8 collect_start/collect_end
md_4county_1_d24,2024,2024,MD_4County_1_D24,301118,USGS 3DEP Elevation Index MapServer/8 collect_start/collect_end
md_4county_2_d24,2024,2024,MD_4County_2_D24,301119,USGS 3DEP Elevation Index MapServer/8 collect_start/collect_end
md_baltimore_2008,2008,2008,MD_BALTIMORE_2008,-1393,USGS 3DEP Elevation Index MapServer/8 collect_start/collect_end
md_calvertco_2011,2011,2011,MD_CALVERTCO_2011,3689,USGS 3DEP Elevation Index MapServer/8 collect_start/collect_end
md_central_processing_1_d24,2023,2023,MD_Central_Processing_1_D24,300731,USGS 3DEP Elevation Index MapServer/8 collect_start/collect_end
md_central_processing_2_d24,2023,2023,MD_Central_Processing_2_D24,300732,USGS 3DEP Elevation Index MapServer/8 collect_start/collect_end
md_central_processing_3_d24,2023,2023,MD_Central_Processing_3_D24,300733,USGS 3DEP Elevation Index MapServer/8 collect_start/collect_end
md_fema_alleganyco_2012,2012,2012,MD_FEMA_ALLEGANYCO_2012,2262,USGS 3DEP Elevation Index MapServer/8 collect_start/collect_end
md_fema_hoopersisland_2011,2011,2011,MD_FEMA_HOOPERSISLAND_2011,29703,USGS 3DEP Elevation Index MapServer/8 collect_start/collect_end
md_fema_washingtoncounty_2012,2012,2012,MD_FEMA_WASHINGTONCOUNTY_2012,2259,USGS 3DEP Elevation Index MapServer/8 collect_start/collect_end
md_fema_worcesterco_2011,2011,2011,MD_FEMA_WORCESTERCO_2011,1502,USGS 3DEP Elevation Index MapServer/8 collect_start/collect_end
md_garret_co_2014,2015,2015,MD_Garret_Co_2014,24864,USGS 3DEP Elevation Index MapServer/8 collect_start/collect_end
md_goldenbeach_2012,2012,2012,MD_GOLDENBEACH_2012,301008,USGS 3DEP Elevation Index MapServer/8 collect_start/collect_end
md_harfordco_2007,2007,2007,MD_HARFORDCO_2007,-1400,USGS 3DEP Elevation Index MapServer/8 collect_start/collect_end
md_hurricanejoaquin_2015,2015,2015,MD_HurricaneJoaquin_2015,67202,USGS 3DEP Elevation Index MapServer/8 collect_start/collect_end
md_kent_queenanne_caroline_2006,2006,2006,MD_KENT_QUEENANNE_CAROLINE_2006,-1401,USGS 3DEP Elevation Index MapServer/8 collect_start/collect_end
md_nrcs_lidar_2012,2012,2012,MD_NRCS_LIDAR_2012,2298,USGS 3DEP Elevation Index MapServer/8 collect_start/collect_end
md_pa_sandysupp_2014,2014,2015,MD_PA_SandySupp_2014,12551,USGS 3DEP Elevation Index MapServer/8 collect_start/collect_end
md_potomacp2_tb_2021,2021,2021,MD_PotomacP2_TB_2021,221905,USGS 3DEP Elevation Index MapServer/8 collect_start/collect_end
md_potomacp3_topobathymetric_1_d24,2024,2024,MD_PotomacP3_Topobathymetric_1_D24,300775,USGS 3DEP Elevation Index MapServer/8 collect_start/collect_end
md_potomacriver_bathy_2019,2019,2019,MD_PotomacRiver_Bathy_2019,183318,USGS 3DEP Elevation Index MapServer/8 collect_start/collect_end
md_southeast_1_2019,2020,2021,MD_Southeast_1_2019,193806,USGS 3DEP Elevation Index MapServer/8 collect_start/collect_end
md_statewide_2002,2002,2002,MD_STATEWIDE_2002,-1403,USGS 3DEP Elevation Index MapServer/8 collect_start/collect_end
md_statewide_2003,2003,2003,MD_STATEWIDE_2003,-1404,USGS 3DEP Elevation Index MapServer/8 collect_start/collect_end
md_statewide_2004,2004,2004,MD_STATEWIDE_2004,-1405,USGS 3DEP Elevation Index MapServer/8 collect_start/collect_end
md_statewide_2005,2005,2005,MD_STATEWIDE_2005,-1406,USGS 3DEP Elevation Index MapServer/8 collect_start/collect_end
md_va_ncb_kgeorge_1_2020,2020,2020,MD_VA_NCB_KGeorge_1_2020,197868,USGS 3DEP Elevation Index MapServer/8 collect_start/collect_end
md_va_sandy_ncr_2014,2014,2014,MD_VA_Sandy_NCR_2014,6242,USGS 3DEP Elevation Index MapServer/8 collect_start/collect_end
md_western_1_d21,2021,2021,MD_Western_1_D21,223523,USGS 3DEP Elevation Index MapServer/8 collect_start/collect_end
md_western_2_d21,2021,2021,MD_Western_2_D21,300150,USGS 3DEP Elevation Index MapServer/8 collect_start/collect_end
me_androscoggin_2009,2009,2009,ME_ANDROSCOGGIN_2009,-1407,USGS 3DEP Elevation Index MapServer/8 collect_start/collect_end
me_aroostookco_2012,2012,2012,ME_AROOSTOOKCO_2012,-1408,USGS 3DEP Elevation Index MapServer/8 collect_start/collect_end
me_augusta_2006,2006,2007,ME_AUGUSTA_2006,-1409,USGS 3DEP Elevation Index MapServer/8 collect_start/collect_end
me_crownofmaine_b1_2018,2018,2018,ME_CrownofMaine_B1_2018,77661,USGS 3DEP Elevation Index MapServer/8 collect_start/collect_end
me_crownofmaine_b2_2018,2018,2019,ME_CrownofMaine_B2_2018,77672,USGS 3DEP Elevation Index MapServer/8 collect_start/collect_end
me_cumberland_york_2006,2006,2006,ME_CUMBERLAND_YORK_2006,-1410,USGS 3DEP Elevation Index MapServer/8 collect_start/collect_end
me_eastern_b1_2017,2017,2017,ME_Eastern_B1_2017,66486,USGS 3DEP Elevation Index MapServer/8 collect_start/collect_end
me_eastern_b2_2017,2017,2017,ME_Eastern_B2_2017,79301,USGS 3DEP Elevation Index MapServer/8 collect_start/collect_end
me_eastern_tl_2017,2017,2017,ME_Eastern_TL_2017,180633,USGS 3DEP Elevation Index MapServer/8 collect_start/collect_end
me_me_ma_ql2_l1_2015,2015,2015,ME_ME_MA_QL2_L1_2015,64067,USGS 3DEP Elevation Index MapServer/8 collect_start/collect_end
me_me_ma_ql2_l2_2015,2015,2015,ME_ME_MA_QL2_L2_2015,64076,USGS 3DEP Elevation Index MapServer/8 collect_start/collect_end
me_midcentral_1_b23,2023,2023,ME_MidCentral_1_B23,300513,USGS 3DEP Elevation Index MapServer/8 collect_start/collect_end
me_midcoast_1_2021,2021,2021,ME_MidCoast_1_2021,220045,USGS 3DEP Elevation Index MapServer/8 collect_start/collect_end
me_midcoast_2_2021,2021,2022,ME_MidCoast_2_2021,300071,USGS 3DEP Elevation Index MapServer/8 collect_start/collect_end
me_midcoast_3_2021,2021,2022,ME_MidCoast_3_2021,300238,USGS 3DEP Elevation Index MapServer/8 collect_start/collect_end
me_nrcs_lot4_2013,2013,2013,ME_NRCS_Lot4_2013,6478,USGS 3DEP Elevation Index MapServer/8 collect_start/collect_end
me_southcentral_1_b22,2022,2022,ME_SouthCentral_1_B22,230147,USGS 3DEP Elevation Index MapServer/8 collect_start/collect_end
me_southcoastal_1_2020,2020,2020,ME_SouthCoastal_1_2020,191382,USGS 3DEP Elevation Index MapServer/8 collect_start/collect_end
me_southcoastal_2_2020,2020,2020,ME_SouthCoastal_2_2020,212010,USGS 3DEP Elevation Index MapServer/8 collect_start/collect_end
me_southernareas_2012,2012,2012,ME_SouthernAreas_2012,4056,USGS 3DEP Elevation Index MapServer/8 collect_start/collect_end
me_umbagog_2016,2017,2017,ME_Umbagog_2016,59162,USGS 3DEP Elevation Index MapServer/8 collect_start/collect_end
me_various_2007,2007,2007,ME_VARIOUS_2007,-1411,USGS 3DEP Elevation Index MapServer/8 collect_start/collect_end
me_western_2016,2016,2016,ME_Western_2016,50627,USGS 3DEP Elevation Index MapServer/8 collect_start/collect_end
me_westernmtns_1_b24,2024,2024,ME_WesternMtns_1_B24,301127,USGS 3DEP Elevation Index MapServer/8 collect_start/collect_end
mi_13co_berrienco_2015,2015,2015,MI_13Co_BerrienCO_2015,46457,USGS 3DEP Elevation Index MapServer/8 collect_start/collect_end
mi_13co_vanburrenco_2015,2014,2014,MI_13Co_VanBurrenCo_2015,46460,USGS 3DEP Elevation Index MapServer/8 collect_start/collect_end
mi_16co_clare_2015,2016,2016,MI_16Co_Clare_2015,56881,USGS 3DEP Elevation Index MapServer/8 collect_start/collect_end
mi_16co_lapeer_2015,2015,2015,MI_16Co_Lapeer_2015,56856,USGS 3DEP Elevation Index MapServer/8 collect_start/collect_end
mi_16co_mecosta_2015,2016,2016,MI_16Co_Mecosta_2015,56875,USGS 3DEP Elevation Index MapServer/8 collect_start/collect_end
mi_16co_newaygo_2015,2016,2016,MI_16Co_Newaygo_2015,56872,USGS 3DEP Elevation Index MapServer/8 collect_start/collect_end
mi_16co_osceola_2015,2016,2016,MI_16Co_Osceola_2015,56878,USGS 3DEP Elevation Index MapServer/8 collect_start/collect_end
mi_16co_roscommon_2015,2016,2016,MI_16Co_Roscommon_2015,56890,USGS 3DEP Elevation Index MapServer/8 collect_start/collect_end
mi_16co_shiawassee_2015,2015,2015,MI_16Co_Shiawassee_2015,56845,USGS 3DEP Elevation Index MapServer/8 collect_start/collect_end
mi_16co_stjoseph_2015,2015,2016,MI_16Co_StJoseph_2015,56863,USGS 3DEP Elevation Index MapServer/8 collect_start/collect_end
mi_2020tittabawasseeflood_1_c26,2020,2020,MI_2020TittabawasseeFlood_1_C26,301291,USGS 3DEP Elevation Index MapServer/8 collect_start/collect_end
mi_31co_arenac_2016,2016,2017,MI_31Co_Arenac_2016,69537,USGS 3DEP Elevation Index MapServer/8 collect_start/collect_end
mi_31co_arenac_tl_2016,2016,2017,MI_31Co_Arenac_TL_2016,178344,USGS 3DEP Elevation Index MapServer/8 collect_start/collect_end
mi_31co_barry_2016,2017,2018,MI_31Co_Barry_2016,69531,USGS 3DEP Elevation Index MapServer/8 collect_start/collect_end
mi_31co_bay_2016,2015,2015,MI_31Co_Bay_2016,67685,USGS 3DEP Elevation Index MapServer/8 collect_start/collect_end
mi_31co_chippewa_2017,2017,2017,MI_31Co_Chippewa_2017,77641,USGS 3DEP Elevation Index MapServer/8 collect_start/collect_end
mi_31co_chippewaco_tl_2017,2017,2017,MI_31Co_ChippewaCo_TL_2017,178362,USGS 3DEP Elevation Index MapServer/8 collect_start/collect_end
mi_31co_clinton_2017,2017,2017,MI_31Co_Clinton_2017,69579,USGS 3DEP Elevation Index MapServer/8 collect_start/collect_end
mi_31co_eaton_2016,2017,2018,MI_31Co_Eaton_2016,69582,USGS 3DEP Elevation Index MapServer/8 collect_start/collect_end
mi_31co_eatonb_2016,2018,2018,MI_31Co_EatonB_2016,229117,USGS 3DEP Elevation Index MapServer/8 collect_start/collect_end
mi_31co_gladwin_2016,2016,2017,MI_31Co_Gladwin_2016,69540,USGS 3DEP Elevation Index MapServer/8 collect_start/collect_end
mi_31co_hillsdale_2016,2017,2017,MI_31Co_Hillsdale_2016,69611,USGS 3DEP Elevation Index MapServer/8 collect_start/collect_end
mi_31co_huron_2016,2016,2017,MI_31Co_Huron_2016,69549,USGS 3DEP Elevation Index MapServer/8 collect_start/collect_end
mi_31co_ingham_2017,2017,2018,MI_31Co_Ingham_2017,69585,USGS 3DEP Elevation Index MapServer/8 collect_start/collect_end
mi_31co_inghamb_2016,2017,2018,MI_31Co_InghamB_2016,229569,USGS 3DEP Elevation Index MapServer/8 collect_start/collect_end
mi_31co_ionia_2016,2017,2017,MI_31Co_Ionia_2016,69576,USGS 3DEP Elevation Index MapServer/8 collect_start/collect_end
mi_31co_iosco_2016,2016,2016,MI_31Co_Iosco_2016,64538,USGS 3DEP Elevation Index MapServer/8 collect_start/collect_end
mi_31co_isabella_2016,2017,2017,MI_31Co_Isabella_2016,69543,USGS 3DEP Elevation Index MapServer/8 collect_start/collect_end
mi_31co_isabella_tl_2016,2017,2017,MI_31Co_Isabella_TL_2016,178329,USGS 3DEP Elevation Index MapServer/8 collect_start/collect_end
mi_31co_jackson_2016,2017,2017,MI_31Co_Jackson_2016,69602,USGS 3DEP Elevation Index MapServer/8 collect_start/collect_end
mi_31co_kent_2016,2017,2018,MI_31Co_Kent_2016,69573,USGS 3DEP Elevation Index MapServer/8 collect_start/collect_end
mi_31co_lenawee_2017,2017,2017,MI_31Co_Lenawee_2017,69614,USGS 3DEP Elevation Index MapServer/8 collect_start/collect_end
mi_31co_livingston_2018,2017,2018,MI_31Co_Livingston_2018,69590,USGS 3DEP Elevation Index MapServer/8 collect_start/collect_end
mi_31co_macomb_2016,2017,2017,MI_31Co_Macomb_2016,69596,USGS 3DEP Elevation Index MapServer/8 collect_start/collect_end
mi_31co_mason_2017,2017,2017,MI_31Co_Mason_2017,69552,USGS 3DEP Elevation Index MapServer/8 collect_start/collect_end
mi_31co_midland_2016,2017,2017,MI_31Co_Midland_2016,69546,USGS 3DEP Elevation Index MapServer/8 collect_start/collect_end
mi_31co_monroe_2016,2017,2017,MI_31Co_Monroe_2016,69617,USGS 3DEP Elevation Index MapServer/8 collect_start/collect_end
mi_31co_oakland_2016,2017,2017,MI_31Co_Oakland_2016,69593,USGS 3DEP Elevation Index MapServer/8 collect_start/collect_end
mi_31co_oceana_2016,2017,2017,MI_31Co_Oceana_2016,69555,USGS 3DEP Elevation Index MapServer/8 collect_start/collect_end
mi_31co_ogemaw_2016,2016,2016,MI_31Co_Ogemaw_2016,69507,USGS 3DEP Elevation Index MapServer/8 collect_start/collect_end
mi_31co_ottawa_2016,2017,2018,MI_31Co_Ottawa_2016,69570,USGS 3DEP Elevation Index MapServer/8 collect_start/collect_end
mi_31co_saginaw_2016,2015,2015,MI_31Co_Saginaw_2016,69558,USGS 3DEP Elevation Index MapServer/8 collect_start/collect_end
mi_31co_sanilac_2017,2017,2017,MI_31Co_Sanilac_2017,69564,USGS 3DEP Elevation Index MapServer/8 collect_start/collect_end
mi_31co_stclair_2016,2016,2017,MI_31Co_StClair_2016,69567,USGS 3DEP Elevation Index MapServer/8 collect_start/collect_end
mi_31co_tuscola_2016,2016,2017,MI_31Co_Tuscola_2016,69561,USGS 3DEP Elevation Index MapServer/8 collect_start/collect_end
mi_31co_washtenaw_2016,2017,2017,MI_31Co_Washtenaw_2016,69605,USGS 3DEP Elevation Index MapServer/8 collect_start/collect_end
mi_algerco_2015,2015,2015,MI_AlgerCo_2015,47783,USGS 3DEP Elevation Index MapServer/8 collect_start/collect_end
mi_alleganco_2015,2014,2015,MI_AlleganCo_2015,46444,USGS 3DEP Elevation Index MapServer/8 collect_start/collect_end
mi_baraga_2015,2015,2015,MI_Baraga_2015,47786,USGS 3DEP Elevation Index MapServer/8 collect_start/collect_end
mi_benzieco_2015,2015,2015,MI_BenzieCo_2015,47801,USGS 3DEP Elevation Index MapServer/8 collect_start/collect_end
mi_branchco_2017,2017,2017,MI_BranchCo_2017,78234,USGS 3DEP Elevation Index MapServer/8 collect_start/collect_end
mi_calhounco_2017,2017,2017,MI_CalhounCo_2017,78240,USGS 3DEP Elevation Index MapServer/8 collect_start/collect_end
mi_cass_2015,2015,2016,MI_Cass_2015,56860,USGS 3DEP Elevation Index MapServer/8 collect_start/collect_end
mi_charlevoix_2018,2018,2018,MI_Charlevoix_2018,77275,USGS 3DEP Elevation Index MapServer/8 collect_start/collect_end
mi_charlevoix_islands_2016,2015,2016,MI_Charlevoix_Islands_2016,171095,USGS 3DEP Elevation Index MapServer/8 collect_start/collect_end
mi_charlevoix_islands_tl_2018,2015,2015,MI_Charlevoix_Islands_TL_2018,184345,USGS 3DEP Elevation Index MapServer/8 collect_start/collect_end
mi_deltaco_2015,2015,2015,MI_DeltaCo_2015,47789,USGS 3DEP Elevation Index MapServer/8 collect_start/collect_end
mi_dickinsonco_nrcs_2012,2012,2012,MI_DICKINSONCO_NRCS_2012,2000,USGS 3DEP Elevation Index MapServer/8 collect_start/collect_end
mi_emmetco_2015,2015,2015,MI_EmmetCo_2015,47798,USGS 3DEP Elevation Index MapServer/8 collect_start/collect_end
mi_fema_alcona_oscoda_2019,2019,2019,MI_FEMA_Alcona_Oscoda_2019,181556,USGS 3DEP Elevation Index MapServer/8 collect_start/collect_end
mi_fema_alpena_montmorency_2019,2020,2020,MI_FEMA_Alpena_Montmorency_2019,181564,USGS 3DEP Elevation Index MapServer/8 collect_start/collect_end
mi_fema_antrim_otsego_2019,2019,2020,MI_FEMA_Antrim_Otsego_2019,174048,USGS 3DEP Elevation Index MapServer/8 collect_start/collect_end
mi_fema_cheboygan_2019,2019,2019,MI_FEMA_Cheboygan_2019,181558,USGS 3DEP Elevation Index MapServer/8 collect_start/collect_end
mi_fema_chippewa_2019,2019,2019,MI_FEMA_Chippewa_2019,181560,USGS 3DEP Elevation Index MapServer/8 collect_start/collect_end
mi_fema_crawford_kalkaska_2019,2019,2019,MI_FEMA_Crawford_Kalkaska_2019,181554,USGS 3DEP Elevation Index MapServer/8 collect_start/collect_end
mi_fema_dickinson_iron_menominee_2019,2020,2020,MI_FEMA_Dickinson_Iron_Menominee_2019,181566,USGS 3DEP Elevation Index MapServer/8 collect_start/collect_end
mi_fema_gogebic_2019,2019,2020,MI_FEMA_Gogebic_2019,181568,USGS 3DEP Elevation Index MapServer/8 collect_start/collect_end
mi_fema_houghton_keweenaw_ontonagon_2019,2019,2021,MI_FEMA_Houghton_Keweenaw_Ontonagon_2019,181570,USGS 3DEP Elevation Index MapServer/8 collect_start/collect_end
mi_fema_luce_schoolcraft_2019,2020,2020,MI_FEMA_Luce_Schoolcraft_2019,181572,USGS 3DEP Elevation Index MapServer/8 collect_start/collect_end
mi_femahq_2018,2018,2018,MI_FEMAHQ_2018,78929,USGS 3DEP Elevation Index MapServer/8 collect_start/collect_end
mi_genesseeco_2015,2015,2016,MI_GenesseeCo_2015,56853,USGS 3DEP Elevation Index MapServer/8 collect_start/collect_end
mi_grandtraverseco_2015,2015,2015,MI_GrandTraverseCO_2015,47804,USGS 3DEP Elevation Index MapServer/8 collect_start/collect_end
mi_gratiotco_2015,2015,2015,MI_GratiotCo_2015,69242,USGS 3DEP Elevation Index MapServer/8 collect_start/collect_end
mi_hiawathanf_ql1_2018,2018,2019,MI_HiawathaNF_QL1_2018,182094,USGS 3DEP Elevation Index MapServer/8 collect_start/collect_end
mi_hiawathanf_ql2_2018,2018,2018,MI_HiawathaNF_QL2_2018,172503,USGS 3DEP Elevation Index MapServer/8 collect_start/collect_end
mi_kalamazoo_2015,2015,2015,MI_Kalamazoo_2015,56866,USGS 3DEP Elevation Index MapServer/8 collect_start/collect_end
mi_lake_2016,2016,2016,MI_Lake_2016,56893,USGS 3DEP Elevation Index MapServer/8 collect_start/collect_end
mi_lakeerie_utm16_2010,2010,2010,MI_LAKEERIE_UTM16_2010,-1413,USGS 3DEP Elevation Index MapServer/8 collect_start/collect_end
mi_lakeerie_utm17_2010,2010,2010,MI_LAKEERIE_UTM17_2010,-1414,USGS 3DEP Elevation Index MapServer/8 collect_start/collect_end
mi_leelanauco_2015,2014,2014,MI_LeelanauCo_2015,47807,USGS 3DEP Elevation Index MapServer/8 collect_start/collect_end
mi_mackinacco_2015,2015,2015,MI_MackinacCo_2015,47795,USGS 3DEP Elevation Index MapServer/8 collect_start/collect_end
mi_manisteeco_2015,2014,2014,MI_ManisteeCo_2015,47810,USGS 3DEP Elevation Index MapServer/8 collect_start/collect_end
mi_marquette_2015,2015,2016,MI_Marquette_2015,47792,USGS 3DEP Elevation Index MapServer/8 collect_start/collect_end
mi_missaukee_2016,2016,2016,MI_Missaukee_2016,56887,USGS 3DEP Elevation Index MapServer/8 collect_start/collect_end
mi_montcalm_2015,2018,2018,MI_Montcalm_2015,56896,USGS 3DEP Elevation Index MapServer/8 collect_start/collect_end
mi_muskegon_2015,2016,2016,MI_Muskegon_2015,56869,USGS 3DEP Elevation Index MapServer/8 collect_start/collect_end
mi_muskegonco_2013,2013,2014,MI_MuskegonCo_2013,6008,USGS 3DEP Elevation Index MapServer/8 collect_start/collect_end
mi_olga_lake_lot5_2016,2016,2016,MI_Olga_Lake_Lot5_2016,49675,USGS 3DEP Elevation Index MapServer/8 collect_start/collect_end
mi_ottawa_nf_2017,2018,2018,MI_Ottawa_NF_2017,73810,USGS 3DEP Elevation Index MapServer/8 collect_start/collect_end
mi_ottawa_nf_tl_2017,2018,2018,MI_Ottawa_NF_TL_2017,178520,USGS 3DEP Elevation Index MapServer/8 collect_start/collect_end
mi_saginawbay_2011,2011,2012,MI_SAGINAWBAY_2011,-1415,USGS 3DEP Elevation Index MapServer/8 collect_start/collect_end
mi_washtenawco_2009,2009,2009,MI_WASHTENAWCO_2009,-1416,USGS 3DEP Elevation Index MapServer/8 collect_start/collect_end
mi_wayneco_2009,2009,2009,MI_WAYNECO_2009,-1417,USGS 3DEP Elevation Index MapServer/8 collect_start/collect_end
mi_wayneco_2017,2017,2017,MI_WayneCo_2017,67614,USGS 3DEP Elevation Index MapServer/8 collect_start/collect_end
mi_wexford_2016,2016,2016,MI_Wexford_2016,56884,USGS 3DEP Elevation Index MapServer/8 collect_start/collect_end
mn_arrowhead_b1_2011,2011,2011,MN_Arrowhead_B1_2011,5093,USGS 3DEP Elevation Index MapServer/8 collect_start/collect_end
mn_arrowhead_b2_2011,2011,2011,MN_Arrowhead_B2_2011,300823,USGS 3DEP Elevation Index MapServer/8 collect_start/collect_end
mn_arrowhead_b3_2011,2011,2011,MN_Arrowhead_B3_2011,300824,USGS 3DEP Elevation Index MapServer/8 collect_start/collect_end
mn_arrowhead_b4_2011,2011,2011,MN_Arrowhead_B4_2011,300825,USGS 3DEP Elevation Index MapServer/8 collect_start/collect_end
mn_arrowhead_b5_2011,2011,2011,MN_Arrowhead_B5_2011,300826,USGS 3DEP Elevation Index MapServer/8 collect_start/collect_end
mn_beckerco_1_2021,2022,2022,MN_BeckerCo_1_2021,223404,USGS 3DEP Elevation Index MapServer/8 collect_start/collect_end
mn_blueearth_2011,2011,2011,MN_BlueEarth_2011,-1418,USGS 3DEP Elevation Index MapServer/8 collect_start/collect_end
mn_centrallakes_block1_2012,2012,2012,MN_CentralLakes_Block1_2012,5601,USGS 3DEP Elevation Index MapServer/8 collect_start/collect_end
mn_centrallakes_block2_2012,2012,2012,MN_CentralLakes_Block2_2012,300836,USGS 3DEP Elevation Index MapServer/8 collect_start/collect_end
mn_centrallakes_block3_2012,2012,2012,MN_CentralLakes_Block3_2012,300837,USGS 3DEP Elevation Index MapServer/8 collect_start/collect_end
mn_centrallakes_block4_2012,2012,2012,MN_CentralLakes_Block4_2012,300838,USGS 3DEP Elevation Index MapServer/8 collect_start/collect_end
mn_centrallakes_block5_2012,2012,2012,MN_CentralLakes_Block5_2012,300839,USGS 3DEP Elevation Index MapServer/8 collect_start/collect_end
mn_centralmissriver_1_b22,2022,2022,MN_CentralMissRiver_1_B22,230948,USGS 3DEP Elevation Index MapServer/8 collect_start/collect_end
mn_centralmissriver_2_b22,2022,2022,MN_CentralMissRiver_2_B22,300156,USGS 3DEP Elevation Index MapServer/8 collect_start/collect_end
mn_centralmissriver_3_b22,2022,2023,MN_CentralMissRiver_3_B22,300157,USGS 3DEP Elevation Index MapServer/8 collect_start/collect_end
mn_centralmissriver_4_b22,2022,2022,MN_CentralMissRiver_4_B22,300158,USGS 3DEP Elevation Index MapServer/8 collect_start/collect_end
mn_centralmissriver_5_b22,2022,2022,MN_CentralMissRiver_5_B22,300159,USGS 3DEP Elevation Index MapServer/8 collect_start/collect_end
mn_centralmissriver_6_b22,2022,2022,MN_CentralMissRiver_6_B22,300160,USGS 3DEP Elevation Index MapServer/8 collect_start/collect_end
mn_chippewaco_2010,2010,2011,MN_CHIPPEWACO_2010,2825,USGS 3DEP Elevation Index MapServer/8 collect_start/collect_end
mn_cottonwoodco_2010,2010,2011,MN_COTTONWOODCO_2010,2827,USGS 3DEP Elevation Index MapServer/8 collect_start/collect_end
mn_douglascounty_1_a22,2022,2022,MN_DouglasCounty_1_A22,300625,USGS 3DEP Elevation Index MapServer/8 collect_start/collect_end
mn_goodhueco_1_2020,2020,2020,MN_GoodhueCo_1_2020,191386,USGS 3DEP Elevation Index MapServer/8 collect_start/collect_end
mn_kandiyohico_2010,2010,2011,MN_KANDIYOHICO_2010,2835,USGS 3DEP Elevation Index MapServer/8 collect_start/collect_end
mn_lakecounty_2018,2018,2018,MN_LakeCounty_2018,187243,USGS 3DEP Elevation Index MapServer/8 collect_start/collect_end
mn_lakesuperior_1_2021,2021,2021,MN_LakeSuperior_1_2021,218907,USGS 3DEP Elevation Index MapServer/8 collect_start/collect_end
mn_lakesuperior_2_2021,2021,2021,MN_LakeSuperior_2_2021,228424,USGS 3DEP Elevation Index MapServer/8 collect_start/collect_end
mn_moriverbigsioux_1_b21,2022,2022,MN_MORiverBigSioux_1_B21,223443,USGS 3DEP Elevation Index MapServer/8 collect_start/collect_end
mn_murrayco_2010,2010,2011,MN_MURRAYCO_2010,2847,USGS 3DEP Elevation Index MapServer/8 collect_start/collect_end
mn_phase1_brownco_2010,2010,2010,MN_Phase1_BrownCO_2010,2822,USGS 3DEP Elevation Index MapServer/8 collect_start/collect_end
mn_phase1_douglasco_2010,2010,2010,MN_Phase1_DouglasCO_2010,2829,USGS 3DEP Elevation Index MapServer/8 collect_start/collect_end
mn_phase1_fairbaultco_2010,2010,2010,MN_Phase1_FairbaultCO_2010,2831,USGS 3DEP Elevation Index MapServer/8 collect_start/collect_end
mn_phase1_lacquiparleco_2010,2010,2010,MN_Phase1_LacQuiParleCo_2010,2837,USGS 3DEP Elevation Index MapServer/8 collect_start/collect_end
mn_phase1_lesueurco_2010,2010,2010,MN_Phase1_LeSueurCO_2010,2839,USGS 3DEP Elevation Index MapServer/8 collect_start/collect_end
mn_phase1_lincolnco_2010,2010,2016,MN_Phase1_LincolnCo_2010,2841,USGS 3DEP Elevation Index MapServer/8 collect_start/collect_end
mn_phase1_lyonco_2010,2010,2010,MN_Phase1_LyonCO_2010,2843,USGS 3DEP Elevation Index MapServer/8 collect_start/collect_end
mn_phase1_martinco_2010,2010,2010,MN_Phase1_MartinCO_2010,2845,USGS 3DEP Elevation Index MapServer/8 collect_start/collect_end
mn_phase1_nicolletco_2010,2010,2010,MN_Phase1_NicolletCO_2010,2849,USGS 3DEP Elevation Index MapServer/8 collect_start/collect_end
mn_phase1_nobles_2010,2010,2010,MN_Phase1_Nobles_2010,2851,USGS 3DEP Elevation Index MapServer/8 collect_start/collect_end
mn_phase1_pipestoneco_2010,2010,2010,MN_Phase1_PipestoneCO_2010,2853,USGS 3DEP Elevation Index MapServer/8 collect_start/collect_end
mn_phase1_popeco_2011,2010,2010,MN_Phase1_PopeCO_2011,2855,USGS 3DEP Elevation Index MapServer/8 collect_start/collect_end
mn_phase1_redwoodco_2010,2010,2010,MN_Phase1_RedwoodCO_2010,2857,USGS 3DEP Elevation Index MapServer/8 collect_start/collect_end
mn_phase1_watonwanco_2010,2010,2010,MN_Phase1_WatonwanCO_2010,2867,USGS 3DEP Elevation Index MapServer/8 collect_start/collect_end
mn_phase1_yellowmedicineco_2010,2010,2010,MN_Phase1_YellowMedicineCO_2010,2871,USGS 3DEP Elevation Index MapServer/8 collect_start/collect_end
mn_phase4_metro_a_c_2011,2016,2016,MN_Phase4_Metro_A_C_2011,300827,USGS 3DEP Elevation Index MapServer/8 collect_start/collect_end
mn_phase4_metro_b_2011,2011,2011,MN_Phase4_Metro_B_2011,300828,USGS 3DEP Elevation Index MapServer/8 collect_start/collect_end
mn_phase4_metro_d_2011,2011,2011,MN_Phase4_Metro_D_2011,300829,USGS 3DEP Elevation Index MapServer/8 collect_start/collect_end
mn_phase4_metro_dakota_2011,2011,2011,MN_Phase4_Metro_Dakota_2011,300830,USGS 3DEP Elevation Index MapServer/8 collect_start/collect_end
mn_phase4_metro_e_2011,2011,2011,MN_Phase4_Metro_E_2011,300831,USGS 3DEP Elevation Index MapServer/8 collect_start/collect_end
mn_phase4_metro_f_2011,2011,2011,MN_Phase4_Metro_F_2011,300832,USGS 3DEP Elevation Index MapServer/8 collect_start/collect_end
mn_phase4_metro_g_2011,2011,2012,MN_Phase4_Metro_G_2011,300833,USGS 3DEP Elevation Index MapServer/8 collect_start/collect_end
mn_phase4_metro_h_2011,2011,2012,MN_Phase4_Metro_H_2011,300834,USGS 3DEP Elevation Index MapServer/8 collect_start/collect_end
mn_phase4_metro_maplegrove_2011,2011,2011,MN_Phase4_Metro_MapleGrove_2011,300835,USGS 3DEP Elevation Index MapServer/8 collect_start/collect_end
mn_phase4_metro_metro_2011,2011,2011,MN_Phase4_Metro_Metro_2011,5598,USGS 3DEP Elevation Index MapServer/8 collect_start/collect_end
mn_phase_jacksonco_2011,2016,2016,MN_Phase_JacksonCO_2011,2833,USGS 3DEP Elevation Index MapServer/8 collect_start/collect_end
mn_pineco_2006,2006,2006,MN_PINECO_2006,575,USGS 3DEP Elevation Index MapServer/8 collect_start/collect_end
mn_rainylake_1_2020,2021,2021,MN_RainyLake_1_2020,197389,USGS 3DEP Elevation Index MapServer/8 collect_start/collect_end
mn_rainylake_2_2020,2021,2021,MN_RainyLake_2_2020,300017,USGS 3DEP Elevation Index MapServer/8 collect_start/collect_end
mn_redriver_1_d23,2024,2024,MN_RedRiver_1_D23,300611,USGS 3DEP Elevation Index MapServer/8 collect_start/collect_end
mn_redriver_2006,2006,2006,MN_REDRIVER_2006,-1424,USGS 3DEP Elevation Index MapServer/8 collect_start/collect_end
mn_redriver_2_d23,2024,2024,MN_RedRiver_2_D23,300612,USGS 3DEP Elevation Index MapServer/8 collect_start/collect_end
mn_redriver_3_d23,2024,2024,MN_RedRiver_3_D23,300613,USGS 3DEP Elevation Index MapServer/8 collect_start/collect_end
mn_redriver_4_d23,2024,2024,MN_RedRiver_4_D23,300614,USGS 3DEP Elevation Index MapServer/8 collect_start/collect_end
mn_renvilleco_2010,2010,2011,MN_RENVILLECO_2010,2859,USGS 3DEP Elevation Index MapServer/8 collect_start/collect_end
mn_rivereast_1_b23,2023,2023,MN_RiverEast_1_B23,300470,USGS 3DEP Elevation Index MapServer/8 collect_start/collect_end
mn_rivereast_2_b23,2023,2024,MN_RiverEast_2_B23,300662,USGS 3DEP Elevation Index MapServer/8 collect_start/collect_end
mn_riverwest_1_b23,2023,2023,MN_RiverWest_1_B23,300408,USGS 3DEP Elevation Index MapServer/8 collect_start/collect_end
mn_riverwest_2_b23,2023,2023,MN_RiverWest_2_B23,300409,USGS 3DEP Elevation Index MapServer/8 collect_start/collect_end
mn_riverwest_3_b23,2023,2023,MN_RiverWest_3_B23,300410,USGS 3DEP Elevation Index MapServer/8 collect_start/collect_end
mn_rockco_2010,2010,2011,MN_ROCKCO_2010,2861,USGS 3DEP Elevation Index MapServer/8 collect_start/collect_end
mn_sedriftless_1_2021,2021,2021,MN_SEDriftless_1_2021,228969,USGS 3DEP Elevation Index MapServer/8 collect_start/collect_end
mn_sedriftless_2_2021,2021,2022,MN_SEDriftless_2_2021,222535,USGS 3DEP Elevation Index MapServer/8 collect_start/collect_end
mn_sedriftless_3_2021,2021,2022,MN_SEDriftless_3_2021,228972,USGS 3DEP Elevation Index MapServer/8 collect_start/collect_end
mn_sedriftless_4_2021,2022,2022,MN_SEDriftless_4_2021,228988,USGS 3DEP Elevation Index MapServer/8 collect_start/collect_end
mn_sedriftless_5_2021,2021,2021,MN_SEDriftless_5_2021,228991,USGS 3DEP Elevation Index MapServer/8 collect_start/collect_end
mn_semn_2008,2008,2008,MN_SEMN_2008,-1427,USGS 3DEP Elevation Index MapServer/8 collect_start/collect_end
mn_sibleyco_2010,2010,2011,MN_SIBLEYCO_2010,2863,USGS 3DEP Elevation Index MapServer/8 collect_start/collect_end
mn_swiftco_2010,2010,2011,MN_SWIFTCO_2010,2865,USGS 3DEP Elevation Index MapServer/8 collect_start/collect_end
mn_uppermissriver_1_b22,2022,2022,MN_UpperMissRiver_1_B22,230955,USGS 3DEP Elevation Index MapServer/8 collect_start/collect_end
mn_uppermissriver_2_b22,2022,2022,MN_UpperMissRiver_2_B22,300138,USGS 3DEP Elevation Index MapServer/8 collect_start/collect_end
mn_uppermissriver_3_b22,2022,2022,MN_UpperMissRiver_3_B22,300139,USGS 3DEP Elevation Index MapServer/8 collect_start/collect_end
mn_uppermissriver_4_b22,2022,2023,MN_UpperMissRiver_4_B22,300140,USGS 3DEP Elevation Index MapServer/8 collect_start/collect_end
mn_uppermissriver_5_b22,2022,2022,MN_UpperMissRiver_5_B22,300141,USGS 3DEP Elevation Index MapServer/8 collect_start/collect_end
mn_uppermissriver_6_b22,2022,2022,MN_UpperMissRiver_6_B22,300142,USGS 3DEP Elevation Index MapServer/8 collect_start/collect_end
mn_wasecaco_2010,2010,2011,MN_WASECACO_2010,2869,USGS 3DEP Elevation Index MapServer/8 collect_start/collect_end
mo_4counties_2006,2006,2006,MO_4COUNTIES_2006,-1431,USGS 3DEP Elevation Index MapServer/8 collect_start/collect_end
mo_7co_1_d23,2023,2023,MO_7Co_1_D23,300429,USGS 3DEP Elevation Index MapServer/8 collect_start/collect_end
mo_adairco_2011,2011,2012,MO_ADAIRCO_2011,1086,USGS 3DEP Elevation Index MapServer/8 collect_start/collect_end
mo_ar_atchison_holt_andrew_2013,2013,2013,MO_AR_Atchison_Holt_Andrew_2013,11046,USGS 3DEP Elevation Index MapServer/8 collect_start/collect_end
mo_ar_capegirardeau_stoddard_2013,2013,2014,MO_AR_CapeGirardeau_Stoddard_2013,11072,USGS 3DEP Elevation Index MapServer/8 collect_start/collect_end
mo_ar_capegirardeau_stoddard_utm15_2013,2013,2015,MO_AR_CapeGirardeau_Stoddard_UTM15_2013,300631,USGS 3DEP Elevation Index MapServer/8 collect_start/collect_end
mo_ar_clark_lewis_2014,2014,2014,MO_AR_Clark_Lewis_2014,11068,USGS 3DEP Elevation Index MapServer/8 collect_start/collect_end
mo_ar_crittendencross_utm15_2014,2014,2014,MO_AR_CrittendenCross_UTM15_2014,63091,USGS 3DEP Elevation Index MapServer/8 collect_start/collect_end
mo_ar_crittendencross_utm16_2014,2014,2014,MO_AR_CrittendenCross_UTM16_2014,68298,USGS 3DEP Elevation Index MapServer/8 collect_start/collect_end
mo_ar_game_fish_wma_2014,2014,2014,MO_AR_Game_Fish_WMA_2014,44478,USGS 3DEP Elevation Index MapServer/8 collect_start/collect_end
mo_ar_knox_shelby_2014,2014,2014,MO_AR_Knox_Shelby_2014,11066,USGS 3DEP Elevation Index MapServer/8 collect_start/collect_end
mo_ar_marion_ralls_2013,2013,2014,MO_AR_Marion_Ralls_2013,11054,USGS 3DEP Elevation Index MapServer/8 collect_start/collect_end
mo_ar_mercer_grundy_2014,2015,2015,MO_AR_Mercer_Grundy_2014,11062,USGS 3DEP Elevation Index MapServer/8 collect_start/collect_end
mo_ar_miss_laud_utm15_2014,2014,2014,MO_AR_Miss_Laud_UTM15_2014,300954,USGS 3DEP Elevation Index MapServer/8 collect_start/collect_end
mo_ar_miss_laud_utm16_2014,2014,2014,MO_AR_Miss_Laud_UTM16_2014,11084,USGS 3DEP Elevation Index MapServer/8 collect_start/collect_end
mo_ar_miss_stoddard_utm15_2014,2014,2015,MO_AR_Miss_Stoddard_UTM15_2014,300955,USGS 3DEP Elevation Index MapServer/8 collect_start/collect_end
mo_ar_miss_stoddard_utm16_2014,2014,2015,MO_AR_Miss_Stoddard_UTM16_2014,11074,USGS 3DEP Elevation Index MapServer/8 collect_start/collect_end
mo_ar_monroe_lee_phillips_2014,2014,2015,MO_AR_Monroe_Lee_Phillips_2014,11088,USGS 3DEP Elevation Index MapServer/8 collect_start/collect_end
mo_ar_newmadrid_pemiscot_2014,2014,2014,MO_AR_NewMadrid_Pemiscot_2014,11076,USGS 3DEP Elevation Index MapServer/8 collect_start/collect_end
mo_ar_nodaway_2013,2013,2014,MO_AR_Nodaway_2013,11050,USGS 3DEP Elevation Index MapServer/8 collect_start/collect_end
mo_ar_phillipsdesha_2014,2014,2014,MO_AR_PhillipsDesha_2014,11078,USGS 3DEP Elevation Index MapServer/8 collect_start/collect_end
mo_ar_pike_2014,2013,2013,MO_AR_Pike_2014,11052,USGS 3DEP Elevation Index MapServer/8 collect_start/collect_end
mo_ar_po_cr_gr_2014,2014,2014,MO_AR_Po_Cr_Gr_2014,11082,USGS 3DEP Elevation Index MapServer/8 collect_start/collect_end
mo_ar_ray_2014,2014,2014,MO_AR_Ray_2014,11060,USGS 3DEP Elevation Index MapServer/8 collect_start/collect_end
mo_ar_schuyler_scott_2014,2014,2016,MO_AR_Schuyler_Scott_2014,11070,USGS 3DEP Elevation Index MapServer/8 collect_start/collect_end
mo_ar_shannonco_2014,2014,2014,MO_AR_ShannonCo_2014,11048,USGS 3DEP Elevation Index MapServer/8 collect_start/collect_end
mo_ar_stfrancis_lee_2014,2014,2014,MO_AR_StFrancis_Lee_2014,11086,USGS 3DEP Elevation Index MapServer/8 collect_start/collect_end
mo_ar_stgenevieveco_2013,2013,2014,MO_AR_StGenevieveCo_2013,11064,USGS 3DEP Elevation Index MapServer/8 collect_start/collect_end
mo_ar_vernon_barton_2014,2014,2014,MO_AR_Vernon_Barton_2014,11058,USGS 3DEP Elevation Index MapServer/8 collect_start/collect_end
mo_barryco_2011,2011,2011,MO_BARRYCO_2011,-1433,USGS 3DEP Elevation Index MapServer/8 collect_start/collect_end
mo_booneco_2009,2009,2009,MO_BOONECO_2009,-1434,USGS 3DEP Elevation Index MapServer/8 collect_start/collect_end
mo_booneco_2015,2015,2015,MO_BooneCo_2015,71562,USGS 3DEP Elevation Index MapServer/8 collect_start/collect_end
mo_buch_deklb_clntnco_2013,2013,2014,MO_Buch_Deklb_ClntnCo_2013,11056,USGS 3DEP Elevation Index MapServer/8 collect_start/collect_end
mo_clay_county_2008,2008,2008,MO_CLAY_COUNTY_2008,-1435,USGS 3DEP Elevation Index MapServer/8 collect_start/collect_end
mo_cole_callaway_osage_2010,2010,2010,MO_COLE_CALLAWAY_OSAGE_2010,-1436,USGS 3DEP Elevation Index MapServer/8 collect_start/collect_end
mo_cooperco_2011,2011,2011,MO_COOPERCO_2011,301035,USGS 3DEP Elevation Index MapServer/8 collect_start/collect_end
mo_duckcreek_2009,2009,2009,MO_DUCKCREEK_2009,-1438,USGS 3DEP Elevation Index MapServer/8 collect_start/collect_end
mo_dunklinco_2012,2012,2012,MO_DUNKLINCO_2012,4062,USGS 3DEP Elevation Index MapServer/8 collect_start/collect_end
mo_fema_r7_south_b1_2017,2017,2017,MO_FEMA_R7_South_B1_2017,76418,USGS 3DEP Elevation Index MapServer/8 collect_start/collect_end
mo_fema_r7_south_b2_2017,2017,2018,MO_FEMA_R7_South_B2_2017,76424,USGS 3DEP Elevation Index MapServer/8 collect_start/collect_end
mo_fema_r7_south_tl_2017,2017,2017,MO_FEMA_R7_South_TL_2017,183500,USGS 3DEP Elevation Index MapServer/8 collect_start/collect_end
mo_femanrcs_1_2020,2020,2020,MO_FEMANRCS_1_2020,191884,USGS 3DEP Elevation Index MapServer/8 collect_start/collect_end
mo_femanrcs_2_2020,2020,2020,MO_FEMANRCS_2_2020,228061,USGS 3DEP Elevation Index MapServer/8 collect_start/collect_end
mo_femanrcs_3_2020,2020,2020,MO_FEMANRCS_3_2020,228064,USGS 3DEP Elevation Index MapServer/8 collect_start/collect_end
mo_femar7_north_a1_2017,2017,2018,MO_FEMAR7_North_A1_2017,75797,USGS 3DEP Elevation Index MapServer/8 collect_start/collect_end
mo_femar7_north_a2_2017,2017,2018,MO_FEMAR7_North_A2_2017,75801,USGS 3DEP Elevation Index MapServer/8 collect_start/collect_end
mo_femar7_north_a3_2017,2017,2018,MO_FEMAR7_North_A3_2017,75804,USGS 3DEP Elevation Index MapServer/8 collect_start/collect_end
mo_femar7_north_a4_2017,2017,2018,MO_FEMAR7_North_A4_2017,75807,USGS 3DEP Elevation Index MapServer/8 collect_start/collect_end
mo_femar7_north_a5_ql1_2017,2017,2018,MO_FEMAR7_North_A5_QL1_2017,173178,USGS 3DEP Elevation Index MapServer/8 collect_start/collect_end
mo_fork_salt_river_2011,2011,2012,MO_Fork_Salt_River_2011,11901,USGS 3DEP Elevation Index MapServer/8 collect_start/collect_end
mo_franklinco_2011,2011,2011,MO_FRANKLINCO_2011,172,USGS 3DEP Elevation Index MapServer/8 collect_start/collect_end
mo_greeneco_2011,2011,2011,MO_GREENECO_2011,-1441,USGS 3DEP Elevation Index MapServer/8 collect_start/collect_end
mo_howardco_2011,2011,2011,MO_HOWARDCO_2011,301036,USGS 3DEP Elevation Index MapServer/8 collect_start/collect_end
mo_jasperco_2010,2010,2010,MO_JASPERCO_2010,-1443,USGS 3DEP Elevation Index MapServer/8 collect_start/collect_end
mo_jeffersongenevieve_2010,2010,2011,MO_JEFFERSONGENEVIEVE_2010,211,USGS 3DEP Elevation Index MapServer/8 collect_start/collect_end
mo_lincolnco_2011,2011,2011,MO_LINCOLNCO_2011,301037,USGS 3DEP Elevation Index MapServer/8 collect_start/collect_end
mo_linn_sullivan_2008,2008,2008,MO_LINN_SULLIVAN_2008,-1446,USGS 3DEP Elevation Index MapServer/8 collect_start/collect_end
mo_livingstonco_2011,2011,2011,MO_LIVINGSTONCO_2011,-1447,USGS 3DEP Elevation Index MapServer/8 collect_start/collect_end
mo_livingstoncounty_2011,2011,2011,MO_LIVINGSTONCOUNTY_2011,301038,USGS 3DEP Elevation Index MapServer/8 collect_start/collect_end
mo_maconco_2011,2011,2011,MO_MACONCO_2011,301039,USGS 3DEP Elevation Index MapServer/8 collect_start/collect_end
mo_monroeaudrainmontgomerycos_2011,2011,2011,MO_MONROEAUDRAINMONTGOMERYCOS_2011,301040,USGS 3DEP Elevation Index MapServer/8 collect_start/collect_end
mo_newmadrid_2012,2012,2012,MO_NEWMADRID_2012,3505,USGS 3DEP Elevation Index MapServer/8 collect_start/collect_end
mo_nsemo_1_2021,2021,2022,MO_NSEMO_1_2021,220532,USGS 3DEP Elevation Index MapServer/8 collect_start/collect_end
mo_nsemo_2_2021,2021,2021,MO_NSEMO_2_2021,300072,USGS 3DEP Elevation Index MapServer/8 collect_start/collect_end
mo_platte_county_2008,2008,2008,MO_PLATTE_COUNTY_2008,-1452,USGS 3DEP Elevation Index MapServer/8 collect_start/collect_end
mo_putnamco_2011,2011,2011,MO_PUTNAMCO_2011,301041,USGS 3DEP Elevation Index MapServer/8 collect_start/collect_end
mo_randolphco_2012,2012,2012,MO_RANDOLPHCO_2012,301042,USGS 3DEP Elevation Index MapServer/8 collect_start/collect_end
mo_rayco_2011,2011,2011,MO_RAYCO_2011,301043,USGS 3DEP Elevation Index MapServer/8 collect_start/collect_end
mo_rolla_2011,2011,2011,MO_ROLLA_2011,-1456,USGS 3DEP Elevation Index MapServer/8 collect_start/collect_end
mo_se11county_1_b24,2024,2024,MO_SE11County_1_B24,300663,USGS 3DEP Elevation Index MapServer/8 collect_start/collect_end
mo_se11county_2_b24,2024,2024,MO_SE11County_2_B24,300664,USGS 3DEP Elevation Index MapServer/8 collect_start/collect_end
mo_southernmo_1_d22,2023,2023,MO_SouthernMO_1_D22,300249,USGS 3DEP Elevation Index MapServer/8 collect_start/collect_end
mo_southernmo_2_d22,2023,2023,MO_SouthernMO_2_D22,300250,USGS 3DEP Elevation Index MapServer/8 collect_start/collect_end
mo_southwest_1_2021,2021,2021,MO_Southwest_1_2021,223436,USGS 3DEP Elevation Index MapServer/8 collect_start/collect_end
mo_southwest_2_2021,2021,2022,MO_Southwest_2_2021,300018,USGS 3DEP Elevation Index MapServer/8 collect_start/collect_end
mo_steelville_2011,2011,2011,MO_STEELVILLE_2011,-1457,USGS 3DEP Elevation Index MapServer/8 collect_start/collect_end
mo_stfrancois_2012,2012,2012,MO_STFRANCOIS_2012,301046,USGS 3DEP Elevation Index MapServer/8 collect_start/collect_end
mo_stfrancoisco_2011,2011,2011,MO_STFRANCOISCO_2011,215,USGS 3DEP Elevation Index MapServer/8 collect_start/collect_end
mo_stlouis_2012,2012,2012,MO_STLOUIS_2012,301044,USGS 3DEP Elevation Index MapServer/8 collect_start/collect_end
mo_stlouis_2017,2017,2017,MO_StLouis_2017,70931,USGS 3DEP Elevation Index MapServer/8 collect_start/collect_end
mo_sullivanco_2012,2012,2012,MO_SULLIVANCO_2012,301045,USGS 3DEP Elevation Index MapServer/8 collect_start/collect_end
mo_uppergrand_2011,2011,2011,MO_UPPERGRAND_2011,4069,USGS 3DEP Elevation Index MapServer/8 collect_start/collect_end
mo_washinton_ironco_2011,2011,2011,MO_WASHINTON_IRONCO_2011,213,USGS 3DEP Elevation Index MapServer/8 collect_start/collect_end
mo_westcentral_1_2018,2019,2020,MO_WestCentral_1_2018,176740,USGS 3DEP Elevation Index MapServer/8 collect_start/collect_end
mo_westcentral_2_2018,2019,2020,MO_WestCentral_2_2018,175527,USGS 3DEP Elevation Index MapServer/8 collect_start/collect_end
mo_westcentral_3_2018,2019,2020,MO_WestCentral_3_2018,196680,USGS 3DEP Elevation Index MapServer/8 collect_start/collect_end
mo_westcentral_4_2018,2019,2020,MO_WestCentral_4_2018,197880,USGS 3DEP Elevation Index MapServer/8 collect_start/collect_end
ms_campshelby_2006,2006,2006,MS_CAMPSHELBY_2006,-1464,USGS 3DEP Elevation Index MapServer/8 collect_start/collect_end
ms_coastal_3dep_extension_utm16_2015,2015,2015,MS_Coastal_3DEP_Extension_UTM16_2015,66978,USGS 3DEP Elevation Index MapServer/8 collect_start/collect_end
ms_coastal_3depext_coastal_aoi_2015,2015,2015,MS_Coastal_3DEPExt_Coastal_AOI_2015,63010,USGS 3DEP Elevation Index MapServer/8 collect_start/collect_end
ms_coastal_z15_2015,2015,2015,MS_Coastal_Z15_2015,27068,USGS 3DEP Elevation Index MapServer/8 collect_start/collect_end
ms_hancockjackson_2005,2005,2005,MS_HANCOCKJACKSON_2005,-1465,USGS 3DEP Elevation Index MapServer/8 collect_start/collect_end
ms_laurel_2014,2014,2015,MS_Laurel_2014,6722,USGS 3DEP Elevation Index MapServer/8 collect_start/collect_end
ms_madison_yazoo_2012,2012,2012,MS_Madison_Yazoo_2012,3535,USGS 3DEP Elevation Index MapServer/8 collect_start/collect_end
ms_mississippidelta_3_2018,2018,2020,MS_MississippiDelta_3_2018,222316,USGS 3DEP Elevation Index MapServer/8 collect_start/collect_end
ms_mississippidelta_4_2018,2019,2020,MS_MississippiDelta_4_2018,227907,USGS 3DEP Elevation Index MapServer/8 collect_start/collect_end
ms_mississippidelta_a1_2018,2018,2019,MS_MississippiDelta_A1_2018,78031,USGS 3DEP Elevation Index MapServer/8 collect_start/collect_end
ms_mississippidelta_a2_2018,2019,2019,MS_MississippiDelta_A2_2018,78037,USGS 3DEP Elevation Index MapServer/8 collect_start/collect_end
ms_msdeltayazoo_phase1_2009,2009,2010,MS_MSDELTAYAZOO_PHASE1_2009,-1466,USGS 3DEP Elevation Index MapServer/8 collect_start/collect_end
ms_natcheztrace_2016,2016,2017,MS_NatchezTrace_2016,48023,USGS 3DEP Elevation Index MapServer/8 collect_start/collect_end
ms_nrcs_east_1_2018,2020,2020,MS_NRCS_East_1_2018,182575,USGS 3DEP Elevation Index MapServer/8 collect_start/collect_end
ms_nrcs_east_2_2018,2019,2020,MS_NRCS_East_2_2018,182771,USGS 3DEP Elevation Index MapServer/8 collect_start/collect_end
ms_nrcs_east_3_2018,2020,2021,MS_NRCS_East_3_2018,224492,USGS 3DEP Elevation Index MapServer/8 collect_start/collect_end
ms_nrcs_east_4_2018,2020,2021,MS_NRCS_East_4_2018,224495,USGS 3DEP Elevation Index MapServer/8 collect_start/collect_end
ms_nrcs_lauderdale_2013,2013,2013,MS_NRCS_LAUDERDALE_2013,3835,USGS 3DEP Elevation Index MapServer/8 collect_start/collect_end
ms_rankinsimpson_2013,2013,2013,MS_RankinSimpson_2013,8853,USGS 3DEP Elevation Index MapServer/8 collect_start/collect_end
ms_southern_4_d24,2025,2025,MS_Southern_4_D24,300779,USGS 3DEP Elevation Index MapServer/8 collect_start/collect_end
ms_southern_5_d24,2025,2025,MS_Southern_5_D24,300780,USGS 3DEP Elevation Index MapServer/8 collect_start/collect_end
ms_southern_6_d24,2025,2025,MS_Southern_6_D24,300781,USGS 3DEP Elevation Index MapServer/8 collect_start/collect_end
ms_southern_7_d24,2025,2026,MS_Southern_7_D24,300782,USGS 3DEP Elevation Index MapServer/8 collect_start/collect_end
ms_tishomingo_north_2016,2016,2016,MS_Tishomingo_North_2016,48655,USGS 3DEP Elevation Index MapServer/8 collect_start/collect_end
ms_tishomingo_south_2016,2016,2016,MS_Tishomingo_South_2016,67420,USGS 3DEP Elevation Index MapServer/8 collect_start/collect_end
ms_tupelo_2012,2012,2012,MS_TUPELO_2012,2393,USGS 3DEP Elevation Index MapServer/8 collect_start/collect_end
ms_tupelo_ql3_rp_2012,2012,2012,MS_Tupelo_QL3_Rp_2012,300937,USGS 3DEP Elevation Index MapServer/8 collect_start/collect_end
ms_tupelo_utm15_2015,2015,2015,MS_Tupelo_UTM15_2015,300936,USGS 3DEP Elevation Index MapServer/8 collect_start/collect_end
ms_tupelo_utm16_2015,2015,2015,MS_Tupelo_UTM16_2015,20342,USGS 3DEP Elevation Index MapServer/8 collect_start/collect_end
mt_bentonlake_2014,2014,2014,MT_BentonLake_2014,14325,USGS 3DEP Elevation Index MapServer/8 collect_start/collect_end
mt_bitterrootnf_2010,2010,2010,MT_BitterrootNF_2010,2712,USGS 3DEP Elevation Index MapServer/8 collect_start/collect_end
mt_dnrc_1_2018,2019,2019,MT_DNRC_1_2018,197950,USGS 3DEP Elevation Index MapServer/8 collect_start/collect_end
mt_dnrcphase1_1_2018,2018,2018,MT_DNRCphase1_1_2018,220469,USGS 3DEP Elevation Index MapServer/8 collect_start/collect_end
mt_dnrcphase1_2_2018,2018,2019,MT_DNRCphase1_2_2018,300045,USGS 3DEP Elevation Index MapServer/8 collect_start/collect_end
mt_dnrcphase1_3_2018,2018,2019,MT_DNRCphase1_3_2018,300046,USGS 3DEP Elevation Index MapServer/8 collect_start/collect_end
mt_dnrcphase1_6_2018,2018,2019,MT_DNRCphase1_6_2018,300440,USGS 3DEP Elevation Index MapServer/8 collect_start/collect_end
mt_dnrcphase1_7_2018,2018,2018,MT_DNRCphase1_7_2018,300441,USGS 3DEP Elevation Index MapServer/8 collect_start/collect_end
mt_dnrcphase1_8_2018,2018,2018,MT_DNRCphase1_8_2018,301270,USGS 3DEP Elevation Index MapServer/8 collect_start/collect_end
mt_dnrcphase1_9_2018,2018,2019,MT_DNRCphase1_9_2018,301271,USGS 3DEP Elevation Index MapServer/8 collect_start/collect_end
mt_glaciernp_2016,2016,2016,MT_GlacierNP_2016,55209,USGS 3DEP Elevation Index MapServer/8 collect_start/collect_end
mt_hcw_1_2021,2021,2021,MT_HCW_1_2021,222239,USGS 3DEP Elevation Index MapServer/8 collect_start/collect_end
mt_hcw_2_2021,2021,2021,MT_HCW_2_2021,300155,USGS 3DEP Elevation Index MapServer/8 collect_start/collect_end
mt_helena_2012,2012,2012,MT_HELENA_2012,3723,USGS 3DEP Elevation Index MapServer/8 collect_start/collect_end
mt_lincoln_1_d24,2024,2024,MT_Lincoln_1_D24,300864,USGS 3DEP Elevation Index MapServer/8 collect_start/collect_end
mt_littlebighorn_2014,2014,2014,MT_LittleBigHorn_2014,14320,USGS 3DEP Elevation Index MapServer/8 collect_start/collect_end
mt_nrcs_b1_ql1_2018,2018,2018,MT_NRCS_B1_QL1_2018,77938,USGS 3DEP Elevation Index MapServer/8 collect_start/collect_end
mt_nrcs_b1_ql2_2018,2018,2018,MT_NRCS_B1_QL2_2018,77944,USGS 3DEP Elevation Index MapServer/8 collect_start/collect_end
mt_nrcs_b2_2018,2018,2018,MT_NRCS_B2_2018,77947,USGS 3DEP Elevation Index MapServer/8 collect_start/collect_end
mt_ravalligranitecusterpowder_1_2019,2020,2020,MT_RavalliGraniteCusterPowder_1_2019,183668,USGS 3DEP Elevation Index MapServer/8 collect_start/collect_end
mt_ravalligranitecusterpowder_3_2019,2019,2020,MT_RavalliGraniteCusterPowder_3_2019,220295,USGS 3DEP Elevation Index MapServer/8 collect_start/collect_end
mt_ravalligranitecusterpowder_4_2019,2020,2020,MT_RavalliGraniteCusterPowder_4_2019,220298,USGS 3DEP Elevation Index MapServer/8 collect_start/collect_end
mt_ravalligranitecusterpowderriver_2_2019,2019,2020,MT_RavalliGraniteCusterPowderRiver_2_2019,218301,USGS 3DEP Elevation Index MapServer/8 collect_start/collect_end
mt_sagegrouse_2010,2010,2010,MT_SAGEGROUSE_2010,-1469,USGS 3DEP Elevation Index MapServer/8 collect_start/collect_end
mt_statewide_p2_1_2020,2020,2021,MT_Statewide_P2_1_2020,197111,USGS 3DEP Elevation Index MapServer/8 collect_start/collect_end
mt_statewide_p2_2_2020,2020,2020,MT_Statewide_P2_2_2020,230589,USGS 3DEP Elevation Index MapServer/8 collect_start/collect_end
mt_statewide_p2_3_2020,2020,2021,MT_Statewide_P2_3_2020,300021,USGS 3DEP Elevation Index MapServer/8 collect_start/collect_end
mt_statewide_p2_4_2020,2020,2021,MT_Statewide_P2_4_2020,300153,USGS 3DEP Elevation Index MapServer/8 collect_start/collect_end
mt_statewide_p2_5_2020,2020,2021,MT_Statewide_P2_5_2020,300154,USGS 3DEP Elevation Index MapServer/8 collect_start/collect_end
mt_statewide_p3_1_b21,2021,2022,MT_Statewide_P3_1_B21,300376,USGS 3DEP Elevation Index MapServer/8 collect_start/collect_end
mt_statewide_p3_2_b21,2021,2022,MT_Statewide_P3_2_B21,300375,USGS 3DEP Elevation Index MapServer/8 collect_start/collect_end
mt_statewide_p3_3_b21,2021,2022,MT_Statewide_P3_3_B21,300374,USGS 3DEP Elevation Index MapServer/8 collect_start/collect_end
mt_statewide_p3_4_b21,2021,2022,MT_Statewide_P3_4_B21,223589,USGS 3DEP Elevation Index MapServer/8 collect_start/collect_end
mt_statewide_p3_5_b21,2021,2022,MT_Statewide_P3_5_B21,300377,USGS 3DEP Elevation Index MapServer/8 collect_start/collect_end
mt_statewide_p5_1_d23,2023,2023,MT_Statewide_P5_1_D23,300896,USGS 3DEP Elevation Index MapServer/8 collect_start/collect_end
mt_statewide_p5_2_d23,2023,2023,MT_Statewide_P5_2_D23,300897,USGS 3DEP Elevation Index MapServer/8 collect_start/collect_end
mt_statewide_p5_3_d23,2023,2023,MT_Statewide_P5_3_D23,300898,USGS 3DEP Elevation Index MapServer/8 collect_start/collect_end
mt_statewide_p5_4_d23,2023,2023,MT_Statewide_P5_4_D23,300899,USGS 3DEP Elevation Index MapServer/8 collect_start/collect_end
mt_statewide_p5_5_d23,2023,2023,MT_Statewide_P5_5_D23,300900,USGS 3DEP Elevation Index MapServer/8 collect_start/collect_end
mt_statewide_p5_6_d23,2023,2023,MT_Statewide_P5_6_D23,300901,USGS 3DEP Elevation Index MapServer/8 collect_start/collect_end
mt_statewide_p5_7_d23,2023,2023,MT_Statewide_P5_7_D23,300902,USGS 3DEP Elevation Index MapServer/8 collect_start/collect_end
mt_statewide_p5_8_d23,2023,2023,MT_Statewide_P5_8_D23,300953,USGS 3DEP Elevation Index MapServer/8 collect_start/collect_end
mt_statewidep4_1_b22,2022,2022,MT_StatewideP4_1_B22,231439,USGS 3DEP Elevation Index MapServer/8 collect_start/collect_end
mt_statewidep4_2_b22,2022,2022,MT_StatewideP4_2_B22,300196,USGS 3DEP Elevation Index MapServer/8 collect_start/collect_end
mt_statewidep4_3_b22,2022,2022,MT_StatewideP4_3_B22,300197,USGS 3DEP Elevation Index MapServer/8 collect_start/collect_end
mt_statewidep4_4_b22,2022,2022,MT_StatewideP4_4_B22,300218,USGS 3DEP Elevation Index MapServer/8 collect_start/collect_end
mt_statewidep4_5_b22,2022,2022,MT_StatewideP4_5_B22,300230,USGS 3DEP Elevation Index MapServer/8 collect_start/collect_end
mt_statewidep4_6_b22,2022,2022,MT_StatewideP4_6_B22,300231,USGS 3DEP Elevation Index MapServer/8 collect_start/collect_end
mt_statewidep4_7_b22,2022,2022,MT_StatewideP4_7_B22,300232,USGS 3DEP Elevation Index MapServer/8 collect_start/collect_end
mt_statewidep4_8_b22,2022,2022,MT_StatewideP4_8_B22,300247,USGS 3DEP Elevation Index MapServer/8 collect_start/collect_end
mt_statewidep4_9_b22,2022,2022,MT_StatewideP4_9_B22,300248,USGS 3DEP Elevation Index MapServer/8 collect_start/collect_end
mt_statewidep6_1_d24,2024,2025,MT_StatewideP6_1_D24,300926,USGS 3DEP Elevation Index MapServer/8 collect_start/collect_end
mt_statewidep6_2_d24,2024,2025,MT_StatewideP6_2_D24,300927,USGS 3DEP Elevation Index MapServer/8 collect_start/collect_end
mt_statewidep6_3_d24,2024,2025,MT_StatewideP6_3_D24,300928,USGS 3DEP Elevation Index MapServer/8 collect_start/collect_end
mt_stillwater_2016,2016,2016,MT_Stillwater_2016,58056,USGS 3DEP Elevation Index MapServer/8 collect_start/collect_end
nc_bladenco_2014,2014,2014,NC_BladenCo_2014,37292,USGS 3DEP Elevation Index MapServer/8 collect_start/collect_end
nc_brunswickco_2014,2014,2014,NC_BrunswickCo_2014,37304,USGS 3DEP Elevation Index MapServer/8 collect_start/collect_end
nc_columbusco_2014,2014,2014,NC_ColumbusCo_2014,37298,USGS 3DEP Elevation Index MapServer/8 collect_start/collect_end
nc_duplinco_2014,2014,2014,NC_DuplinCo_2014,37286,USGS 3DEP Elevation Index MapServer/8 collect_start/collect_end
nc_edgecombeco_2014,2014,2014,NC_EdgecombeCo_2014,37265,USGS 3DEP Elevation Index MapServer/8 collect_start/collect_end
nc_franklinco_2014,2014,2014,NC_FranklinCo_2014,37259,USGS 3DEP Elevation Index MapServer/8 collect_start/collect_end
nc_greeneco_2014,2014,2014,NC_GreeneCo_2014,37277,USGS 3DEP Elevation Index MapServer/8 collect_start/collect_end
nc_halifaxco_2014,2014,2014,NC_HalifaxCo_2014,37256,USGS 3DEP Elevation Index MapServer/8 collect_start/collect_end
nc_hurflo_noaa_12_2020,2019,2020,NC_HurFlo_NOAA_12_2020,300146,USGS 3DEP Elevation Index MapServer/8 collect_start/collect_end
nc_hurflo_noaa_13_2020,2019,2020,NC_HurFlo_NOAA_13_2020,300147,USGS 3DEP Elevation Index MapServer/8 collect_start/collect_end
nc_hurflo_noaa_14_2020,2019,2020,NC_HurFlo_NOAA_14_2020,300148,USGS 3DEP Elevation Index MapServer/8 collect_start/collect_end
nc_hurflo_noaa_15_2020,2019,2020,NC_HurFlo_NOAA_15_2020,300149,USGS 3DEP Elevation Index MapServer/8 collect_start/collect_end
nc_hurricaneflorence_10_2020,2019,2020,NC_HurricaneFlorence_10_2020,225700,USGS 3DEP Elevation Index MapServer/8 collect_start/collect_end
nc_hurricaneflorence_11_2020,2019,2020,NC_HurricaneFlorence_11_2020,225793,USGS 3DEP Elevation Index MapServer/8 collect_start/collect_end
nc_hurricaneflorence_1_2020,2019,2020,NC_HurricaneFlorence_1_2020,186825,USGS 3DEP Elevation Index MapServer/8 collect_start/collect_end
nc_hurricaneflorence_2_2020,2019,2020,NC_HurricaneFlorence_2_2020,196896,USGS 3DEP Elevation Index MapServer/8 collect_start/collect_end
nc_hurricaneflorence_3_2020,2019,2020,NC_HurricaneFlorence_3_2020,198494,USGS 3DEP Elevation Index MapServer/8 collect_start/collect_end
nc_hurricaneflorence_4_2020,2020,2020,NC_HurricaneFlorence_4_2020,208939,USGS 3DEP Elevation Index MapServer/8 collect_start/collect_end
nc_hurricaneflorence_5_2020,2019,2020,NC_HurricaneFlorence_5_2020,210877,USGS 3DEP Elevation Index MapServer/8 collect_start/collect_end
nc_hurricaneflorence_6_2020,2019,2020,NC_HurricaneFlorence_6_2020,224678,USGS 3DEP Elevation Index MapServer/8 collect_start/collect_end
nc_hurricaneflorence_7_2020,2019,2020,NC_HurricaneFlorence_7_2020,217003,USGS 3DEP Elevation Index MapServer/8 collect_start/collect_end
nc_hurricaneflorence_8_2020,2019,2020,NC_HurricaneFlorence_8_2020,218544,USGS 3DEP Elevation Index MapServer/8 collect_start/collect_end
nc_hurricaneflorence_9_2020,2020,2020,NC_HurricaneFlorence_9_2020,220804,USGS 3DEP Elevation Index MapServer/8 collect_start/collect_end
nc_johnstonco_2014,2014,2014,NC_JohnstonCo_2014,37271,USGS 3DEP Elevation Index MapServer/8 collect_start/collect_end
nc_lenoirco_2014,2014,2014,NC_LenoirCo_2014,37280,USGS 3DEP Elevation Index MapServer/8 collect_start/collect_end
nc_mecklenburgco_2007,2007,2007,NC_MECKLENBURGCO_2007,-1470,USGS 3DEP Elevation Index MapServer/8 collect_start/collect_end
nc_nashco_2014,2014,2014,NC_NashCo_2014,37262,USGS 3DEP Elevation Index MapServer/8 collect_start/collect_end
nc_newhanoverco_2014,2014,2014,NC_NewHanoverCo_2014,37301,USGS 3DEP Elevation Index MapServer/8 collect_start/collect_end
nc_northhamptonco_2014,2014,2014,NC_NorthHamptonCo_2014,37253,USGS 3DEP Elevation Index MapServer/8 collect_start/collect_end
nc_penderco_2014,2014,2014,NC_PenderCo_2014,37295,USGS 3DEP Elevation Index MapServer/8 collect_start/collect_end
nc_phase1a_2001,2001,2001,NC_PHASE1A_2001,-1471,USGS 3DEP Elevation Index MapServer/8 collect_start/collect_end
nc_phase1b_2001,2001,2001,NC_PHASE1B_2001,-1472,USGS 3DEP Elevation Index MapServer/8 collect_start/collect_end
nc_phase2_2003,2003,2003,NC_PHASE2_2003,-1473,USGS 3DEP Elevation Index MapServer/8 collect_start/collect_end
nc_phase3_2005,2005,2005,NC_PHASE3_2005,-1474,USGS 3DEP Elevation Index MapServer/8 collect_start/collect_end
nc_phase4_alexander_2017,2016,2016,NC_Phase4_Alexander_2017,70146,USGS 3DEP Elevation Index MapServer/8 collect_start/collect_end
nc_phase4_alleghany_2016,2016,2016,NC_Phase4_Alleghany_2016,68142,USGS 3DEP Elevation Index MapServer/8 collect_start/collect_end
nc_phase4_anson_2016,2016,2016,NC_Phase4_Anson_2016,60726,USGS 3DEP Elevation Index MapServer/8 collect_start/collect_end
nc_phase4_cabarrus_2016,2016,2017,NC_Phase4_Cabarrus_2016,68136,USGS 3DEP Elevation Index MapServer/8 collect_start/collect_end
nc_phase4_catawba_2017,2016,2017,NC_Phase4_Catawba_2017,66514,USGS 3DEP Elevation Index MapServer/8 collect_start/collect_end
nc_phase4_cleveland_2016,2016,2017,NC_Phase4_Cleveland_2016,68124,USGS 3DEP Elevation Index MapServer/8 collect_start/collect_end
nc_phase4_davidson_2017,2016,2017,NC_Phase4_Davidson_2017,74571,USGS 3DEP Elevation Index MapServer/8 collect_start/collect_end
nc_phase4_davie_2017,2016,2017,NC_Phase4_Davie_2017,74574,USGS 3DEP Elevation Index MapServer/8 collect_start/collect_end
nc_phase4_forsyth_2017,2016,2017,NC_Phase4_Forsyth_2017,74568,USGS 3DEP Elevation Index MapServer/8 collect_start/collect_end
nc_phase4_gaston_2016,2016,2017,NC_Phase4_Gaston_2016,68130,USGS 3DEP Elevation Index MapServer/8 collect_start/collect_end
nc_phase4_iredell_2017,2016,2017,NC_Phase4_Iredell_2017,74577,USGS 3DEP Elevation Index MapServer/8 collect_start/collect_end
nc_phase4_lincoln_2016,2016,2017,NC_Phase4_Lincoln_2016,68127,USGS 3DEP Elevation Index MapServer/8 collect_start/collect_end
nc_phase4_mecklenburg_2016,2016,2017,NC_Phase4_Mecklenburg_2016,68133,USGS 3DEP Elevation Index MapServer/8 collect_start/collect_end
nc_phase4_rowan_2017,2016,2017,NC_Phase4_Rowan_2017,74580,USGS 3DEP Elevation Index MapServer/8 collect_start/collect_end
nc_phase4_stanly_2016,2016,2017,NC_Phase4_Stanly_2016,68139,USGS 3DEP Elevation Index MapServer/8 collect_start/collect_end
nc_phase4_stokes_2016,2016,2017,NC_Phase4_Stokes_2016,68118,USGS 3DEP Elevation Index MapServer/8 collect_start/collect_end
nc_phase4_surry_2016,2016,2017,NC_Phase4_Surry_2016,68121,USGS 3DEP Elevation Index MapServer/8 collect_start/collect_end
nc_phase4_union_2016,2016,2017,NC_Phase4_Union_2016,68115,USGS 3DEP Elevation Index MapServer/8 collect_start/collect_end
nc_phase4_wilkes_2017,2016,2017,NC_Phase4_Wilkes_2017,74583,USGS 3DEP Elevation Index MapServer/8 collect_start/collect_end
nc_phase4_yadkin_2017,2016,2017,NC_Phase4_Yadkin_2017,74586,USGS 3DEP Elevation Index MapServer/8 collect_start/collect_end
nc_phase5_ashe_2017,2017,2017,NC_Phase5_Ashe_2017,78615,USGS 3DEP Elevation Index MapServer/8 collect_start/collect_end
nc_phase5_avery_2017,2017,2017,NC_Phase5_Avery_2017,171902,USGS 3DEP Elevation Index MapServer/8 collect_start/collect_end
nc_phase5_buncombe_2017,2017,2017,NC_Phase5_Buncombe_2017,171953,USGS 3DEP Elevation Index MapServer/8 collect_start/collect_end
nc_phase5_burke_2017,2017,2017,NC_Phase5_Burke_2017,171920,USGS 3DEP Elevation Index MapServer/8 collect_start/collect_end
nc_phase5_caldwell_2017,2017,2017,NC_Phase5_Caldwell_2017,171908,USGS 3DEP Elevation Index MapServer/8 collect_start/collect_end
nc_phase5_cherokee_2017,2017,2017,NC_Phase5_Cherokee_2017,171980,USGS 3DEP Elevation Index MapServer/8 collect_start/collect_end
nc_phase5_clay_2017,2017,2017,NC_Phase5_Clay_2017,171974,USGS 3DEP Elevation Index MapServer/8 collect_start/collect_end
nc_phase5_graham_2017,2017,2017,NC_Phase5_Graham_2017,171971,USGS 3DEP Elevation Index MapServer/8 collect_start/collect_end
nc_phase5_haywood_2017,2017,2017,NC_Phase5_Haywood_2017,171956,USGS 3DEP Elevation Index MapServer/8 collect_start/collect_end
nc_phase5_henderson_2017,2017,2017,NC_Phase5_Henderson_2017,171959,USGS 3DEP Elevation Index MapServer/8 collect_start/collect_end
nc_phase5_jackson_2017,2017,2017,NC_Phase5_Jackson_2017,171965,USGS 3DEP Elevation Index MapServer/8 collect_start/collect_end
nc_phase5_macon_2017,2017,2017,NC_Phase5_Macon_2017,171977,USGS 3DEP Elevation Index MapServer/8 collect_start/collect_end
nc_phase5_madison_2017,2017,2017,NC_Phase5_Madison_2017,171950,USGS 3DEP Elevation Index MapServer/8 collect_start/collect_end
nc_phase5_mcdowell_2017,2017,2017,NC_Phase5_McDowell_2017,171926,USGS 3DEP Elevation Index MapServer/8 collect_start/collect_end
nc_phase5_mitchell_2017,2017,2017,NC_Phase5_Mitchell_2017,171914,USGS 3DEP Elevation Index MapServer/8 collect_start/collect_end
nc_phase5_polk_2017,2017,2017,NC_Phase5_Polk_2017,171932,USGS 3DEP Elevation Index MapServer/8 collect_start/collect_end
nc_phase5_rutherford_2017,2017,2017,NC_Phase5_Rutherford_2017,171938,USGS 3DEP Elevation Index MapServer/8 collect_start/collect_end
nc_phase5_swain_2017,2017,2017,NC_Phase5_Swain_2017,171968,USGS 3DEP Elevation Index MapServer/8 collect_start/collect_end
nc_phase5_transylvania_2017,2017,2017,NC_Phase5_Transylvania_2017,171962,USGS 3DEP Elevation Index MapServer/8 collect_start/collect_end
nc_phase5_watauga_2017,2017,2017,NC_Phase5_Watauga_2017,171896,USGS 3DEP Elevation Index MapServer/8 collect_start/collect_end
nc_phase5_yancey_2017,2017,2017,NC_Phase5_Yancey_2017,171944,USGS 3DEP Elevation Index MapServer/8 collect_start/collect_end
nc_robesonco_2014,2014,2014,NC_RobesonCo_2014,37289,USGS 3DEP Elevation Index MapServer/8 collect_start/collect_end
nc_sampsonco_2014,2014,2014,NC_SampsonCo_2014,37283,USGS 3DEP Elevation Index MapServer/8 collect_start/collect_end
nc_sandy_l12_2014,2014,2014,NC_Sandy_L12_2014,20826,USGS 3DEP Elevation Index MapServer/8 collect_start/collect_end
nc_sandy_l13_2014,2015,2015,NC_Sandy_L13_2014,21038,USGS 3DEP Elevation Index MapServer/8 collect_start/collect_end
nc_sandy_l14_2014,2014,2014,NC_Sandy_L14_2014,21041,USGS 3DEP Elevation Index MapServer/8 collect_start/collect_end
nc_sandy_l15_2014,2014,2014,NC_Sandy_L15_2014,21058,USGS 3DEP Elevation Index MapServer/8 collect_start/collect_end
nc_sandy_l6_2014,2014,2014,NC_Sandy_L6_2014,9757,USGS 3DEP Elevation Index MapServer/8 collect_start/collect_end
nc_sandy_lot10_2014,2014,2014,NC_Sandy_Lot10_2014,19559,USGS 3DEP Elevation Index MapServer/8 collect_start/collect_end
nc_sandy_lot11_2014,2014,2014,NC_Sandy_Lot11_2014,19562,USGS 3DEP Elevation Index MapServer/8 collect_start/collect_end
nc_sandy_lot7_2014,2014,2014,NC_Sandy_Lot7_2014,300924,USGS 3DEP Elevation Index MapServer/8 collect_start/collect_end
nc_sandy_lot8_2014,2014,2014,NC_Sandy_Lot8_2014,17290,USGS 3DEP Elevation Index MapServer/8 collect_start/collect_end
nc_sandylot9_2014,2014,2014,NC_SandyLot9_2014,18570,USGS 3DEP Elevation Index MapServer/8 collect_start/collect_end
nc_spartaeq_1_2020,2020,2020,NC_SpartaEQ_1_2020,212600,USGS 3DEP Elevation Index MapServer/8 collect_start/collect_end
nc_vanceco_2014,2014,2014,NC_VanceCo_2014,37246,USGS 3DEP Elevation Index MapServer/8 collect_start/collect_end
nc_warrenco_2014,2014,2014,NC_WarrenCo_2014,37250,USGS 3DEP Elevation Index MapServer/8 collect_start/collect_end
nc_wayneco_2014,2014,2014,NC_WayneCo_2014,37274,USGS 3DEP Elevation Index MapServer/8 collect_start/collect_end
nc_wilsonco_2014,2014,2014,NC_WilsonCo_2014,37268,USGS 3DEP Elevation Index MapServer/8 collect_start/collect_end
nd_3depprocessing_1_d22,2019,2021,ND_3DEPProcessing_1_D22,300152,USGS 3DEP Elevation Index MapServer/8 collect_start/collect_end
nd_3depprocessing_2_d22,2016,2021,ND_3DEPProcessing_2_D22,300203,USGS 3DEP Elevation Index MapServer/8 collect_start/collect_end
nd_3depprocessing_3_d22,2017,2021,ND_3DEPProcessing_3_D22,300204,USGS 3DEP Elevation Index MapServer/8 collect_start/collect_end
nd_3depprocessing_4_d22,2016,2017,ND_3DEPProcessing_4_D22,300233,USGS 3DEP Elevation Index MapServer/8 collect_start/collect_end
nd_3depprocessing_5_d22,2020,2021,ND_3DEPProcessing_5_D22,300234,USGS 3DEP Elevation Index MapServer/8 collect_start/collect_end
nd_3depprocessing_6_d22,2019,2021,ND_3DEPProcessing_6_D22,300235,USGS 3DEP Elevation Index MapServer/8 collect_start/collect_end
nd_bismarck_mandan_2009,2009,2009,ND_BISMARCK_MANDAN_2009,-1475,USGS 3DEP Elevation Index MapServer/8 collect_start/collect_end
nd_cassco_2002,2002,2002,ND_CASSCO_2002,-1476,USGS 3DEP Elevation Index MapServer/8 collect_start/collect_end
nd_fargo_2005,2005,2005,ND_FARGO_2005,-1477,USGS 3DEP Elevation Index MapServer/8 collect_start/collect_end
nd_kidderco_2014,2015,2015,ND_KidderCO_2014,20000,USGS 3DEP Elevation Index MapServer/8 collect_start/collect_end
nd_mckenzieco_2014,2014,2014,ND_McKenzieCo_2014,71197,USGS 3DEP Elevation Index MapServer/8 collect_start/collect_end
nd_phase10_1_c23,2022,2022,ND_Phase10_1_C23,300222,USGS 3DEP Elevation Index MapServer/8 collect_start/collect_end
nd_phase10_2_c23,2021,2021,ND_Phase10_2_C23,300223,USGS 3DEP Elevation Index MapServer/8 collect_start/collect_end
nd_phase11_1_c24,2023,2024,ND_Phase11_1_C24,300692,USGS 3DEP Elevation Index MapServer/8 collect_start/collect_end
nd_phase11_2_c24,2023,2024,ND_Phase11_2_C24,300693,USGS 3DEP Elevation Index MapServer/8 collect_start/collect_end
nd_prairiepotholes_2008,2008,2008,ND_PRAIRIEPOTHOLES_2008,-1478,USGS 3DEP Elevation Index MapServer/8 collect_start/collect_end
nd_southwest_1_d21,2021,2021,ND_SouthWest_1_D21,223464,USGS 3DEP Elevation Index MapServer/8 collect_start/collect_end
nd_southwest_2_d21,2021,2021,ND_SouthWest_2_D21,300143,USGS 3DEP Elevation Index MapServer/8 collect_start/collect_end
ne_cherrybrowncuster_partial_1_2020,2021,2021,NE_CherryBrownCuster_Partial_1_2020,214678,USGS 3DEP Elevation Index MapServer/8 collect_start/collect_end
ne_cumingco_2010,2010,2010,NE_CUMINGCO_2010,-1479,USGS 3DEP Elevation Index MapServer/8 collect_start/collect_end
ne_eastern_ua_2016,2016,2017,NE_Eastern_UA_2016,59026,USGS 3DEP Elevation Index MapServer/8 collect_start/collect_end
ne_hat_white_cherry_utm13_2016,2016,2017,NE_Hat_White_Cherry_UTM13_2016,173214,USGS 3DEP Elevation Index MapServer/8 collect_start/collect_end
ne_hat_white_cherry_utm14_2016,2016,2017,NE_Hat_White_Cherry_UTM14_2016,51581,USGS 3DEP Elevation Index MapServer/8 collect_start/collect_end
ne_hat_white_holt_2016,2016,2016,NE_Hat_White_Holt_2016,51584,USGS 3DEP Elevation Index MapServer/8 collect_start/collect_end
ne_hat_white_sioux_2016,2016,2017,NE_Hat_White_Sioux_2016,51575,USGS 3DEP Elevation Index MapServer/8 collect_start/collect_end
ne_lincoln_2003,2003,2003,NE_LINCOLN_2003,-1480,USGS 3DEP Elevation Index MapServer/8 collect_start/collect_end
ne_mo_elkhorn_2011,2011,2011,NE_MO_Elkhorn_2011,2720,USGS 3DEP Elevation Index MapServer/8 collect_start/collect_end
ne_niobrara_topobathy_2018,2020,2020,NE_Niobrara_Topobathy_2018,80388,USGS 3DEP Elevation Index MapServer/8 collect_start/collect_end
ne_niroc_papioco_2010,2010,2010,NE_NIROC_PAPIOCO_2010,-1481,USGS 3DEP Elevation Index MapServer/8 collect_start/collect_end
ne_northeast_1_2020,2020,2020,NE_Northeast_1_2020,191150,USGS 3DEP Elevation Index MapServer/8 collect_start/collect_end
ne_northeast_2_2020,2020,2020,NE_Northeast_2_2020,198502,USGS 3DEP Elevation Index MapServer/8 collect_start/collect_end
ne_northeast_3_2020,2020,2020,NE_Northeast_3_2020,205811,USGS 3DEP Elevation Index MapServer/8 collect_start/collect_end
ne_northeast_phase2_1_2020,2020,2020,NE_Northeast_Phase2_1_2020,198167,USGS 3DEP Elevation Index MapServer/8 collect_start/collect_end
ne_northeast_phase2_2_2020,2020,2020,NE_Northeast_Phase2_2_2020,300019,USGS 3DEP Elevation Index MapServer/8 collect_start/collect_end
ne_nrcs_ortholidar_b1_utm14_2017,2018,2018,NE_NRCS_OrthoLidar_B1_UTM14_2017,81089,USGS 3DEP Elevation Index MapServer/8 collect_start/collect_end
ne_nrcs_ortholidar_b1_utm15_2017,2018,2018,NE_NRCS_OrthoLidar_B1_UTM15_2017,79779,USGS 3DEP Elevation Index MapServer/8 collect_start/collect_end
ne_nrcs_ortholidar_b1_utm15_tl_2017,2018,2018,NE_NRCS_OrthoLidar_B1_UTM15_TL_2017,178613,USGS 3DEP Elevation Index MapServer/8 collect_start/collect_end
ne_nrcs_ortholidar_b2_2017,2018,2018,NE_NRCS_OrthoLidar_B2_2017,75845,USGS 3DEP Elevation Index MapServer/8 collect_start/collect_end
ne_nrcs_ortholidar_b3_2017,2018,2018,NE_NRCS_OrthoLidar_B3_2017,79784,USGS 3DEP Elevation Index MapServer/8 collect_start/collect_end
ne_nrcs_ortholidar_b4_2017,2018,2018,NE_NRCS_OrthoLidar_B4_2017,170988,USGS 3DEP Elevation Index MapServer/8 collect_start/collect_end
ne_postspringflood_ortholidar_b1_2019,2019,2019,NE_PostSpringFlood_OrthoLidar_B1_2019,182835,USGS 3DEP Elevation Index MapServer/8 collect_start/collect_end
ne_postspringflood_ortholidar_b2_2019,2019,2019,NE_PostSpringFlood_OrthoLidar_B2_2019,182854,USGS 3DEP Elevation Index MapServer/8 collect_start/collect_end
ne_postspringflood_ortholidar_tl_2019,2019,2019,NE_PostSpringFlood_OrthoLidar_TL_2019,192979,USGS 3DEP Elevation Index MapServer/8 collect_start/collect_end
ne_rainwater_1_2009,2009,2009,NE_RAINWATER_1_2009,-1482,USGS 3DEP Elevation Index MapServer/8 collect_start/collect_end
ne_rainwater_2_2009,2009,2009,NE_RAINWATER_2_2009,-1483,USGS 3DEP Elevation Index MapServer/8 collect_start/collect_end
ne_sandhills_b1_2016,2016,2017,NE_Sandhills_B1_2016,62577,USGS 3DEP Elevation Index MapServer/8 collect_start/collect_end
ne_sandhills_b2_utm13_2016,2017,2017,NE_Sandhills_B2_UTM13_2016,62583,USGS 3DEP Elevation Index MapServer/8 collect_start/collect_end
ne_sandhills_b2_utm14_2016,2016,2017,NE_Sandhills_B2_UTM14_2016,73334,USGS 3DEP Elevation Index MapServer/8 collect_start/collect_end
ne_sandhills_b3_2016,2016,2017,NE_Sandhills_B3_2016,62586,USGS 3DEP Elevation Index MapServer/8 collect_start/collect_end
ne_sandhills_b4_utm13_2016,2017,2017,NE_Sandhills_B4_UTM13_2016,62589,USGS 3DEP Elevation Index MapServer/8 collect_start/collect_end
ne_sandhills_b4_utm14_2016,2017,2017,NE_Sandhills_B4_UTM14_2016,79736,USGS 3DEP Elevation Index MapServer/8 collect_start/collect_end
ne_sandhills_b5_2016,2016,2017,NE_Sandhills_B5_2016,62592,USGS 3DEP Elevation Index MapServer/8 collect_start/collect_end
ne_sandhills_b6_2016,2017,2017,NE_Sandhills_B6_2016,62595,USGS 3DEP Elevation Index MapServer/8 collect_start/collect_end
ne_southernne_b1_2018,2019,2019,NE_SouthernNE_B1_2018,173486,USGS 3DEP Elevation Index MapServer/8 collect_start/collect_end
ne_southernne_b2_2018,2019,2019,NE_SouthernNE_B2_2018,174016,USGS 3DEP Elevation Index MapServer/8 collect_start/collect_end
ne_southernne_b3_2018,2019,2019,NE_SouthernNE_B3_2018,174019,USGS 3DEP Elevation Index MapServer/8 collect_start/collect_end
ne_southernne_b4a_2018,2019,2019,NE_SouthernNE_B4A_2018,174022,USGS 3DEP Elevation Index MapServer/8 collect_start/collect_end
ne_southernne_b4b_2018,2020,2020,NE_SouthernNE_B4B_2018,187534,USGS 3DEP Elevation Index MapServer/8 collect_start/collect_end
ne_southernne_b5_2018,2020,2020,NE_SouthernNE_B5_2018,193849,USGS 3DEP Elevation Index MapServer/8 collect_start/collect_end
ne_southplatte_utm13_2015,2016,2016,NE_SouthPlatte_UTM13_2015,42311,USGS 3DEP Elevation Index MapServer/8 collect_start/collect_end
ne_southplatte_utm14_2015,2016,2016,NE_SouthPlatte_UTM14_2015,67635,USGS 3DEP Elevation Index MapServer/8 collect_start/collect_end
ne_southwest_1_2020,2020,2021,NE_Southwest_1_2020,198543,USGS 3DEP Elevation Index MapServer/8 collect_start/collect_end
ne_southwest_2_2020,2020,2021,NE_Southwest_2_2020,220700,USGS 3DEP Elevation Index MapServer/8 collect_start/collect_end
ne_statewide_1_d23,2023,2023,NE_Statewide_1_D23,300518,USGS 3DEP Elevation Index MapServer/8 collect_start/collect_end
ne_statewide_2_d23,2023,2023,NE_Statewide_2_D23,300588,USGS 3DEP Elevation Index MapServer/8 collect_start/collect_end
ne_statewide_3_d23,2023,2024,NE_Statewide_3_D23,300589,USGS 3DEP Elevation Index MapServer/8 collect_start/collect_end
ne_statewide_4_d23,2023,2024,NE_Statewide_4_D23,300590,USGS 3DEP Elevation Index MapServer/8 collect_start/collect_end
ne_statewide_5_d23,2023,2024,NE_Statewide_5_D23,300591,USGS 3DEP Elevation Index MapServer/8 collect_start/collect_end
ne_statewide_6_d23,2023,2024,NE_Statewide_6_D23,300592,USGS 3DEP Elevation Index MapServer/8 collect_start/collect_end
nh_coastal_1_2019,2019,2020,NH_Coastal_1_2019,183371,USGS 3DEP Elevation Index MapServer/8 collect_start/collect_end
nh_coastal_2_2019,2019,2020,NH_Coastal_2_2019,183464,USGS 3DEP Elevation Index MapServer/8 collect_start/collect_end
nh_ct_river_north_l6_p3_2015,2015,2016,NH_CT_River_North_L6_P3_2015,72231,USGS 3DEP Elevation Index MapServer/8 collect_start/collect_end
nh_ct_rivernorthl6_p1_2015,2015,2016,NH_CT_RiverNorthL6_P1_2015,71519,USGS 3DEP Elevation Index MapServer/8 collect_start/collect_end
nh_ct_rivernorthl6_p2_2015,2015,2015,NH_CT_RiverNorthL6_P2_2015,71535,USGS 3DEP Elevation Index MapServer/8 collect_start/collect_end
nh_umbagog_2016,2016,2018,NH_Umbagog_2016,59156,USGS 3DEP Elevation Index MapServer/8 collect_start/collect_end
nh_umbagog_ql1_2016,2017,2017,NH_Umbagog_QL1_2016,80103,USGS 3DEP Elevation Index MapServer/8 collect_start/collect_end
nj_camden_burlington_2004,2004,2004,NJ_CAMDEN_BURLINGTON_2004,-1484,USGS 3DEP Elevation Index MapServer/8 collect_start/collect_end
nj_capemayco_2008,2008,2008,NJ_CAPEMAYCO_2008,-1485,USGS 3DEP Elevation Index MapServer/8 collect_start/collect_end
nj_cumberlandco_2008,2008,2008,NJ_CUMBERLANDCO_2008,-1486,USGS 3DEP Elevation Index MapServer/8 collect_start/collect_end
nj_gloucesterco_2007,2007,2007,NJ_GLOUCESTERCO_2007,-1487,USGS 3DEP Elevation Index MapServer/8 collect_start/collect_end
nj_highlands_2006,2006,2007,NJ_HIGHLANDS_2006,-1488,USGS 3DEP Elevation Index MapServer/8 collect_start/collect_end
nj_hunterdon_2006,2006,2006,NJ_HUNTERDON_2006,-1489,USGS 3DEP Elevation Index MapServer/8 collect_start/collect_end
nj_mercerco_2009,2009,2009,NJ_MERCERCO_2009,-1490,USGS 3DEP Elevation Index MapServer/8 collect_start/collect_end
nj_middlesex_2006,2006,2006,NJ_MIDDLESEX_2006,-1491,USGS 3DEP Elevation Index MapServer/8 collect_start/collect_end
nj_ne6co_1_b23,2023,2023,NJ_NE6Co_1_B23,300475,USGS 3DEP Elevation Index MapServer/8 collect_start/collect_end
nj_ne6co_2_b23,2023,2025,NJ_NE6Co_2_B23,301116,USGS 3DEP Elevation Index MapServer/8 collect_start/collect_end
nj_ne6co_3_b23,2025,2025,NJ_NE6Co_3_B23,301117,USGS 3DEP Elevation Index MapServer/8 collect_start/collect_end
nj_nw6co_2017,2017,2018,NJ_NW6Co_2017,70951,USGS 3DEP Elevation Index MapServer/8 collect_start/collect_end
nj_salemco_2008,2008,2008,NJ_SALEMCO_2008,-1492,USGS 3DEP Elevation Index MapServer/8 collect_start/collect_end
nj_salemco_2009,2009,2009,NJ_SALEMCO_2009,-1493,USGS 3DEP Elevation Index MapServer/8 collect_start/collect_end
nj_sdl5_2014,2014,2014,NJ_SdL5_2014,6701,USGS 3DEP Elevation Index MapServer/8 collect_start/collect_end
nj_somersetco_2008,2008,2008,NJ_SOMERSETCO_2008,-1494,USGS 3DEP Elevation Index MapServer/8 collect_start/collect_end
nj_south_jersey_fema_2018,2019,2019,NJ_South_Jersey_FEMA_2018,195106,USGS 3DEP Elevation Index MapServer/8 collect_start/collect_end
nj_southernnj_2018,2019,2019,NJ_SouthernNJ_2018,80394,USGS 3DEP Elevation Index MapServer/8 collect_start/collect_end
nj_sussexwarren_2008,2008,2008,NJ_SUSSEXWARREN_2008,-1495,USGS 3DEP Elevation Index MapServer/8 collect_start/collect_end
nm_albuquerque_2010,2010,2010,NM_Albuquerque_2010,-1969,USGS 3DEP Elevation Index MapServer/8 collect_start/collect_end
nm_animas_2014,2014,2014,NM_Animas_2014,23207,USGS 3DEP Elevation Index MapServer/8 collect_start/collect_end
nm_co_southern_san_luis_tl_2015,2016,2016,NM_CO_Southern_San_Luis_TL_2015,178294,USGS 3DEP Elevation Index MapServer/8 collect_start/collect_end
nm_co_southernsanluis_2015,2016,2016,NM_CO_SouthernSanLuis_2015,42242,USGS 3DEP Elevation Index MapServer/8 collect_start/collect_end
nm_hermitspeak_1_d23,2023,2023,NM_HermitsPeak_1_D23,300538,USGS 3DEP Elevation Index MapServer/8 collect_start/collect_end
nm_mckinley_coalmine_2012,2012,2012,NM_MCKINLEY_COALMINE_2012,301033,USGS 3DEP Elevation Index MapServer/8 collect_start/collect_end
nm_mrcog_b1_2018,2018,2018,NM_MRCOG_B1_2018,183571,USGS 3DEP Elevation Index MapServer/8 collect_start/collect_end
nm_navajo_pinabete_coalmine_2012,2012,2012,NM_NAVAJO_PINABETE_COALMINE_2012,301034,USGS 3DEP Elevation Index MapServer/8 collect_start/collect_end
nm_northcentral_b1_2016,2016,2018,NM_NorthCentral_B1_2016,62558,USGS 3DEP Elevation Index MapServer/8 collect_start/collect_end
nm_northcentral_b2_2016,2016,2018,NM_NorthCentral_B2_2016,62565,USGS 3DEP Elevation Index MapServer/8 collect_start/collect_end
nm_northcentral_b3_2017,2016,2017,NM_NorthCentral_B3_2017,62568,USGS 3DEP Elevation Index MapServer/8 collect_start/collect_end
nm_northcentral_b4_2016,2016,2017,NM_NorthCentral_B4_2016,62571,USGS 3DEP Elevation Index MapServer/8 collect_start/collect_end
nm_northeast_b1_2018,2018,2018,NM_Northeast_B1_2018,74212,USGS 3DEP Elevation Index MapServer/8 collect_start/collect_end
nm_northeast_b2_2018,2017,2018,NM_Northeast_B2_2018,79863,USGS 3DEP Elevation Index MapServer/8 collect_start/collect_end
nm_northeast_b3_2018,2017,2018,NM_Northeast_B3_2018,79871,USGS 3DEP Elevation Index MapServer/8 collect_start/collect_end
nm_northeast_b4_2018,2017,2018,NM_Northeast_B4_2018,79874,USGS 3DEP Elevation Index MapServer/8 collect_start/collect_end
nm_northeast_b5_2018,2017,2018,NM_Northeast_B5_2018,79877,USGS 3DEP Elevation Index MapServer/8 collect_start/collect_end
nm_northwest_b1_2018,2018,2018,NM_NorthWest_B1_2018,172466,USGS 3DEP Elevation Index MapServer/8 collect_start/collect_end
nm_northwest_b2a_2018,2018,2018,NM_NorthWest_B2A_2018,172903,USGS 3DEP Elevation Index MapServer/8 collect_start/collect_end
nm_northwest_b2b_2018,2018,2018,NM_NorthWest_B2B_2018,184035,USGS 3DEP Elevation Index MapServer/8 collect_start/collect_end
nm_northwest_b3a_2018,2018,2018,NM_NorthWest_B3A_2018,172906,USGS 3DEP Elevation Index MapServer/8 collect_start/collect_end
nm_northwest_b3b_2018,2018,2018,NM_NorthWest_B3B_2018,184911,USGS 3DEP Elevation Index MapServer/8 collect_start/collect_end
nm_northwest_b4_2018,2018,2018,NM_NorthWest_B4_2018,172909,USGS 3DEP Elevation Index MapServer/8 collect_start/collect_end
nm_northwest_jicarilla_tl_2018,2018,2018,NM_NorthWest_Jicarilla_TL_2018,188615,USGS 3DEP Elevation Index MapServer/8 collect_start/collect_end
nm_northwest_navajo_a_tl_2018,2018,2018,NM_NorthWest_Navajo_A_TL_2018,193989,USGS 3DEP Elevation Index MapServer/8 collect_start/collect_end
nm_northwest_navajo_b_tl_2018,2018,2018,NM_NorthWest_Navajo_B_TL_2018,194000,USGS 3DEP Elevation Index MapServer/8 collect_start/collect_end
nm_northwest_southernute_tl_2018,2018,2018,NM_NorthWest_SouthernUte_TL_2018,193967,USGS 3DEP Elevation Index MapServer/8 collect_start/collect_end
nm_northwest_utemountain_tl_2018,2018,2018,NM_NorthWest_UteMountain_TL_2018,193956,USGS 3DEP Elevation Index MapServer/8 collect_start/collect_end
nm_northwest_zuni_tl_2018,2018,2018,NM_NorthWest_Zuni_TL_2018,193978,USGS 3DEP Elevation Index MapServer/8 collect_start/collect_end
nm_nrcs_central_a1_2017,2017,2018,NM_NRCS_Central_A1_2017,75826,USGS 3DEP Elevation Index MapServer/8 collect_start/collect_end
nm_nrcs_central_a2_2017,2017,2018,NM_NRCS_Central_A2_2017,75831,USGS 3DEP Elevation Index MapServer/8 collect_start/collect_end
nm_nrcs_central_a3_2017,2017,2018,NM_NRCS_Central_A3_2017,75834,USGS 3DEP Elevation Index MapServer/8 collect_start/collect_end
nm_nrcs_central_tl_2017,2017,2018,NM_NRCS_Central_TL_2017,178055,USGS 3DEP Elevation Index MapServer/8 collect_start/collect_end
nm_nrcs_middleriogrande_2017,2018,2018,NM_NRCS_MiddleRioGrande_2017,77895,USGS 3DEP Elevation Index MapServer/8 collect_start/collect_end
nm_riohondo_2014,2014,2014,NM_RioHondo_2014,23179,USGS 3DEP Elevation Index MapServer/8 collect_start/collect_end
nm_riosanjose_2016,2016,2017,NM_RioSanJose_2016,62547,USGS 3DEP Elevation Index MapServer/8 collect_start/collect_end
nm_riosanjose_tl_2016,2016,2017,NM_RioSanJose_TL_2016,178276,USGS 3DEP Elevation Index MapServer/8 collect_start/collect_end
nm_roosevelt_curry_2015,2015,2016,NM_Roosevelt_Curry_2015,42031,USGS 3DEP Elevation Index MapServer/8 collect_start/collect_end
nm_santafeco_2014,2014,2014,NM_SantaFeCo_2014,14416,USGS 3DEP Elevation Index MapServer/8 collect_start/collect_end
nm_southcentral_acoma_tl_2018,2018,2019,NM_SouthCentral_Acoma_TL_2018,195875,USGS 3DEP Elevation Index MapServer/8 collect_start/collect_end
nm_southcentral_apache_tl_2018,2019,2019,NM_SouthCentral_Apache_TL_2018,195960,USGS 3DEP Elevation Index MapServer/8 collect_start/collect_end
nm_southcentral_b10_2018,2019,2019,NM_SouthCentral_B10_2018,172899,USGS 3DEP Elevation Index MapServer/8 collect_start/collect_end
nm_southcentral_b1_2018,2018,2019,NM_SouthCentral_B1_2018,70030,USGS 3DEP Elevation Index MapServer/8 collect_start/collect_end
nm_southcentral_b2_2018,2018,2019,NM_SouthCentral_B2_2018,172875,USGS 3DEP Elevation Index MapServer/8 collect_start/collect_end
nm_southcentral_b3_2018,2018,2019,NM_SouthCentral_B3_2018,172878,USGS 3DEP Elevation Index MapServer/8 collect_start/collect_end
nm_southcentral_b4_2018,2018,2019,NM_SouthCentral_B4_2018,172881,USGS 3DEP Elevation Index MapServer/8 collect_start/collect_end
nm_southcentral_b5_2018,2018,2019,NM_SouthCentral_B5_2018,172884,USGS 3DEP Elevation Index MapServer/8 collect_start/collect_end
nm_southcentral_b6_2018,2018,2019,NM_SouthCentral_B6_2018,172887,USGS 3DEP Elevation Index MapServer/8 collect_start/collect_end
nm_southcentral_b7_2018,2018,2019,NM_SouthCentral_B7_2018,172890,USGS 3DEP Elevation Index MapServer/8 collect_start/collect_end
nm_southcentral_b8_2018,2018,2019,NM_SouthCentral_B8_2018,172893,USGS 3DEP Elevation Index MapServer/8 collect_start/collect_end
nm_southcentral_b9_2018,2018,2019,NM_SouthCentral_B9_2018,172896,USGS 3DEP Elevation Index MapServer/8 collect_start/collect_end
nm_southcentral_fort_sill_tl_2018,2018,2019,NM_SouthCentral_Fort_Sill_TL_2018,195889,USGS 3DEP Elevation Index MapServer/8 collect_start/collect_end
nm_southcentral_navajo_a_tl_2018,2018,2019,NM_SouthCentral_Navajo_A_TL_2018,195932,USGS 3DEP Elevation Index MapServer/8 collect_start/collect_end
nm_southcentral_navajo_b_tl_2018,2019,2019,NM_SouthCentral_Navajo_B_TL_2018,195918,USGS 3DEP Elevation Index MapServer/8 collect_start/collect_end
nm_southcentral_zuni_tl_2018,2019,2019,NM_SouthCentral_Zuni_TL_2018,195946,USGS 3DEP Elevation Index MapServer/8 collect_start/collect_end
nm_southeast_b1_2018,2018,2019,NM_SouthEast_B1_2018,172839,USGS 3DEP Elevation Index MapServer/8 collect_start/collect_end
nm_southeast_b2_2018,2018,2019,NM_SouthEast_B2_2018,172854,USGS 3DEP Elevation Index MapServer/8 collect_start/collect_end
nm_southeast_b3_2018,2018,2019,NM_SouthEast_B3_2018,172845,USGS 3DEP Elevation Index MapServer/8 collect_start/collect_end
nm_southeast_b4_2018,2018,2019,NM_SouthEast_B4_2018,172848,USGS 3DEP Elevation Index MapServer/8 collect_start/collect_end
nm_southeast_b5_2018,2018,2019,NM_SouthEast_B5_2018,172851,USGS 3DEP Elevation Index MapServer/8 collect_start/collect_end
nm_southeast_b7_2018,2018,2018,NM_SouthEast_B7_2018,172857,USGS 3DEP Elevation Index MapServer/8 collect_start/collect_end
nm_southeast_b8_2018,2018,2018,NM_SouthEast_B8_2018,172860,USGS 3DEP Elevation Index MapServer/8 collect_start/collect_end
nm_usfsenchantedcircle_1_d24,2024,2024,NM_USFSEnchantedCircle_1_D24,300715,USGS 3DEP Elevation Index MapServer/8 collect_start/collect_end
nm_whitesands_2015,2015,2015,NM_WhiteSands_2015,35920,USGS 3DEP Elevation Index MapServer/8 collect_start/collect_end
nm_whitesandsnm_2020,2020,2020,NM_WhiteSandsNM_2020,186612,USGS 3DEP Elevation Index MapServer/8 collect_start/collect_end
nv_clarkco_1_b22,2022,2022,NV_ClarkCo_1_B22,300192,USGS 3DEP Elevation Index MapServer/8 collect_start/collect_end
nv_clarkco_2_b22,2022,2022,NV_ClarkCo_2_B22,300193,USGS 3DEP Elevation Index MapServer/8 collect_start/collect_end
nv_clarkcounty_b1_2018,2018,2018,NV_ClarkCounty_B1_2018,179230,USGS 3DEP Elevation Index MapServer/8 collect_start/collect_end
nv_eastcentral_1_d21,2021,2022,NV_EastCentral_1_D21,223581,USGS 3DEP Elevation Index MapServer/8 collect_start/collect_end
nv_eastcentral_2_d21,2021,2022,NV_EastCentral_2_D21,300260,USGS 3DEP Elevation Index MapServer/8 collect_start/collect_end
nv_eastcentral_3_d21,2022,2022,NV_EastCentral_3_D21,300280,USGS 3DEP Elevation Index MapServer/8 collect_start/collect_end
nv_eastcentral_4_d21,2022,2022,NV_EastCentral_4_D21,300279,USGS 3DEP Elevation Index MapServer/8 collect_start/collect_end
nv_eastcentral_5_d21,2021,2022,NV_EastCentral_5_D21,300489,USGS 3DEP Elevation Index MapServer/8 collect_start/collect_end
nv_humboldt_1_2021,2021,2021,NV_Humboldt_1_2021,223209,USGS 3DEP Elevation Index MapServer/8 collect_start/collect_end
nv_humboldt_2_2021,2021,2021,NV_Humboldt_2_2021,300240,USGS 3DEP Elevation Index MapServer/8 collect_start/collect_end
nv_humboldt_3_2021,2021,2021,NV_Humboldt_3_2021,300241,USGS 3DEP Elevation Index MapServer/8 collect_start/collect_end
nv_lasvegas_ql1_2016,2016,2016,NV_LasVegas_QL1_2016,63530,USGS 3DEP Elevation Index MapServer/8 collect_start/collect_end
nv_lasvegas_ql2_2016,2016,2016,NV_LasVegas_QL2_2016,63305,USGS 3DEP Elevation Index MapServer/8 collect_start/collect_end
nv_lasvegasvalley_2010,2010,2010,NV_LASVEGASVALLEY_2010,-1498,USGS 3DEP Elevation Index MapServer/8 collect_start/collect_end
nv_nwelko_1_d20,2020,2021,NV_NWElko_1_D20,198530,USGS 3DEP Elevation Index MapServer/8 collect_start/collect_end
nv_nwelko_2_d20,2020,2021,NV_NWElko_2_D20,300145,USGS 3DEP Elevation Index MapServer/8 collect_start/collect_end
nv_nyene_1_d23,2023,2023,NV_NyeNE_1_D23,300509,USGS 3DEP Elevation Index MapServer/8 collect_start/collect_end
nv_reno_carson_ql1_2017,2017,2017,NV_Reno_Carson_QL1_2017,74268,USGS 3DEP Elevation Index MapServer/8 collect_start/collect_end
nv_reno_carson_ql2_2017,2017,2017,NV_Reno_Carson_QL2_2017,74263,USGS 3DEP Elevation Index MapServer/8 collect_start/collect_end
nv_southern_1_d23,2023,2023,NV_Southern_1_D23,300540,USGS 3DEP Elevation Index MapServer/8 collect_start/collect_end
nv_southern_2_d23,2023,2023,NV_Southern_2_D23,300541,USGS 3DEP Elevation Index MapServer/8 collect_start/collect_end
nv_southern_3_d23,2023,2023,NV_Southern_3_D23,300542,USGS 3DEP Elevation Index MapServer/8 collect_start/collect_end
nv_southern_4_d23,2023,2023,NV_Southern_4_D23,300543,USGS 3DEP Elevation Index MapServer/8 collect_start/collect_end
nv_southern_5_d23,2023,2023,NV_Southern_5_D23,300544,USGS 3DEP Elevation Index MapServer/8 collect_start/collect_end
nv_upperhumboldt_2016,2016,2016,NV_UpperHumboldt_2016,71008,USGS 3DEP Elevation Index MapServer/8 collect_start/collect_end
nv_usfsr4_1_d23,2023,2023,NV_USFSR4_1_D23,300457,USGS 3DEP Elevation Index MapServer/8 collect_start/collect_end
nv_usfsr4_2_d23,2023,2023,NV_USFSR4_2_D23,300463,USGS 3DEP Elevation Index MapServer/8 collect_start/collect_end
nv_usfsr4_3_d23,2023,2023,NV_USFSR4_3_D23,300506,USGS 3DEP Elevation Index MapServer/8 collect_start/collect_end
nv_usfsr4_4_d23,2023,2023,NV_USFSR4_4_D23,300507,USGS 3DEP Elevation Index MapServer/8 collect_start/collect_end
nv_usfsr4_5_d23,2023,2023,NV_USFSR4_5_D23,300508,USGS 3DEP Elevation Index MapServer/8 collect_start/collect_end
nv_westcentralearthmri_1_2020,2020,2020,NV_WestCentralEarthMRI_1_2020,198159,USGS 3DEP Elevation Index MapServer/8 collect_start/collect_end
nv_westcentralearthmri_2_2020,2020,2020,NV_WestCentralEarthMRI_2_2020,231490,USGS 3DEP Elevation Index MapServer/8 collect_start/collect_end
nv_westcentralearthmri_3_2020,2020,2020,NV_WestCentralEarthMRI_3_2020,300013,USGS 3DEP Elevation Index MapServer/8 collect_start/collect_end
nv_westcentralearthmri_4_2020,2020,2020,NV_WestCentralEarthMRI_4_2020,300014,USGS 3DEP Elevation Index MapServer/8 collect_start/collect_end
nv_westcentralearthmri_5_2020,2020,2020,NV_WestCentralEarthMRI_5_2020,300015,USGS 3DEP Elevation Index MapServer/8 collect_start/collect_end
nv_westcentralearthmri_6_2020,2020,2020,NV_WestCentralEarthMRI_6_2020,300016,USGS 3DEP Elevation Index MapServer/8 collect_start/collect_end
ny_3county_2019,2019,2019,NY_3County_2019,176002,USGS 3DEP Elevation Index MapServer/8 collect_start/collect_end
ny_cayugaoswego_2018,2018,2018,NY_CayugaOswego_2018,79676,USGS 3DEP Elevation Index MapServer/8 collect_start/collect_end
ny_cayugaoswego_tl_2018,2018,2018,NY_CayugaOswego_TL_2018,178572,USGS 3DEP Elevation Index MapServer/8 collect_start/collect_end
ny_clintonessexlakechamplain_2014,2014,2015,NY_ClintonEssexLakeChamplain_2014,63081,USGS 3DEP Elevation Index MapServer/8 collect_start/collect_end
ny_cmpg_2013,2013,2014,NY_CMPG_2013,6521,USGS 3DEP Elevation Index MapServer/8 collect_start/collect_end
ny_columbia_rensselaer_2016,2015,2016,NY_Columbia_Rensselaer_2016,75465,USGS 3DEP Elevation Index MapServer/8 collect_start/collect_end
ny_cortland_2005,2005,2005,NY_CORTLAND_2005,-1499,USGS 3DEP Elevation Index MapServer/8 collect_start/collect_end
ny_fema_r2_b1_2016,2016,2017,NY_FEMA_R2_B1_2016,62424,USGS 3DEP Elevation Index MapServer/8 collect_start/collect_end
ny_fema_r2_b2_2016,2016,2017,NY_FEMA_R2_B2_2016,62428,USGS 3DEP Elevation Index MapServer/8 collect_start/collect_end
ny_fema_r2_northeast_2017,2018,2018,NY_FEMA_R2_Northeast_2017,75793,USGS 3DEP Elevation Index MapServer/8 collect_start/collect_end
ny_fema_r2_seneca_2012,2012,2014,NY_FEMA_R2_Seneca_2012,15846,USGS 3DEP Elevation Index MapServer/8 collect_start/collect_end
ny_fema_r2l1_chautauquaco_2014,2014,2014,NY_FEMA_R2L1_ChautauquaCo_2014,28194,USGS 3DEP Elevation Index MapServer/8 collect_start/collect_end
ny_fema_r2l2_orleansco_2014,2014,2014,NY_FEMA_R2L2_OrleansCo_2014,10038,USGS 3DEP Elevation Index MapServer/8 collect_start/collect_end
ny_femar2_central_2_2018,2019,2019,NY_FEMAR2_Central_2_2018,213996,USGS 3DEP Elevation Index MapServer/8 collect_start/collect_end
ny_femar2_central_3_2018,2019,2019,NY_FEMAR2_Central_3_2018,214093,USGS 3DEP Elevation Index MapServer/8 collect_start/collect_end
ny_femar2_central_4_2018,2019,2020,NY_FEMAR2_Central_4_2018,226169,USGS 3DEP Elevation Index MapServer/8 collect_start/collect_end
ny_femar2_central_5_2018,2019,2020,NY_FEMAR2_Central_5_2018,229498,USGS 3DEP Elevation Index MapServer/8 collect_start/collect_end
ny_femar2_central_b1_2018,2019,2019,NY_FEMAR2_Central_B1_2018,172460,USGS 3DEP Elevation Index MapServer/8 collect_start/collect_end
ny_fingerlakes_1_2020,2020,2020,NY_FingerLakes_1_2020,191392,USGS 3DEP Elevation Index MapServer/8 collect_start/collect_end
ny_greatlakes_phase2_l3_2014,2014,2015,NY_GreatLakes_Phase2_L3_2014,44383,USGS 3DEP Elevation Index MapServer/8 collect_start/collect_end
ny_hudson_1_d22,2022,2023,NY_Hudson_1_D22,300386,USGS 3DEP Elevation Index MapServer/8 collect_start/collect_end
ny_hudsonriverregion_1_2020,2018,2019,NY_HudsonRiverRegion_1_2020,192491,USGS 3DEP Elevation Index MapServer/8 collect_start/collect_end
ny_lakeontarioshoreline_1_a23,2023,2023,NY_LakeOntarioShoreline_1_A23,300626,USGS 3DEP Elevation Index MapServer/8 collect_start/collect_end
ny_li19_2014,2014,2014,NY_LI19_2014,300840,USGS 3DEP Elevation Index MapServer/8 collect_start/collect_end
ny_longisland_1_a24,2024,2024,NY_LongIsland_1_A24,300655,USGS 3DEP Elevation Index MapServer/8 collect_start/collect_end
ny_longisland_z18_2014,2014,2014,NY_LongIsland_Z18_2014,12187,USGS 3DEP Elevation Index MapServer/8 collect_start/collect_end
ny_madisonotsegoco_2015,2015,2015,NY_MadisonOtsegoCo_2015,29278,USGS 3DEP Elevation Index MapServer/8 collect_start/collect_end
ny_nhgaps_1_d24,2024,2024,NY_NHGaps_1_D24,300713,USGS 3DEP Elevation Index MapServer/8 collect_start/collect_end
ny_nhgaps_2_d24,2024,2024,NY_NHGaps_2_D24,300714,USGS 3DEP Elevation Index MapServer/8 collect_start/collect_end
ny_oneida_2008,2008,2008,NY_ONEIDA_2008,-1500,USGS 3DEP Elevation Index MapServer/8 collect_start/collect_end
ny_putnam_2008,2008,2008,NY_PUTNAM_2008,-1501,USGS 3DEP Elevation Index MapServer/8 collect_start/collect_end
ny_region2lot1_fema_2012,2012,2012,NY_REGION2LOT1_FEMA_2012,1991,USGS 3DEP Elevation Index MapServer/8 collect_start/collect_end
ny_sandy_ul_du_or_2013,2013,2014,NY_Sandy_Ul_Du_Or_2013,6237,USGS 3DEP Elevation Index MapServer/8 collect_start/collect_end
ny_schoharie_2014,2014,2014,NY_Schoharie_2014,6939,USGS 3DEP Elevation Index MapServer/8 collect_start/collect_end
ny_se4county_1_a22,2022,2022,NY_SE4County_1_A22,300367,USGS 3DEP Elevation Index MapServer/8 collect_start/collect_end
ny_southwest_2_co_2016,2016,2016,NY_Southwest_2_CO_2016,64542,USGS 3DEP Elevation Index MapServer/8 collect_start/collect_end
ny_southwest_b2_2017,2017,2017,NY_Southwest_B2_2017,76772,USGS 3DEP Elevation Index MapServer/8 collect_start/collect_end
ny_southwest_b2_tl_2017,2017,2017,NY_Southwest_B2_TL_2017,178401,USGS 3DEP Elevation Index MapServer/8 collect_start/collect_end
ny_southwest_east_2017,2017,2017,NY_Southwest_East_2017,66509,USGS 3DEP Elevation Index MapServer/8 collect_start/collect_end
oh_chippewawatershed_2017,2017,2017,OH_ChippewaWatershed_2017,70698,USGS 3DEP Elevation Index MapServer/8 collect_start/collect_end
oh_clinton_2018,2018,2018,OH_Clinton_2018,172524,USGS 3DEP Elevation Index MapServer/8 collect_start/collect_end
oh_columbus_2019,2019,2019,OH_Columbus_2019,176868,USGS 3DEP Elevation Index MapServer/8 collect_start/collect_end
oh_delaware_2018,2018,2018,OH_Delaware_2018,79031,USGS 3DEP Elevation Index MapServer/8 collect_start/collect_end
oh_lowermaumee_b16_2016,2016,2016,OH_LowerMaumee_B16_2016,74865,USGS 3DEP Elevation Index MapServer/8 collect_start/collect_end
oh_north_2006,2006,2006,OH_NORTH_2006,-1503,USGS 3DEP Elevation Index MapServer/8 collect_start/collect_end
oh_south_2006,2006,2006,OH_SOUTH_2006,-1504,USGS 3DEP Elevation Index MapServer/8 collect_start/collect_end
oh_south_2007,2007,2007,OH_SOUTH_2007,-1505,USGS 3DEP Elevation Index MapServer/8 collect_start/collect_end
oh_statewide_phase1_1_2019,2019,2020,OH_Statewide_Phase1_1_2019,182846,USGS 3DEP Elevation Index MapServer/8 collect_start/collect_end
oh_statewide_phase1_2_2019,2019,2020,OH_Statewide_Phase1_2_2019,198017,USGS 3DEP Elevation Index MapServer/8 collect_start/collect_end
oh_statewide_phase1_3_2019,2019,2020,OH_Statewide_Phase1_3_2019,206353,USGS 3DEP Elevation Index MapServer/8 collect_start/collect_end
oh_statewide_phase1_4_2019,2020,2020,OH_Statewide_Phase1_4_2019,208917,USGS 3DEP Elevation Index MapServer/8 collect_start/collect_end
oh_statewide_phase1_5_2019,2019,2020,OH_Statewide_Phase1_5_2019,210007,USGS 3DEP Elevation Index MapServer/8 collect_start/collect_end
oh_statewide_phase1_6_2019,2020,2020,OH_Statewide_Phase1_6_2019,215019,USGS 3DEP Elevation Index MapServer/8 collect_start/collect_end
oh_statewide_phase1_7_2019,2019,2020,OH_Statewide_Phase1_7_2019,215686,USGS 3DEP Elevation Index MapServer/8 collect_start/collect_end
oh_statewide_phase1_8_2019,2019,2021,OH_Statewide_Phase1_8_2019,228248,USGS 3DEP Elevation Index MapServer/8 collect_start/collect_end
oh_statewide_phase2_1_2020,2020,2021,OH_Statewide_Phase2_1_2020,197533,USGS 3DEP Elevation Index MapServer/8 collect_start/collect_end
oh_statewide_phase2_2_2020,2021,2021,OH_Statewide_Phase2_2_2020,224682,USGS 3DEP Elevation Index MapServer/8 collect_start/collect_end
oh_statewide_phase2_3_2020,2021,2021,OH_Statewide_Phase2_3_2020,224906,USGS 3DEP Elevation Index MapServer/8 collect_start/collect_end
oh_statewide_phase2_4_2020,2021,2021,OH_Statewide_Phase2_4_2020,224909,USGS 3DEP Elevation Index MapServer/8 collect_start/collect_end
oh_statewide_phase2_5_2020,2021,2021,OH_Statewide_Phase2_5_2020,224912,USGS 3DEP Elevation Index MapServer/8 collect_start/collect_end
oh_statewide_phase2_6_2020,2020,2021,OH_Statewide_Phase2_6_2020,224915,USGS 3DEP Elevation Index MapServer/8 collect_start/collect_end
oh_statewide_phase2_7_2020,2020,2021,OH_Statewide_Phase2_7_2020,224919,USGS 3DEP Elevation Index MapServer/8 collect_start/collect_end
oh_statewide_phase2_8_2020,2020,2021,OH_Statewide_Phase2_8_2020,224925,USGS 3DEP Elevation Index MapServer/8 collect_start/collect_end
oh_statewidep3_1_b21,2021,2022,OH_StatewideP3_1_B21,222525,USGS 3DEP Elevation Index MapServer/8 collect_start/collect_end
oh_statewidep3_2_b21,2022,2022,OH_StatewideP3_2_B21,300165,USGS 3DEP Elevation Index MapServer/8 collect_start/collect_end
oh_statewidep3_3_b21,2021,2023,OH_StatewideP3_3_B21,300166,USGS 3DEP Elevation Index MapServer/8 collect_start/collect_end
oh_statewidep3_4_b21,2022,2022,OH_StatewideP3_4_B21,300167,USGS 3DEP Elevation Index MapServer/8 collect_start/collect_end
oh_statewidep3_5_b21,2022,2022,OH_StatewideP3_5_B21,300168,USGS 3DEP Elevation Index MapServer/8 collect_start/collect_end
oh_statewidep3_6_b21,2021,2022,OH_StatewideP3_6_B21,300169,USGS 3DEP Elevation Index MapServer/8 collect_start/collect_end
oh_statewidep3_7_b21,2022,2022,OH_StatewideP3_7_B21,300170,USGS 3DEP Elevation Index MapServer/8 collect_start/collect_end
oh_statewidep3_8_b21,2020,2021,OH_StatewideP3_8_B21,300391,USGS 3DEP Elevation Index MapServer/8 collect_start/collect_end
ok_3county_2017,2018,2018,OK_3County_2017,77889,USGS 3DEP Elevation Index MapServer/8 collect_start/collect_end
ok_arcachelcimarron_1_d25,2025,2025,OK_ARCacheLCimarron_1_D25,301068,USGS 3DEP Elevation Index MapServer/8 collect_start/collect_end
ok_arcachelcimarron_2_d25,2025,2025,OK_ARCacheLCimarron_2_D25,301069,USGS 3DEP Elevation Index MapServer/8 collect_start/collect_end
ok_arcachelcimarron_3_d25,2025,2025,OK_ARCacheLCimarron_3_D25,301070,USGS 3DEP Elevation Index MapServer/8 collect_start/collect_end
ok_arcachelcimarron_5_d25,2025,2025,OK_ARCacheLCimarron_5_D25,301072,USGS 3DEP Elevation Index MapServer/8 collect_start/collect_end
ok_arcachelcimarron_6_d25,2025,2025,OK_ARCacheLCimarron_6_D25,301073,USGS 3DEP Elevation Index MapServer/8 collect_start/collect_end
ok_area1_1a_2011,2011,2011,OK_Area1_1A_2011,11299,USGS 3DEP Elevation Index MapServer/8 collect_start/collect_end
ok_area1_1b_2011,2011,2011,OK_Area1_1B_2011,72978,USGS 3DEP Elevation Index MapServer/8 collect_start/collect_end
ok_area1_1d_2011,2012,2012,OK_Area1_1D_2011,72994,USGS 3DEP Elevation Index MapServer/8 collect_start/collect_end
ok_area2_2011,2011,2012,OK_Area2_2011,11296,USGS 3DEP Elevation Index MapServer/8 collect_start/collect_end
ok_area4_2011,2011,2012,OK_Area4_2011,11347,USGS 3DEP Elevation Index MapServer/8 collect_start/collect_end
ok_cache_l5_2014,2014,2015,OK_Cache_L5_2014,23355,USGS 3DEP Elevation Index MapServer/8 collect_start/collect_end
ok_craig_nowata_2015,2015,2016,OK_Craig_Nowata_2015,45490,USGS 3DEP Elevation Index MapServer/8 collect_start/collect_end
ok_damrehab3_7_2011,2011,2012,OK_DamRehab3_7_2011,11345,USGS 3DEP Elevation Index MapServer/8 collect_start/collect_end
ok_grandlake_2010,2010,2010,OK_GRANDLAKE_2010,425,USGS 3DEP Elevation Index MapServer/8 collect_start/collect_end
ok_lowercimarron_2015,2015,2015,OK_LowerCimarron_2015,45523,USGS 3DEP Elevation Index MapServer/8 collect_start/collect_end
ok_mcintosh_2011,2011,2011,OK_MCINTOSH_2011,376,USGS 3DEP Elevation Index MapServer/8 collect_start/collect_end
ok_north_corridor_b4_2017,2016,2017,OK_North_Corridor_B4_2017,62529,USGS 3DEP Elevation Index MapServer/8 collect_start/collect_end
ok_nrcs_area1c_2012,2011,2012,OK_NRCS_Area1C_2012,72986,USGS 3DEP Elevation Index MapServer/8 collect_start/collect_end
ok_nrcs_area1e_2012,2012,2012,OK_NRCS_Area1E_2012,73002,USGS 3DEP Elevation Index MapServer/8 collect_start/collect_end
ok_panhandle_b1a_2018,2019,2019,OK_Panhandle_B1A_2018,80400,USGS 3DEP Elevation Index MapServer/8 collect_start/collect_end
ok_panhandle_b1b_2018,2019,2019,OK_Panhandle_B1B_2018,185919,USGS 3DEP Elevation Index MapServer/8 collect_start/collect_end
ok_panhandle_b1c_2018,2019,2019,OK_Panhandle_B1C_2018,185925,USGS 3DEP Elevation Index MapServer/8 collect_start/collect_end
ok_panhandle_b2_2018,2019,2019,OK_Panhandle_B2_2018,80406,USGS 3DEP Elevation Index MapServer/8 collect_start/collect_end
ok_pottawatomie_2011,2011,2011,OK_POTTAWATOMIE_2011,379,USGS 3DEP Elevation Index MapServer/8 collect_start/collect_end
ok_sallisaw_2006,2006,2006,OK_SALLISAW_2006,-1509,USGS 3DEP Elevation Index MapServer/8 collect_start/collect_end
ok_statewide_1_d22,2022,2023,OK_Statewide_1_D22,300406,USGS 3DEP Elevation Index MapServer/8 collect_start/collect_end
ok_statewide_2_d22,2022,2023,OK_Statewide_2_D22,300454,USGS 3DEP Elevation Index MapServer/8 collect_start/collect_end
ok_statewide_3_d22,2022,2023,OK_Statewide_3_D22,300534,USGS 3DEP Elevation Index MapServer/8 collect_start/collect_end
ok_statewide_4_d22,2022,2023,OK_Statewide_4_D22,300567,USGS 3DEP Elevation Index MapServer/8 collect_start/collect_end
ok_stillwater_2010,2010,2010,OK_STILLWATER_2010,-1510,USGS 3DEP Elevation Index MapServer/8 collect_start/collect_end
ok_sugarcreek_2008,2008,2008,OK_SUGARCREEK_2008,-1511,USGS 3DEP Elevation Index MapServer/8 collect_start/collect_end
ok_washitariver_14nad83_2009,2009,2010,OK_WASHITARIVER_14NAD83_2009,-1512,USGS 3DEP Elevation Index MapServer/8 collect_start/collect_end
ok_washitariver_14wgs84_2009,2009,2010,OK_WASHITARIVER_14WGS84_2009,-1513,USGS 3DEP Elevation Index MapServer/8 collect_start/collect_end
ok_washitariver_utm15_2009,2009,2010,OK_WASHITARIVER_UTM15_2009,-1514,USGS 3DEP Elevation Index MapServer/8 collect_start/collect_end
ok_woodward_utm14_b1_2016,2016,2017,OK_Woodward_UTM14_B1_2016,62509,USGS 3DEP Elevation Index MapServer/8 collect_start/collect_end
ok_woodward_utm14_b2_2016,2016,2017,OK_Woodward_UTM14_B2_2016,62521,USGS 3DEP Elevation Index MapServer/8 collect_start/collect_end
ok_woodward_utm15_b3_2016,2016,2017,OK_Woodward_UTM15_B3_2016,62481,USGS 3DEP Elevation Index MapServer/8 collect_start/collect_end
ok_woodward_utm15_b4_2016,2016,2017,OK_Woodward_UTM15_B4_2016,62489,USGS 3DEP Elevation Index MapServer/8 collect_start/collect_end
ok_woodward_utm15_b5_2016,2016,2017,OK_Woodward_UTM15_B5_2016,62518,USGS 3DEP Elevation Index MapServer/8 collect_start/collect_end
ok_woodward_utm15_b6_2016,2017,2017,OK_Woodward_UTM15_B6_2016,76093,USGS 3DEP Elevation Index MapServer/8 collect_start/collect_end
or_2022jackson_1_c25,2022,2023,OR_2022Jackson_1_C25,301323,USGS 3DEP Elevation Index MapServer/8 collect_start/collect_end
or_2023olcblmfires_1_c25,2023,2023,OR_2023OLCBLMFires_1_C25,301292,USGS 3DEP Elevation Index MapServer/8 collect_start/collect_end
or_beavercreek_bor_2009,2009,2009,OR_BEAVERCREEK_BOR_2009,-1515,USGS 3DEP Elevation Index MapServer/8 collect_start/collect_end
or_camp_creek_olc_2008,2008,2008,OR_CAMP_CREEK_OLC_2008,-1516,USGS 3DEP Elevation Index MapServer/8 collect_start/collect_end
or_catherine_bor_2007,2007,2007,OR_CATHERINE_BOR_2007,-1517,USGS 3DEP Elevation Index MapServer/8 collect_start/collect_end
or_catherine_lower_bor_2009,2009,2009,OR_CATHERINE_LOWER_BOR_2009,-1518,USGS 3DEP Elevation Index MapServer/8 collect_start/collect_end
or_catherine_upper_bor_2009,2009,2009,OR_CATHERINE_UPPER_BOR_2009,-1519,USGS 3DEP Elevation Index MapServer/8 collect_start/collect_end
or_clatsop_odf_2007,2007,2007,OR_CLATSOP_ODF_2007,-1520,USGS 3DEP Elevation Index MapServer/8 collect_start/collect_end
or_coast_central_olc_2011_2012,2011,2012,OR_COAST_CENTRAL_OLC_2011_2012,-1521,USGS 3DEP Elevation Index MapServer/8 collect_start/collect_end
or_craterlake_2010,2010,2010,OR_CRATERLAKE_2010,-1523,USGS 3DEP Elevation Index MapServer/8 collect_start/collect_end
or_damon_usfs_2007,2007,2007,OR_DAMON_USFS_2007,-1524,USGS 3DEP Elevation Index MapServer/8 collect_start/collect_end
or_deschutes_newberry2_olc_2011,2011,2011,OR_DESCHUTES_NEWBERRY2_OLC_2011,-1525,USGS 3DEP Elevation Index MapServer/8 collect_start/collect_end
or_deschutes_newberry_crater_olc_2010,2010,2010,OR_DESCHUTES_NEWBERRY_CRATER_OLC_2010,-1526,USGS 3DEP Elevation Index MapServer/8 collect_start/collect_end
or_deschutes_olc_2009_2011,2009,2011,OR_DESCHUTES_OLC_2009_2011,-1527,USGS 3DEP Elevation Index MapServer/8 collect_start/collect_end
or_dogami_2017,2017,2017,OR_DOGAMI_2017,66503,USGS 3DEP Elevation Index MapServer/8 collect_start/collect_end
or_granderonde_2007,2007,2007,OR_GRANDERONDE_2007,-1528,USGS 3DEP Elevation Index MapServer/8 collect_start/collect_end
or_granderondebasin_2009,2009,2009,OR_GRANDERONDEBASIN_2009,-1529,USGS 3DEP Elevation Index MapServer/8 collect_start/collect_end
or_harneycounty_2018,2018,2018,OR_HarneyCounty_2018,77289,USGS 3DEP Elevation Index MapServer/8 collect_start/collect_end
or_harneycounty_tl_2018,2018,2018,OR_HarneyCounty_TL_2018,183079,USGS 3DEP Elevation Index MapServer/8 collect_start/collect_end
or_harneysilver_1_2020,2014,2017,OR_HarneySilver_1_2020,191397,USGS 3DEP Elevation Index MapServer/8 collect_start/collect_end
or_harneysilver_2_2020,2014,2017,OR_HarneySilver_2_2020,300031,USGS 3DEP Elevation Index MapServer/8 collect_start/collect_end
or_harneysilver_3_2020,2017,2018,OR_HarneySilver_3_2020,300032,USGS 3DEP Elevation Index MapServer/8 collect_start/collect_end
or_harneysilver_4_2020,2020,2020,OR_HarneySilver_4_2020,300033,USGS 3DEP Elevation Index MapServer/8 collect_start/collect_end
or_honeyman_oprd_2007,2007,2007,OR_HONEYMAN_OPRD_2007,-1530,USGS 3DEP Elevation Index MapServer/8 collect_start/collect_end
or_john_day_plc_2006,2006,2006,OR_JOHN_DAY_PLC_2006,-1531,USGS 3DEP Elevation Index MapServer/8 collect_start/collect_end
or_johndaytb_topobathymetric_1_d25,2025,2025,OR_JohnDayTB_Topobathymetric_1_D25,301227,USGS 3DEP Elevation Index MapServer/8 collect_start/collect_end
or_klamath_2010,2010,2010,OR_KLAMATH_2010,-1532,USGS 3DEP Elevation Index MapServer/8 collect_start/collect_end
or_klamath_2018,2018,2018,OR_Klamath_2018,194827,USGS 3DEP Elevation Index MapServer/8 collect_start/collect_end
or_lostine_rriver_bor_2008,2008,2008,OR_LOSTINE_RRIVER_BOR_2008,-1533,USGS 3DEP Elevation Index MapServer/8 collect_start/collect_end
or_lowerklamath_2005,2005,2005,OR_LOWERKLAMATH_2005,-1534,USGS 3DEP Elevation Index MapServer/8 collect_start/collect_end
or_malheur_1_a22,2022,2022,OR_Malheur_1_A22,300574,USGS 3DEP Elevation Index MapServer/8 collect_start/collect_end
or_malheur_2016,2016,2016,OR_Malheur_2016,41773,USGS 3DEP Elevation Index MapServer/8 collect_start/collect_end
or_malheur_2_a22,2022,2022,OR_Malheur_2_A22,300575,USGS 3DEP Elevation Index MapServer/8 collect_start/collect_end
or_malheur_3_a22,2020,2020,OR_Malheur_3_A22,300576,USGS 3DEP Elevation Index MapServer/8 collect_start/collect_end
or_malheur_olc_2008_2009,2008,2009,OR_MALHEUR_OLC_2008_2009,-1535,USGS 3DEP Elevation Index MapServer/8 collect_start/collect_end
or_malheur_usfs_2010,2010,2010,OR_MALHEUR_USFS_2010,-1536,USGS 3DEP Elevation Index MapServer/8 collect_start/collect_end
or_mckenzieriver_1_2021,2021,2021,OR_McKenzieRiver_1_2021,220421,USGS 3DEP Elevation Index MapServer/8 collect_start/collect_end
or_mkrc_topobathy_2021,2021,2021,OR_MKRC_Topobathy_2021,221667,USGS 3DEP Elevation Index MapServer/8 collect_start/collect_end
or_newberry_2010,2010,2010,OR_NEWBERRY_2010,-1537,USGS 3DEP Elevation Index MapServer/8 collect_start/collect_end
or_northcoast_2008_2009,2008,2009,OR_NORTHCOAST_2008_2009,-1538,USGS 3DEP Elevation Index MapServer/8 collect_start/collect_end
or_northeastgaps_1_d24,2024,2024,OR_NorthEastGaps_1_D24,301015,USGS 3DEP Elevation Index MapServer/8 collect_start/collect_end
or_northeastgaps_2_d24,2024,2024,OR_NorthEastGaps_2_D24,301016,USGS 3DEP Elevation Index MapServer/8 collect_start/collect_end
or_northeastgaps_3_d24,2024,2025,OR_NorthEastGaps_3_D24,301017,USGS 3DEP Elevation Index MapServer/8 collect_start/collect_end
or_nrcsusgs_1_2019,2019,2019,OR_NRCSUSGS_1_2019,183736,USGS 3DEP Elevation Index MapServer/8 collect_start/collect_end
or_nrcsusgs_2_2019,2019,2019,OR_NRCSUSGS_2_2019,205779,USGS 3DEP Elevation Index MapServer/8 collect_start/collect_end
or_nrcsusgs_3_2019,2019,2019,OR_NRCSUSGS_3_2019,217483,USGS 3DEP Elevation Index MapServer/8 collect_start/collect_end
or_nrcsusgs_4_2019,2019,2020,OR_NRCSUSGS_4_2019,219333,USGS 3DEP Elevation Index MapServer/8 collect_start/collect_end
or_nrcsusgs_5_2019,2019,2019,OR_NRCSUSGS_5_2019,228999,USGS 3DEP Elevation Index MapServer/8 collect_start/collect_end
or_nw_clackamole_del_1_2013,2013,2013,OR_NW_Clackamole_Del_1_2013,2444,USGS 3DEP Elevation Index MapServer/8 collect_start/collect_end
or_olc_burns_2011,2011,2011,OR_OLC_BURNS_2011,-1539,USGS 3DEP Elevation Index MapServer/8 collect_start/collect_end
or_olc_eaglepoint_2010,2010,2010,OR_OLC_EAGLEPOINT_2010,-1540,USGS 3DEP Elevation Index MapServer/8 collect_start/collect_end
or_olc_greenpeter_2012,2012,2012,OR_OLC_GREENPETER_2012,4074,USGS 3DEP Elevation Index MapServer/8 collect_start/collect_end
or_olc_keno_2012,2012,2012,OR_OLC_KENO_2012,4079,USGS 3DEP Elevation Index MapServer/8 collect_start/collect_end
or_olc_klamathriver_2010,2010,2011,OR_OLC_KLAMATHRIVER_2010,-1543,USGS 3DEP Elevation Index MapServer/8 collect_start/collect_end
or_olc_ochoco_2011,2011,2011,OR_OLC_OCHOCO_2011,-1544,USGS 3DEP Elevation Index MapServer/8 collect_start/collect_end
or_olc_pinecreek_2011,2011,2011,OR_OLC_PINECREEK_2011,-1545,USGS 3DEP Elevation Index MapServer/8 collect_start/collect_end
or_olc_rogue_2012,2012,2012,OR_OLC_ROGUE_2012,2880,USGS 3DEP Elevation Index MapServer/8 collect_start/collect_end
or_olc_sandyriver_2011,2011,2011,OR_OLC_SANDYRIVER_2011,-1547,USGS 3DEP Elevation Index MapServer/8 collect_start/collect_end
or_olc_tillamookyamhill_2012,2012,2012,OR_OLC_TILLAMOOKYAMHILL_2012,4084,USGS 3DEP Elevation Index MapServer/8 collect_start/collect_end
or_olc_wallowa_2015,2015,2015,OR_OLC_Wallowa_2015,29261,USGS 3DEP Elevation Index MapServer/8 collect_start/collect_end
or_olcmetro_2019,2020,2020,OR_OLCMetro_2019,176041,USGS 3DEP Elevation Index MapServer/8 collect_start/collect_end
or_ontario_2008,2008,2008,OR_ONTARIO_2008,-1549,USGS 3DEP Elevation Index MapServer/8 collect_start/collect_end
or_panther_creek_leaf_off_blm_2007,2007,2007,OR_PANTHER_CREEK_LEAF_OFF_BLM_2007,-1550,USGS 3DEP Elevation Index MapServer/8 collect_start/collect_end
or_panther_creek_leaf_on_blm_2007,2007,2007,OR_PANTHER_CREEK_LEAF_ON_BLM_2007,-1551,USGS 3DEP Elevation Index MapServer/8 collect_start/collect_end
or_polecreek_2013,2013,2013,OR_PoleCreek_2013,5961,USGS 3DEP Elevation Index MapServer/8 collect_start/collect_end
or_portland_2004,2004,2004,OR_PORTLAND_2004,-1552,USGS 3DEP Elevation Index MapServer/8 collect_start/collect_end
or_portlandmetro_1_b24,2024,2024,OR_PortlandMetro_1_B24,301120,USGS 3DEP Elevation Index MapServer/8 collect_start/collect_end
or_powder_river_2007,2007,2007,OR_POWDER_RIVER_2007,-1553,USGS 3DEP Elevation Index MapServer/8 collect_start/collect_end
or_rogue_valley_2007,2007,2007,OR_ROGUE_VALLEY_2007,-1554,USGS 3DEP Elevation Index MapServer/8 collect_start/collect_end
or_rogue_valley_olc_2009,2009,2009,OR_ROGUE_VALLEY_OLC_2009,-1555,USGS 3DEP Elevation Index MapServer/8 collect_start/collect_end
or_rogueriversiskiyounf_b1_2019,2019,2019,OR_RogueRiverSiskiyouNF_B1_2019,182540,USGS 3DEP Elevation Index MapServer/8 collect_start/collect_end
or_sandy_river_2007,2007,2007,OR_SANDY_RIVER_2007,-1557,USGS 3DEP Elevation Index MapServer/8 collect_start/collect_end
or_sandy_river_2008,2008,2008,OR_SANDY_RIVER_2008,-1558,USGS 3DEP Elevation Index MapServer/8 collect_start/collect_end
or_sandyriver_2006,2006,2006,OR_SANDYRIVER_2006,-1556,USGS 3DEP Elevation Index MapServer/8 collect_start/collect_end
or_santiamrivertb_topobathy_1_d23,2023,2023,OR_SantiamRiverTB_Topobathy_1_D23,300439,USGS 3DEP Elevation Index MapServer/8 collect_start/collect_end
or_silver_falls_oprd_2007,2007,2007,OR_SILVER_FALLS_OPRD_2007,-1559,USGS 3DEP Elevation Index MapServer/8 collect_start/collect_end
or_socoast_1_2019,2020,2020,OR_SoCoast_1_2019,176021,USGS 3DEP Elevation Index MapServer/8 collect_start/collect_end
or_southcoast_2008,2008,2008,OR_SOUTHCOAST_2008,-1560,USGS 3DEP Elevation Index MapServer/8 collect_start/collect_end
or_southeast_10_d22,2022,2023,OR_SouthEast_10_D22,300577,USGS 3DEP Elevation Index MapServer/8 collect_start/collect_end
or_southeast_11_d22,2022,2023,OR_SouthEast_11_D22,300578,USGS 3DEP Elevation Index MapServer/8 collect_start/collect_end
or_southeast_12_d22,2022,2024,OR_SouthEast_12_D22,300579,USGS 3DEP Elevation Index MapServer/8 collect_start/collect_end
or_southeast_13_d22,2022,2024,OR_SouthEast_13_D22,300729,USGS 3DEP Elevation Index MapServer/8 collect_start/collect_end
or_southeast_14_d22,2022,2024,OR_SouthEast_14_D22,300730,USGS 3DEP Elevation Index MapServer/8 collect_start/collect_end
or_southeast_1_d22,2022,2023,OR_SouthEast_1_D22,300452,USGS 3DEP Elevation Index MapServer/8 collect_start/collect_end
or_southeast_2_d22,2022,2023,OR_SouthEast_2_D22,300519,USGS 3DEP Elevation Index MapServer/8 collect_start/collect_end
or_southeast_3_d22,2022,2023,OR_SouthEast_3_D22,300520,USGS 3DEP Elevation Index MapServer/8 collect_start/collect_end
or_southeast_4_d22,2023,2023,OR_SouthEast_4_D22,300521,USGS 3DEP Elevation Index MapServer/8 collect_start/collect_end
or_southeast_5_d22,2023,2023,OR_SouthEast_5_D22,300522,USGS 3DEP Elevation Index MapServer/8 collect_start/collect_end
or_southeast_6_d22,2023,2023,OR_SouthEast_6_D22,300523,USGS 3DEP Elevation Index MapServer/8 collect_start/collect_end
or_southeast_7_d22,2023,2023,OR_SouthEast_7_D22,300524,USGS 3DEP Elevation Index MapServer/8 collect_start/collect_end
or_southeast_8_d22,2023,2023,OR_SouthEast_8_D22,300526,USGS 3DEP Elevation Index MapServer/8 collect_start/collect_end
or_southeast_9_d22,2022,2023,OR_SouthEast_9_D22,300527,USGS 3DEP Elevation Index MapServer/8 collect_start/collect_end
or_swcentralsycan_1_b21,2020,2022,OR_SWCentralSycan_1_B21,221824,USGS 3DEP Elevation Index MapServer/8 collect_start/collect_end
or_swcentralsycan_2_b21,2020,2022,OR_SWCentralSycan_2_B21,300184,USGS 3DEP Elevation Index MapServer/8 collect_start/collect_end
or_swcentralsycan_3_b21,2021,2021,OR_SWCentralSycan_3_B21,300185,USGS 3DEP Elevation Index MapServer/8 collect_start/collect_end
or_swcentralsycan_4_b21,2022,2022,OR_SWCentralSycan_4_B21,300186,USGS 3DEP Elevation Index MapServer/8 collect_start/collect_end
or_tillamook_odf_2007,2007,2007,OR_TILLAMOOK_ODF_2007,-1561,USGS 3DEP Elevation Index MapServer/8 collect_start/collect_end
or_umatilla_olc_2011,2011,2011,OR_UMATILLA_OLC_2011,-1562,USGS 3DEP Elevation Index MapServer/8 collect_start/collect_end
or_umatillaunionmorrow_1_2021,2021,2021,OR_UmatillaUnionMorrow_1_2021,218276,USGS 3DEP Elevation Index MapServer/8 collect_start/collect_end
or_umatillawallowawhitman_1_b22,2022,2022,OR_UmatillaWallowaWhitman_1_B22,300194,USGS 3DEP Elevation Index MapServer/8 collect_start/collect_end
or_union_baker_olc_2011_2012,2011,2012,OR_UNION_BAKER_OLC_2011_2012,1092,USGS 3DEP Elevation Index MapServer/8 collect_start/collect_end
or_uppergranderonde_2009,2009,2009,OR_UPPERGRANDERONDE_2009,-1564,USGS 3DEP Elevation Index MapServer/8 collect_start/collect_end
or_upperjohnday_1_2020,2019,2020,OR_UpperJohnDay_1_2020,190596,USGS 3DEP Elevation Index MapServer/8 collect_start/collect_end
or_wallowa_river_bor_2009,2009,2009,OR_WALLOWA_RIVER_BOR_2009,-1565,USGS 3DEP Elevation Index MapServer/8 collect_start/collect_end
or_western_16_d23,2024,2024,OR_Western_16_D23,301138,USGS 3DEP Elevation Index MapServer/8 collect_start/collect_end
or_western_17_d23,2024,2024,OR_Western_17_D23,301139,USGS 3DEP Elevation Index MapServer/8 collect_start/collect_end
or_willamette_valley_olc_2008,2008,2009,OR_WILLAMETTE_VALLEY_OLC_2008,-1566,USGS 3DEP Elevation Index MapServer/8 collect_start/collect_end
or_willow_creek_bor_2007,2007,2007,OR_WILLOW_CREEK_BOR_2007,-1567,USGS 3DEP Elevation Index MapServer/8 collect_start/collect_end
or_wwildfires_1_a22,2020,2022,OR_WWildfires_1_A22,300164,USGS 3DEP Elevation Index MapServer/8 collect_start/collect_end
or_wwildfires_2_a22,2022,2022,OR_WWildfires_2_A22,300425,USGS 3DEP Elevation Index MapServer/8 collect_start/collect_end
or_yambo_olc_2010,2010,2010,OR_YAMBO_OLC_2010,-1568,USGS 3DEP Elevation Index MapServer/8 collect_start/collect_end
pa_17co_2_d24,2024,2024,PA_17Co_2_D24,301075,USGS 3DEP Elevation Index MapServer/8 collect_start/collect_end
pa_17co_3_d24,2024,2024,PA_17Co_3_D24,301076,USGS 3DEP Elevation Index MapServer/8 collect_start/collect_end
pa_17co_4_d24,2024,2024,PA_17Co_4_D24,301077,USGS 3DEP Elevation Index MapServer/8 collect_start/collect_end
pa_17co_5_d24,2024,2025,PA_17Co_5_D24,301078,USGS 3DEP Elevation Index MapServer/8 collect_start/collect_end
pa_17co_6_d24,2024,2025,PA_17Co_6_D24,301079,USGS 3DEP Elevation Index MapServer/8 collect_start/collect_end
pa_17co_7_d24,2024,2025,PA_17Co_7_D24,301080,USGS 3DEP Elevation Index MapServer/8 collect_start/collect_end
pa_3_county_south_central_2018,2017,2018,PA_3_County_South_Central_2018,76412,USGS 3DEP Elevation Index MapServer/8 collect_start/collect_end
pa_allentown_2016,2016,2016,PA_Allentown_2016,50652,USGS 3DEP Elevation Index MapServer/8 collect_start/collect_end
pa_dauphin_2016,2016,2016,PA_Dauphin_2016,50637,USGS 3DEP Elevation Index MapServer/8 collect_start/collect_end
pa_luzernecounty_2018,2017,2017,PA_LuzerneCounty_2018,77407,USGS 3DEP Elevation Index MapServer/8 collect_start/collect_end
pa_northcentral_b1_2019,2019,2019,PA_Northcentral_B1_2019,176722,USGS 3DEP Elevation Index MapServer/8 collect_start/collect_end
pa_northcentral_b2_2019,2019,2019,PA_Northcentral_B2_2019,176831,USGS 3DEP Elevation Index MapServer/8 collect_start/collect_end
pa_northcentral_b3_2019,2019,2019,PA_Northcentral_B3_2019,176834,USGS 3DEP Elevation Index MapServer/8 collect_start/collect_end
pa_northcentral_b3ql1_2019,2019,2019,PA_Northcentral_B3QL1_2019,188279,USGS 3DEP Elevation Index MapServer/8 collect_start/collect_end
pa_northcentral_b4_2019,2019,2019,PA_Northcentral_B4_2019,176837,USGS 3DEP Elevation Index MapServer/8 collect_start/collect_end
pa_northcentral_b5_2019,2019,2019,PA_Northcentral_B5_2019,176840,USGS 3DEP Elevation Index MapServer/8 collect_start/collect_end
pa_sandy_2014,2014,2014,PA_Sandy_2014,11613,USGS 3DEP Elevation Index MapServer/8 collect_start/collect_end
pa_south_central_b1_2017,2017,2017,PA_South_Central_B1_2017,74218,USGS 3DEP Elevation Index MapServer/8 collect_start/collect_end
pa_south_central_b2_2017,2017,2017,PA_South_Central_B2_2017,74224,USGS 3DEP Elevation Index MapServer/8 collect_start/collect_end
pa_statewide_n_2006_2008,2006,2008,PA_STATEWIDE_N_2006_2008,-1569,USGS 3DEP Elevation Index MapServer/8 collect_start/collect_end
pa_statewide_s_2006_2008,2006,2008,PA_STATEWIDE_S_2006_2008,-1570,USGS 3DEP Elevation Index MapServer/8 collect_start/collect_end
pa_westernpa_1_2019,2019,2020,PA_WesternPA_1_2019,186384,USGS 3DEP Elevation Index MapServer/8 collect_start/collect_end
pa_westernpa_2_2019,2019,2020,PA_WesternPA_2_2019,208661,USGS 3DEP Elevation Index MapServer/8 collect_start/collect_end
pa_westernpa_3_2019,2020,2020,PA_WesternPA_3_2019,210012,USGS 3DEP Elevation Index MapServer/8 collect_start/collect_end
pa_westernpa_4_2019,2020,2020,PA_WesternPA_4_2019,210015,USGS 3DEP Elevation Index MapServer/8 collect_start/collect_end
pi_cnmi_hydroflattened_2019,2019,2020,PI_CNMI_hydroflattened_2019,211610,USGS 3DEP Elevation Index MapServer/8 collect_start/collect_end
pi_cnmi_hydroflattened_ellipsoid_2019,2019,2020,PI_CNMI_hydroflattened_ellipsoid_2019,219835,USGS 3DEP Elevation Index MapServer/8 collect_start/collect_end
pi_cnmi_topobathymetric_2019,2019,2020,PI_CNMI_topobathymetric_2019,211535,USGS 3DEP Elevation Index MapServer/8 collect_start/collect_end
pi_cnmi_topobathymetric_ellipsoid_2019,2019,2020,PI_CNMI_topobathymetric_ellipsoid_2019,219840,USGS 3DEP Elevation Index MapServer/8 collect_start/collect_end
pr_prvi_a_2018,2018,2018,PR_PRVI_A_2018,171873,USGS 3DEP Elevation Index MapServer/8 collect_start/collect_end
pr_prvi_c_2018,2018,2018,PR_PRVI_C_2018,178702,USGS 3DEP Elevation Index MapServer/8 collect_start/collect_end
pr_prvi_d_2018,2018,2019,PR_PRVI_D_2018,180200,USGS 3DEP Elevation Index MapServer/8 collect_start/collect_end
pr_prvi_e_2018,2018,2019,PR_PRVI_E_2018,77905,USGS 3DEP Elevation Index MapServer/8 collect_start/collect_end
pr_prvi_f_2018,2018,2019,PR_PRVI_F_2018,180739,USGS 3DEP Elevation Index MapServer/8 collect_start/collect_end
pr_prvi_g_2018,2018,2019,PR_PRVI_G_2018,181080,USGS 3DEP Elevation Index MapServer/8 collect_start/collect_end
pr_prvi_h_2018,2018,2019,PR_PRVI_H_2018,182100,USGS 3DEP Elevation Index MapServer/8 collect_start/collect_end
pr_prvi_vi_b1_2018,2018,2018,PR_PRVI_VI_B1_2018,77911,USGS 3DEP Elevation Index MapServer/8 collect_start/collect_end
pr_prvi_vi_b2_2018,2018,2018,PR_PRVI_VI_B2_2018,172281,USGS 3DEP Elevation Index MapServer/8 collect_start/collect_end
pr_puertorico_2015,2016,2017,PR_PuertoRico_2015,79552,USGS 3DEP Elevation Index MapServer/8 collect_start/collect_end
pr_puertoricousvi_1_d24,2024,2024,PR_PuertoRicoUSVI_1_D24,300754,USGS 3DEP Elevation Index MapServer/8 collect_start/collect_end
pr_puertoricousvi_2_d24,2024,2024,PR_PuertoRicoUSVI_2_D24,300755,USGS 3DEP Elevation Index MapServer/8 collect_start/collect_end
pr_puertoricousvi_3_d24,2024,2024,PR_PuertoRicoUSVI_3_D24,300756,USGS 3DEP Elevation Index MapServer/8 collect_start/collect_end
pr_puertoricousvi_4_d24,2023,2025,PR_PuertoRicoUSVI_4_D24,300945,USGS 3DEP Elevation Index MapServer/8 collect_start/collect_end
pr_puertoricousvi_5_d24,2024,2025,PR_PuertoRicoUSVI_5_D24,301144,USGS 3DEP Elevation Index MapServer/8 collect_start/collect_end
pr_puertoricousvi_6_d24,2023,2025,PR_PuertoRicoUSVI_6_D24,301206,USGS 3DEP Elevation Index MapServer/8 collect_start/collect_end
ri_statewide_1_d22,2022,2022,RI_Statewide_1_D22,230479,USGS 3DEP Elevation Index MapServer/8 collect_start/collect_end
sc_2023horryprocessing_1_d24,2023,2023,SC_2023HorryProcessing_1_D24,300685,USGS 3DEP Elevation Index MapServer/8 collect_start/collect_end
sc_6county_abbeville_2012,2012,2012,SC_6County_Abbeville_2012,2325,USGS 3DEP Elevation Index MapServer/8 collect_start/collect_end
sc_6county_aiken_2012,2013,2013,SC_6County_Aiken_2012,2316,USGS 3DEP Elevation Index MapServer/8 collect_start/collect_end
sc_6county_barnwell_2012,2012,2012,SC_6County_Barnwell_2012,2313,USGS 3DEP Elevation Index MapServer/8 collect_start/collect_end
sc_6county_calhoun_2012,2012,2012,SC_6County_Calhoun_2012,2170,USGS 3DEP Elevation Index MapServer/8 collect_start/collect_end
sc_6county_edgefield_2012,2012,2012,SC_6County_Edgefield_2012,2319,USGS 3DEP Elevation Index MapServer/8 collect_start/collect_end
sc_6county_mccormick_2012,2012,2012,SC_6County_McCormick_2012,2322,USGS 3DEP Elevation Index MapServer/8 collect_start/collect_end
sc_aikenco_2006,2006,2006,SC_AIKENCO_2006,-1571,USGS 3DEP Elevation Index MapServer/8 collect_start/collect_end
sc_andersonco_2007,2007,2007,SC_ANDERSONCO_2007,-1572,USGS 3DEP Elevation Index MapServer/8 collect_start/collect_end
sc_andersonco_2011,2011,2011,SC_ANDERSONCO_2011,-1573,USGS 3DEP Elevation Index MapServer/8 collect_start/collect_end
sc_berkeley_2016,2016,2017,SC_Berkeley_2016,70499,USGS 3DEP Elevation Index MapServer/8 collect_start/collect_end
sc_berkeley_b2_2016,2017,2017,SC_Berkeley_B2_2016,181893,USGS 3DEP Elevation Index MapServer/8 collect_start/collect_end
sc_berkeleyco_2009,2009,2009,SC_BERKELEYCO_2009,-1574,USGS 3DEP Elevation Index MapServer/8 collect_start/collect_end
sc_charleston_2016,2016,2017,SC_Charleston_2016,70502,USGS 3DEP Elevation Index MapServer/8 collect_start/collect_end
sc_cherokeeco_2008,2008,2008,SC_CHEROKEECO_2008,-1575,USGS 3DEP Elevation Index MapServer/8 collect_start/collect_end
sc_chesterco_2008,2008,2008,SC_CHESTERCO_2008,-1576,USGS 3DEP Elevation Index MapServer/8 collect_start/collect_end
sc_chesterfieldco_2008,2008,2008,SC_CHESTERFIELDCO_2008,-1577,USGS 3DEP Elevation Index MapServer/8 collect_start/collect_end
sc_clarendonco_2008,2008,2008,SC_CLARENDONCO_2008,-1578,USGS 3DEP Elevation Index MapServer/8 collect_start/collect_end
sc_darlingtonco_2008,2008,2008,SC_DARLINGTONCO_2008,-1579,USGS 3DEP Elevation Index MapServer/8 collect_start/collect_end
sc_dillonco_2008,2008,2008,SC_DILLONCO_2008,-1580,USGS 3DEP Elevation Index MapServer/8 collect_start/collect_end
sc_east_central_2017,2018,2018,SC_East_Central_2017,77932,USGS 3DEP Elevation Index MapServer/8 collect_start/collect_end
sc_east_central_tl_2018,2018,2018,SC_East_Central_TL_2018,178555,USGS 3DEP Elevation Index MapServer/8 collect_start/collect_end
sc_fairfieldco_2008,2008,2008,SC_FAIRFIELDCO_2008,-1581,USGS 3DEP Elevation Index MapServer/8 collect_start/collect_end
sc_florenceco_2009,2009,2009,SC_FLORENCECO_2009,-1582,USGS 3DEP Elevation Index MapServer/8 collect_start/collect_end
sc_georgetown_2016,2016,2017,SC_Georgetown_2016,18486,USGS 3DEP Elevation Index MapServer/8 collect_start/collect_end
sc_greenwoodco_2008,2008,2008,SC_GREENWOODCO_2008,-1583,USGS 3DEP Elevation Index MapServer/8 collect_start/collect_end
sc_kershaw_2010,2010,2010,SC_KERSHAW_2010,-1584,USGS 3DEP Elevation Index MapServer/8 collect_start/collect_end
sc_lancasterco_2008,2008,2008,SC_LANCASTERCO_2008,-1585,USGS 3DEP Elevation Index MapServer/8 collect_start/collect_end
sc_laurensco_2008,2008,2008,SC_LAURENSCO_2008,-1586,USGS 3DEP Elevation Index MapServer/8 collect_start/collect_end
sc_lexingtonco_2010,2010,2010,SC_LEXINGTONCO_2010,2883,USGS 3DEP Elevation Index MapServer/8 collect_start/collect_end
sc_marionco_2008,2008,2008,SC_MARIONCO_2008,-1588,USGS 3DEP Elevation Index MapServer/8 collect_start/collect_end
sc_marlboroco_2008,2008,2008,SC_MARLBOROCO_2008,-1589,USGS 3DEP Elevation Index MapServer/8 collect_start/collect_end
sc_newberryco_2008,2008,2008,SC_NEWBERRYCO_2008,-1590,USGS 3DEP Elevation Index MapServer/8 collect_start/collect_end
sc_northern_1_d24,2024,2025,SC_Northern_1_D24,301153,USGS 3DEP Elevation Index MapServer/8 collect_start/collect_end
sc_oconeeco_2011,2011,2011,SC_OCONEECO_2011,-1591,USGS 3DEP Elevation Index MapServer/8 collect_start/collect_end
sc_orangeburgco_2008,2008,2008,SC_ORANGEBURGCO_2008,-1592,USGS 3DEP Elevation Index MapServer/8 collect_start/collect_end
sc_pickensco_2011,2011,2011,SC_PICKENSCO_2011,-1593,USGS 3DEP Elevation Index MapServer/8 collect_start/collect_end
sc_richlandco_2010,2010,2010,SC_RICHLANDCO_2010,2889,USGS 3DEP Elevation Index MapServer/8 collect_start/collect_end
sc_saludaco_2010,2010,2010,SC_SALUDACO_2010,-1595,USGS 3DEP Elevation Index MapServer/8 collect_start/collect_end
sc_savannahpeedee_1_2019,2020,2020,SC_SavannahPeeDee_1_2019,183608,USGS 3DEP Elevation Index MapServer/8 collect_start/collect_end
sc_savannahpeedee_2_2019,2020,2020,SC_SavannahPeeDee_2_2019,198482,USGS 3DEP Elevation Index MapServer/8 collect_start/collect_end
sc_savannahpeedee_3_2019,2020,2020,SC_SavannahPeeDee_3_2019,198489,USGS 3DEP Elevation Index MapServer/8 collect_start/collect_end
sc_savannahpeedee_4_2019,2020,2020,SC_SavannahPeeDee_4_2019,208922,USGS 3DEP Elevation Index MapServer/8 collect_start/collect_end
sc_savannahpeedee_5_2019,2020,2020,SC_SavannahPeeDee_5_2019,208926,USGS 3DEP Elevation Index MapServer/8 collect_start/collect_end
sc_savannahpeedee_6_2019,2020,2020,SC_SavannahPeeDee_6_2019,214102,USGS 3DEP Elevation Index MapServer/8 collect_start/collect_end
sc_savannahpeedee_6_reflight_2019,2020,2022,SC_SavannahPeeDee_6_ReFlight_2019,228069,USGS 3DEP Elevation Index MapServer/8 collect_start/collect_end
sc_savannahpeedee_7_2019,2020,2020,SC_SavannahPeeDee_7_2019,215309,USGS 3DEP Elevation Index MapServer/8 collect_start/collect_end
sc_savannahpeedee_8_2019,2020,2020,SC_SavannahPeeDee_8_2019,300030,USGS 3DEP Elevation Index MapServer/8 collect_start/collect_end
sc_shoals_2006,2006,2006,SC_SHOALS_2006,-1596,USGS 3DEP Elevation Index MapServer/8 collect_start/collect_end
sc_sumterco_2010,2010,2010,SC_SUMTERCO_2010,-1597,USGS 3DEP Elevation Index MapServer/8 collect_start/collect_end
sc_unionco_2008,2008,2008,SC_UNIONCO_2008,-1598,USGS 3DEP Elevation Index MapServer/8 collect_start/collect_end
sc_williamsburg_2016,2016,2017,SC_Williamsburg_2016,66491,USGS 3DEP Elevation Index MapServer/8 collect_start/collect_end
sc_williamsburgco_2008,2008,2008,SC_WILLIAMSBURGCO_2008,-1599,USGS 3DEP Elevation Index MapServer/8 collect_start/collect_end
sc_yorkco_2011,2011,2011,SC_YORKCO_2011,-1600,USGS 3DEP Elevation Index MapServer/8 collect_start/collect_end
sd_beadle_county_2012,2012,2012,SD_BEADLE_COUNTY_2012,-1601,USGS 3DEP Elevation Index MapServer/8 collect_start/collect_end
sd_blackhills_1_d23,2023,2023,SD_BlackHills_1_D23,300474,USGS 3DEP Elevation Index MapServer/8 collect_start/collect_end
sd_brookings_2012,2012,2012,SD_BROOKINGS_2012,-1602,USGS 3DEP Elevation Index MapServer/8 collect_start/collect_end
sd_centralnorth_1_d22,2022,2022,SD_CentralNorth_1_D22,229463,USGS 3DEP Elevation Index MapServer/8 collect_start/collect_end
sd_centralnorth_2_d22,2022,2023,SD_CentralNorth_2_D22,300545,USGS 3DEP Elevation Index MapServer/8 collect_start/collect_end
sd_clark_county_2012,2012,2012,SD_CLARK_COUNTY_2012,-1603,USGS 3DEP Elevation Index MapServer/8 collect_start/collect_end
sd_clay_county_2012,2012,2012,SD_CLAY_COUNTY_2012,-1604,USGS 3DEP Elevation Index MapServer/8 collect_start/collect_end
sd_codington_county_2012,2012,2012,SD_CODINGTON_COUNTY_2012,-1605,USGS 3DEP Elevation Index MapServer/8 collect_start/collect_end
sd_davison_county_2012,2012,2012,SD_DAVISON_COUNTY_2012,-1606,USGS 3DEP Elevation Index MapServer/8 collect_start/collect_end
sd_deuel_county_2012,2012,2012,SD_DEUEL_COUNTY_2012,-1607,USGS 3DEP Elevation Index MapServer/8 collect_start/collect_end
sd_easternp2_1_2021,2021,2021,SD_EasternP2_1_2021,219676,USGS 3DEP Elevation Index MapServer/8 collect_start/collect_end
sd_easternp2_2_2021,2021,2022,SD_EasternP2_2_2021,300259,USGS 3DEP Elevation Index MapServer/8 collect_start/collect_end
sd_easternsd_1_2020,2020,2020,SD_EasternSD_1_2020,191758,USGS 3DEP Elevation Index MapServer/8 collect_start/collect_end
sd_easternsd_2_2020,2020,2020,SD_EasternSD_2_2020,221795,USGS 3DEP Elevation Index MapServer/8 collect_start/collect_end
sd_easternsd_3_2020,2020,2020,SD_EasternSD_3_2020,223644,USGS 3DEP Elevation Index MapServer/8 collect_start/collect_end
sd_grant_county_2012,2012,2012,SD_GRANT_COUNTY_2012,-1608,USGS 3DEP Elevation Index MapServer/8 collect_start/collect_end
sd_hanson_county_2012,2012,2012,SD_HANSON_COUNTY_2012,-1609,USGS 3DEP Elevation Index MapServer/8 collect_start/collect_end
sd_hutchinson_county_2012,2012,2012,SD_HUTCHINSON_COUNTY_2012,-1610,USGS 3DEP Elevation Index MapServer/8 collect_start/collect_end
sd_james_river_nrcs_f_2010,2010,2011,SD_JAMES_RIVER_NRCS_F_2010,-1611,USGS 3DEP Elevation Index MapServer/8 collect_start/collect_end
sd_james_river_nrcs_g_2010,2010,2010,SD_JAMES_RIVER_NRCS_G_2010,-1612,USGS 3DEP Elevation Index MapServer/8 collect_start/collect_end
sd_james_river_nrcs_h_2010,2010,2010,SD_JAMES_RIVER_NRCS_H_2010,-1613,USGS 3DEP Elevation Index MapServer/8 collect_start/collect_end
sd_james_river_nrcs_i_2010,2010,2010,SD_JAMES_RIVER_NRCS_I_2010,-1614,USGS 3DEP Elevation Index MapServer/8 collect_start/collect_end
sd_james_river_nrcs_j_2010,2010,2010,SD_JAMES_RIVER_NRCS_J_2010,-1615,USGS 3DEP Elevation Index MapServer/8 collect_start/collect_end
sd_kingsbury_county_2012,2012,2012,SD_KINGSBURY_COUNTY_2012,-1616,USGS 3DEP Elevation Index MapServer/8 collect_start/collect_end
sd_lincolnco_2008,2008,2008,SD_LINCOLNCO_2008,-1617,USGS 3DEP Elevation Index MapServer/8 collect_start/collect_end
sd_mccook_county_2012,2012,2012,SD_MCCOOK_COUNTY_2012,-1618,USGS 3DEP Elevation Index MapServer/8 collect_start/collect_end
sd_miner_county_2012,2012,2012,SD_MINER_COUNTY_2012,-1619,USGS 3DEP Elevation Index MapServer/8 collect_start/collect_end
sd_minnehahaco_2008,2008,2008,SD_MINNEHAHACO_2008,-1620,USGS 3DEP Elevation Index MapServer/8 collect_start/collect_end
sd_missouriplateau_1_d23,2023,2023,SD_MissouriPlateau_1_D23,300646,USGS 3DEP Elevation Index MapServer/8 collect_start/collect_end
sd_mo_river_dewberry_b1_2016,2016,2016,SD_MO_River_Dewberry_B1_2016,51587,USGS 3DEP Elevation Index MapServer/8 collect_start/collect_end
sd_mo_river_dewberry_b2_2016,2016,2016,SD_MO_River_Dewberry_B2_2016,78522,USGS 3DEP Elevation Index MapServer/8 collect_start/collect_end
sd_mo_river_dewberry_b3_2016,2016,2016,SD_MO_River_Dewberry_B3_2016,78530,USGS 3DEP Elevation Index MapServer/8 collect_start/collect_end
sd_mo_river_dewberry_b4_2016,2016,2016,SD_MO_River_Dewberry_B4_2016,78538,USGS 3DEP Elevation Index MapServer/8 collect_start/collect_end
sd_mo_river_dewberry_b5_2016,2016,2016,SD_MO_River_Dewberry_B5_2016,78546,USGS 3DEP Elevation Index MapServer/8 collect_start/collect_end
sd_mo_river_dewberry_b6_2016,2016,2016,SD_MO_River_Dewberry_B6_2016,78554,USGS 3DEP Elevation Index MapServer/8 collect_start/collect_end
sd_mo_river_dewberry_b7_2016,2016,2016,SD_MO_River_Dewberry_B7_2016,78562,USGS 3DEP Elevation Index MapServer/8 collect_start/collect_end
sd_mo_river_dewberry_b8_2016,2016,2016,SD_MO_River_Dewberry_B8_2016,78570,USGS 3DEP Elevation Index MapServer/8 collect_start/collect_end
sd_moody_county_2012,2012,2012,SD_MOODY_COUNTY_2012,-1621,USGS 3DEP Elevation Index MapServer/8 collect_start/collect_end
sd_moriver_woolpert_b1_2016,2016,2017,SD_MORiver_Woolpert_B1_2016,59037,USGS 3DEP Elevation Index MapServer/8 collect_start/collect_end
sd_moriver_woolpert_b2_2016,2016,2017,SD_MORiver_Woolpert_B2_2016,59031,USGS 3DEP Elevation Index MapServer/8 collect_start/collect_end
sd_moriver_woolpert_b3_2016,2016,2017,SD_MORiver_Woolpert_B3_2016,59040,USGS 3DEP Elevation Index MapServer/8 collect_start/collect_end
sd_moriver_woolpert_tl_2016,2016,2017,SD_MORiver_Woolpert_TL_2016,187610,USGS 3DEP Elevation Index MapServer/8 collect_start/collect_end
sd_nrcs_das_2017,2017,2017,SD_NRCS_DAS_2017,70764,USGS 3DEP Elevation Index MapServer/8 collect_start/collect_end
sd_nrcs_fugro_b1_2017,2017,2017,SD_NRCS_Fugro_B1_2017,74227,USGS 3DEP Elevation Index MapServer/8 collect_start/collect_end
sd_nrcs_fugro_b1_tl_2017,2017,2017,SD_NRCS_Fugro_B1_TL_2017,178588,USGS 3DEP Elevation Index MapServer/8 collect_start/collect_end
sd_nrcs_fugro_b2_2017,2017,2018,SD_NRCS_Fugro_B2_2017,80154,USGS 3DEP Elevation Index MapServer/8 collect_start/collect_end
sd_nrcs_par_2017,2017,2017,SD_NRCS_PAR_2017,74233,USGS 3DEP Elevation Index MapServer/8 collect_start/collect_end
sd_nrcs_qsi_a1_2017,2017,2017,SD_NRCS_QSI_A1_2017,74239,USGS 3DEP Elevation Index MapServer/8 collect_start/collect_end
sd_nrcs_qsi_a1_tl_2017,2017,2017,SD_NRCS_QSI_A1_TL_2017,178075,USGS 3DEP Elevation Index MapServer/8 collect_start/collect_end
sd_nrcs_qsi_a2_2017,2017,2017,SD_NRCS_QSI_A2_2017,74245,USGS 3DEP Elevation Index MapServer/8 collect_start/collect_end
sd_nrcs_qsi_a2_tl_2017,2017,2017,SD_NRCS_QSI_A2_TL_2017,178097,USGS 3DEP Elevation Index MapServer/8 collect_start/collect_end
sd_nrcs_qsi_a3_2017,2017,2017,SD_NRCS_QSI_A3_2017,74248,USGS 3DEP Elevation Index MapServer/8 collect_start/collect_end
sd_nrcs_qsi_a4_2017,2017,2017,SD_NRCS_QSI_A4_2017,74251,USGS 3DEP Elevation Index MapServer/8 collect_start/collect_end
sd_nrcs_qsi_a5_2017,2017,2017,SD_NRCS_QSI_A5_2017,74254,USGS 3DEP Elevation Index MapServer/8 collect_start/collect_end
sd_rileypass_2012,2012,2012,SD_RILEYPASS_2012,4251,USGS 3DEP Elevation Index MapServer/8 collect_start/collect_end
sd_roberts_county_2012,2012,2012,SD_ROBERTS_COUNTY_2012,-1623,USGS 3DEP Elevation Index MapServer/8 collect_start/collect_end
sd_sanborn_county_2012,2012,2012,SD_SANBORN_COUNTY_2012,-1624,USGS 3DEP Elevation Index MapServer/8 collect_start/collect_end
sd_southwest_b1_2018,2018,2018,SD_Southwest_B1_2018,79113,USGS 3DEP Elevation Index MapServer/8 collect_start/collect_end
sd_southwest_b2_2018,2018,2018,SD_Southwest_B2_2018,79125,USGS 3DEP Elevation Index MapServer/8 collect_start/collect_end
sd_southwest_b3_2018,2018,2018,SD_Southwest_B3_2018,79128,USGS 3DEP Elevation Index MapServer/8 collect_start/collect_end
sd_southwest_b4_2018,2018,2019,SD_Southwest_B4_2018,79132,USGS 3DEP Elevation Index MapServer/8 collect_start/collect_end
sd_southwest_b5_2018,2018,2020,SD_Southwest_B5_2018,214106,USGS 3DEP Elevation Index MapServer/8 collect_start/collect_end
sd_spink_county_2012,2012,2012,SD_SPINK_COUNTY_2012,-1625,USGS 3DEP Elevation Index MapServer/8 collect_start/collect_end
sd_turner_county_2012,2012,2012,SD_TURNER_COUNTY_2012,-1626,USGS 3DEP Elevation Index MapServer/8 collect_start/collect_end
sd_union_county_2012,2012,2012,SD_UNION_COUNTY_2012,-1627,USGS 3DEP Elevation Index MapServer/8 collect_start/collect_end
sd_yankton_county_2012,2012,2012,SD_YANKTON_COUNTY_2012,-1628,USGS 3DEP Elevation Index MapServer/8 collect_start/collect_end
tn_27county_blk1_2015,2015,2016,TN_27County_blk1_2015,32425,USGS 3DEP Elevation Index MapServer/8 collect_start/collect_end
tn_27county_blk2_2015,2015,2016,TN_27County_blk2_2015,80183,USGS 3DEP Elevation Index MapServer/8 collect_start/collect_end
tn_27county_blk3_2015,2015,2016,TN_27County_blk3_2015,80238,USGS 3DEP Elevation Index MapServer/8 collect_start/collect_end
tn_27county_blk4_2015,2015,2016,TN_27County_blk4_2015,80282,USGS 3DEP Elevation Index MapServer/8 collect_start/collect_end
tn_3county_2015,2015,2016,TN_3County_2015,29436,USGS 3DEP Elevation Index MapServer/8 collect_start/collect_end
tn_blountco_2015,2015,2015,TN_BlountCo_2015,28648,USGS 3DEP Elevation Index MapServer/8 collect_start/collect_end
tn_davidsonco_1_2022,2022,2022,TN_DavidsonCo_1_2022,300056,USGS 3DEP Elevation Index MapServer/8 collect_start/collect_end
tn_davidsonco_2007,2007,2007,TN_DAVIDSONCO_2007,-1629,USGS 3DEP Elevation Index MapServer/8 collect_start/collect_end
tn_eastern_2_16_b16_del1_2016,2016,2016,TN_Eastern_2_16_B16_Del1_2016,49691,USGS 3DEP Elevation Index MapServer/8 collect_start/collect_end
tn_eastern_2_16_b16_del2_2016,2016,2016,TN_Eastern_2_16_B16_Del2_2016,66132,USGS 3DEP Elevation Index MapServer/8 collect_start/collect_end
tn_eastern_2_16_b16_del3_2016,2016,2016,TN_Eastern_2_16_B16_Del3_2016,66136,USGS 3DEP Elevation Index MapServer/8 collect_start/collect_end
tn_eastern_2_16_b16_del4_2016,2016,2016,TN_Eastern_2_16_B16_Del4_2016,66140,USGS 3DEP Elevation Index MapServer/8 collect_start/collect_end
tn_hamiltonco_1_b25,2025,2025,TN_HamiltonCo_1_B25,301111,USGS 3DEP Elevation Index MapServer/8 collect_start/collect_end
tn_hamiltoncounty_2011,2011,2011,TN_HAMILTONCOUNTY_2011,-1630,USGS 3DEP Elevation Index MapServer/8 collect_start/collect_end
tn_memphis_2011,2011,2011,TN_MEMPHIS_2011,500,USGS 3DEP Elevation Index MapServer/8 collect_start/collect_end
tn_middle_b1_2018,2018,2018,TN_Middle_B1_2018,77950,USGS 3DEP Elevation Index MapServer/8 collect_start/collect_end
tn_middle_b2_2018,2018,2018,TN_Middle_B2_2018,77956,USGS 3DEP Elevation Index MapServer/8 collect_start/collect_end
tn_middle_b3_2018,2018,2018,TN_Middle_B3_2018,77959,USGS 3DEP Elevation Index MapServer/8 collect_start/collect_end
tn_nashville_2011,2011,2011,TN_NASHVILLE_2011,-1632,USGS 3DEP Elevation Index MapServer/8 collect_start/collect_end
tn_nrcs_l1_2011_12,2011,2012,TN_NRCS_L1_2011_12,68440,USGS 3DEP Elevation Index MapServer/8 collect_start/collect_end
tn_nrcs_l2_2011_12,2011,2012,TN_NRCS_L2_2011_12,68811,USGS 3DEP Elevation Index MapServer/8 collect_start/collect_end
tn_osmre_gpsc_2011,2011,2011,TN_OSMRE_GPSC_2011,-1633,USGS 3DEP Elevation Index MapServer/8 collect_start/collect_end
tn_scott_1_d24,2024,2024,TN_Scott_1_D24,301140,USGS 3DEP Elevation Index MapServer/8 collect_start/collect_end
tn_shelbyco_2012,2012,2012,TN_SHELBYCO_2012,614,USGS 3DEP Elevation Index MapServer/8 collect_start/collect_end
tn_shelbyco_2017,2017,2017,TN_ShelbyCo_2017,65073,USGS 3DEP Elevation Index MapServer/8 collect_start/collect_end
tn_west3county_1_b25,2025,2025,TN_West3County_1_B25,301188,USGS 3DEP Elevation Index MapServer/8 collect_start/collect_end
tn_westcentral_b1_2017,2017,2017,TN_WestCentral_B1_2017,70957,USGS 3DEP Elevation Index MapServer/8 collect_start/collect_end
tn_westcentral_b2_2017,2017,2017,TN_WestCentral_B2_2017,70961,USGS 3DEP Elevation Index MapServer/8 collect_start/collect_end
tn_westtn_b1_2019,2015,2019,TN_WestTN_B1_2019,175702,USGS 3DEP Elevation Index MapServer/8 collect_start/collect_end
tn_westtn_b2_2019,2019,2020,TN_WestTN_B2_2019,176480,USGS 3DEP Elevation Index MapServer/8 collect_start/collect_end
tn_westtn_b3_2019,2019,2021,TN_WestTN_B3_2019,218631,USGS 3DEP Elevation Index MapServer/8 collect_start/collect_end
tx_2021mclennancp_1_d25,2021,2021,TX_2021McLennanCP_1_D25,301114,USGS 3DEP Elevation Index MapServer/8 collect_start/collect_end
tx_2022northcentral_1_d25,2022,2022,TX_2022NorthCentral_1_D25,301056,USGS 3DEP Elevation Index MapServer/8 collect_start/collect_end
tx_amistad_nra_2017,2017,2017,TX_Amistad_NRA_2017,73886,USGS 3DEP Elevation Index MapServer/8 collect_start/collect_end
tx_aransas_refugio_2006,2006,2006,TX_ARANSAS_REFUGIO_2006,-1635,USGS 3DEP Elevation Index MapServer/8 collect_start/collect_end
tx_archer_jack_2014,2015,2015,TX_Archer_Jack_2014,23172,USGS 3DEP Elevation Index MapServer/8 collect_start/collect_end
tx_bell_burnet_mclennan_2011,2011,2011,TX_BELL_BURNET_MCLENNAN_2011,-1636,USGS 3DEP Elevation Index MapServer/8 collect_start/collect_end
tx_blancoco_2006,2006,2007,TX_BLANCOCO_2006,-1637,USGS 3DEP Elevation Index MapServer/8 collect_start/collect_end
tx_brazoria_2006,2006,2006,TX_BRAZORIA_2006,-1638,USGS 3DEP Elevation Index MapServer/8 collect_start/collect_end
tx_burnetco_2006,2006,2007,TX_BURNETCO_2006,-1639,USGS 3DEP Elevation Index MapServer/8 collect_start/collect_end
tx_central_b1_2017,2017,2017,TX_Central_B1_2017,66032,USGS 3DEP Elevation Index MapServer/8 collect_start/collect_end
tx_central_b2_2017,2017,2017,TX_Central_B2_2017,77555,USGS 3DEP Elevation Index MapServer/8 collect_start/collect_end
tx_centraleast_1_a23,2024,2024,TX_CentralEast_1_A23,300606,USGS 3DEP Elevation Index MapServer/8 collect_start/collect_end
tx_centraleast_2_a23,2024,2024,TX_CentralEast_2_A23,300607,USGS 3DEP Elevation Index MapServer/8 collect_start/collect_end
tx_chambers_2006,2006,2006,TX_CHAMBERS_2006,-1640,USGS 3DEP Elevation Index MapServer/8 collect_start/collect_end
tx_coastal_b1_2018,2018,2018,TX_Coastal_B1_2018,77267,USGS 3DEP Elevation Index MapServer/8 collect_start/collect_end
tx_coastal_b2_z14_2018,2018,2018,TX_Coastal_B2_Z14_2018,79755,USGS 3DEP Elevation Index MapServer/8 collect_start/collect_end
tx_coastal_b2_z15_2018,2018,2018,TX_Coastal_B2_Z15_2018,175093,USGS 3DEP Elevation Index MapServer/8 collect_start/collect_end
tx_coastal_b3_2018,2018,2018,TX_Coastal_B3_2018,79759,USGS 3DEP Elevation Index MapServer/8 collect_start/collect_end
tx_colemanco_2006,2006,2007,TX_COLEMANCO_2006,-1641,USGS 3DEP Elevation Index MapServer/8 collect_start/collect_end
tx_desertmountains_b1_2018,2019,2019,TX_DesertMountains_B1_2018,182396,USGS 3DEP Elevation Index MapServer/8 collect_start/collect_end
tx_desertmountains_b2_2018,2019,2019,TX_DesertMountains_B2_2018,182604,USGS 3DEP Elevation Index MapServer/8 collect_start/collect_end
tx_east_utm14_2017,2016,2017,TX_East_UTM14_2017,65082,USGS 3DEP Elevation Index MapServer/8 collect_start/collect_end
tx_east_utm15_2017,2016,2017,TX_East_UTM15_2017,78296,USGS 3DEP Elevation Index MapServer/8 collect_start/collect_end
tx_eastern_b1_2018,2018,2018,TX_Eastern_B1_2018,78659,USGS 3DEP Elevation Index MapServer/8 collect_start/collect_end
tx_eastern_b2_z14_2018,2018,2018,TX_Eastern_B2_Z14_2018,78666,USGS 3DEP Elevation Index MapServer/8 collect_start/collect_end
tx_eastern_b2_z15_2018,2018,2018,TX_Eastern_B2_Z15_2018,79796,USGS 3DEP Elevation Index MapServer/8 collect_start/collect_end
tx_eastern_b3_2018,2018,2018,TX_Eastern_B3_2018,78669,USGS 3DEP Elevation Index MapServer/8 collect_start/collect_end
tx_fayetteco_2008,2008,2008,TX_FAYETTECO_2008,-1642,USGS 3DEP Elevation Index MapServer/8 collect_start/collect_end
tx_galveston_2006,2006,2006,TX_GALVESTON_2006,-1643,USGS 3DEP Elevation Index MapServer/8 collect_start/collect_end
tx_haysco_2008,2008,2008,TX_HAYSCO_2008,-1644,USGS 3DEP Elevation Index MapServer/8 collect_start/collect_end
tx_houston_1_b24,2024,2024,TX_Houston_1_B24,300808,USGS 3DEP Elevation Index MapServer/8 collect_start/collect_end
tx_houston_2_b24,2024,2024,TX_Houston_2_B24,300805,USGS 3DEP Elevation Index MapServer/8 collect_start/collect_end
tx_houston_3_b24,2024,2025,TX_Houston_3_B24,300806,USGS 3DEP Elevation Index MapServer/8 collect_start/collect_end
tx_houston_4_b24,2024,2024,TX_Houston_4_B24,300807,USGS 3DEP Elevation Index MapServer/8 collect_start/collect_end
tx_hurricane_b1_2018,2019,2019,TX_Hurricane_B1_2018,81044,USGS 3DEP Elevation Index MapServer/8 collect_start/collect_end
tx_hurricane_b2_2018,2019,2019,TX_Hurricane_B2_2018,80415,USGS 3DEP Elevation Index MapServer/8 collect_start/collect_end
tx_hurricane_b3_2018,2019,2019,TX_Hurricane_B3_2018,80418,USGS 3DEP Elevation Index MapServer/8 collect_start/collect_end
tx_hurricane_b4_2018,2019,2019,TX_Hurricane_B4_2018,80421,USGS 3DEP Elevation Index MapServer/8 collect_start/collect_end
tx_hurricane_b5_2018,2019,2019,TX_Hurricane_B5_2018,80409,USGS 3DEP Elevation Index MapServer/8 collect_start/collect_end
tx_hurricane_b5b_2018,2019,2019,TX_Hurricane_B5B_2018,191860,USGS 3DEP Elevation Index MapServer/8 collect_start/collect_end
tx_jackson_2006,2006,2006,TX_JACKSON_2006,-1645,USGS 3DEP Elevation Index MapServer/8 collect_start/collect_end
tx_jefferson_2006,2006,2006,TX_JEFFERSON_2006,-1646,USGS 3DEP Elevation Index MapServer/8 collect_start/collect_end
tx_kimbleco_2006,2006,2007,TX_KIMBLECO_2006,-1647,USGS 3DEP Elevation Index MapServer/8 collect_start/collect_end
tx_lampassasco_2006,2006,2007,TX_LAMPASSASCO_2006,-1648,USGS 3DEP Elevation Index MapServer/8 collect_start/collect_end
tx_lcra_thalweg_2006,2006,2006,TX_LCRA_THALWEG_2006,-1649,USGS 3DEP Elevation Index MapServer/8 collect_start/collect_end
tx_llanoco_2006,2006,2007,TX_LLANOCO_2006,-1650,USGS 3DEP Elevation Index MapServer/8 collect_start/collect_end
tx_lower_sanbernard_b1_2017,2018,2018,TX_Lower_SanBernard_B1_2017,78028,USGS 3DEP Elevation Index MapServer/8 collect_start/collect_end
tx_lower_sanbernard_b2_2017,2018,2018,TX_Lower_SanBernard_B2_2017,78016,USGS 3DEP Elevation Index MapServer/8 collect_start/collect_end
tx_lower_sanbernard_b3_2017,2018,2018,TX_Lower_SanBernard_B3_2017,78019,USGS 3DEP Elevation Index MapServer/8 collect_start/collect_end
tx_lower_sanbernard_b4_2017,2018,2018,TX_Lower_SanBernard_B4_2017,78022,USGS 3DEP Elevation Index MapServer/8 collect_start/collect_end
tx_lower_sanbernard_b5_2017,2018,2018,TX_Lower_SanBernard_B5_2017,78025,USGS 3DEP Elevation Index MapServer/8 collect_start/collect_end
tx_lower_sanbernard_b6_2017,2018,2018,TX_Lower_SanBernard_B6_2017,78010,USGS 3DEP Elevation Index MapServer/8 collect_start/collect_end
tx_lowerriogrande_1_d22,2023,2023,TX_LowerRioGrande_1_D22,300257,USGS 3DEP Elevation Index MapServer/8 collect_start/collect_end
tx_lowerriogrande_2_d22,2023,2023,TX_LowerRioGrande_2_D22,300360,USGS 3DEP Elevation Index MapServer/8 collect_start/collect_end
tx_lowerriogrande_3_d22,2023,2023,TX_LowerRioGrande_3_D22,300446,USGS 3DEP Elevation Index MapServer/8 collect_start/collect_end
tx_lowerriogrande_4_d22,2023,2023,TX_LowerRioGrande_4_D22,300469,USGS 3DEP Elevation Index MapServer/8 collect_start/collect_end
tx_lubbock_2011,2011,2011,TX_Lubbock_2011,10791,USGS 3DEP Elevation Index MapServer/8 collect_start/collect_end
tx_mason_2007,2007,2007,TX_MASON_2007,-1651,USGS 3DEP Elevation Index MapServer/8 collect_start/collect_end
tx_matagorda_2006,2006,2006,TX_MATAGORDA_2006,-1652,USGS 3DEP Elevation Index MapServer/8 collect_start/collect_end
tx_matagordabay_b1_2018,2019,2019,TX_MatagordaBay_B1_2018,77883,USGS 3DEP Elevation Index MapServer/8 collect_start/collect_end
tx_matagordabay_b2_2018,2019,2019,TX_MatagordaBay_B2_2018,183324,USGS 3DEP Elevation Index MapServer/8 collect_start/collect_end
tx_mccullochco_2006,2006,2007,TX_MCCULLOCHCO_2006,-1653,USGS 3DEP Elevation Index MapServer/8 collect_start/collect_end
tx_menardco_2006,2006,2007,TX_MENARDCO_2006,-1654,USGS 3DEP Elevation Index MapServer/8 collect_start/collect_end
tx_middlebrazos_2016,2016,2016,TX_MiddleBrazos_2016,45515,USGS 3DEP Elevation Index MapServer/8 collect_start/collect_end
tx_millsco_2006,2006,2007,TX_MILLSCO_2006,-1655,USGS 3DEP Elevation Index MapServer/8 collect_start/collect_end
tx_neches_b1_2016,2016,2017,TX_Neches_B1_2016,75302,USGS 3DEP Elevation Index MapServer/8 collect_start/collect_end
tx_neches_b2_2016,2016,2017,TX_Neches_B2_2016,75305,USGS 3DEP Elevation Index MapServer/8 collect_start/collect_end
tx_neches_b3_2016,2016,2017,TX_Neches_B3_2016,75564,USGS 3DEP Elevation Index MapServer/8 collect_start/collect_end
tx_neches_b4_2016,2016,2017,TX_Neches_B4_2016,75571,USGS 3DEP Elevation Index MapServer/8 collect_start/collect_end
tx_neches_b5_2016,2016,2017,TX_Neches_B5_2016,75578,USGS 3DEP Elevation Index MapServer/8 collect_start/collect_end
tx_orange_2006,2006,2006,TX_ORANGE_2006,-1656,USGS 3DEP Elevation Index MapServer/8 collect_start/collect_end
tx_panhandle_b10_2017,2018,2018,TX_Panhandle_B10_2017,76511,USGS 3DEP Elevation Index MapServer/8 collect_start/collect_end
tx_panhandle_b10_tl_2017,2018,2018,TX_Panhandle_B10_TL_2017,181412,USGS 3DEP Elevation Index MapServer/8 collect_start/collect_end
tx_panhandle_b11_2017,2018,2018,TX_Panhandle_B11_2017,177155,USGS 3DEP Elevation Index MapServer/8 collect_start/collect_end
tx_panhandle_b11_tl_2017,2018,2018,TX_Panhandle_B11_TL_2017,182471,USGS 3DEP Elevation Index MapServer/8 collect_start/collect_end
tx_panhandle_b1_2017,2018,2018,TX_Panhandle_B1_2017,76481,USGS 3DEP Elevation Index MapServer/8 collect_start/collect_end
tx_panhandle_b1_tl_2018,2018,2018,TX_Panhandle_B1_TL_2018,181421,USGS 3DEP Elevation Index MapServer/8 collect_start/collect_end
tx_panhandle_b2_2017,2018,2018,TX_Panhandle_B2_2017,76487,USGS 3DEP Elevation Index MapServer/8 collect_start/collect_end
tx_panhandle_b3_2017,2018,2018,TX_Panhandle_B3_2017,76490,USGS 3DEP Elevation Index MapServer/8 collect_start/collect_end
tx_panhandle_b4_2017,2018,2018,TX_Panhandle_B4_2017,76493,USGS 3DEP Elevation Index MapServer/8 collect_start/collect_end
tx_panhandle_b5_2017,2019,2019,TX_Panhandle_B5_2017,76496,USGS 3DEP Elevation Index MapServer/8 collect_start/collect_end
tx_panhandle_b6_2017,2018,2018,TX_Panhandle_B6_2017,76499,USGS 3DEP Elevation Index MapServer/8 collect_start/collect_end
tx_panhandle_b7_2017,2018,2018,TX_Panhandle_B7_2017,76502,USGS 3DEP Elevation Index MapServer/8 collect_start/collect_end
tx_panhandle_b8_2017,2018,2018,TX_Panhandle_B8_2017,76505,USGS 3DEP Elevation Index MapServer/8 collect_start/collect_end
tx_panhandle_b9_2017,2018,2018,TX_Panhandle_B9_2017,76508,USGS 3DEP Elevation Index MapServer/8 collect_start/collect_end
tx_pecos_dallas_b1_2018,2019,2019,TX_Pecos_Dallas_B1_2018,171572,USGS 3DEP Elevation Index MapServer/8 collect_start/collect_end
tx_pecos_dallas_b2a_2018,2019,2019,TX_Pecos_Dallas_B2a_2018,172832,USGS 3DEP Elevation Index MapServer/8 collect_start/collect_end
tx_pecos_dallas_b2b_2018,2019,2019,TX_Pecos_Dallas_B2b_2018,182488,USGS 3DEP Elevation Index MapServer/8 collect_start/collect_end
tx_pecos_dallas_b3_2018,2019,2019,TX_Pecos_Dallas_B3_2018,172835,USGS 3DEP Elevation Index MapServer/8 collect_start/collect_end
tx_redriver_3area_b1_2018,2017,2018,TX_RedRiver_3Area_B1_2018,62432,USGS 3DEP Elevation Index MapServer/8 collect_start/collect_end
tx_redriver_3area_b2_2018,2018,2018,TX_RedRiver_3Area_B2_2018,62465,USGS 3DEP Elevation Index MapServer/8 collect_start/collect_end
tx_redriver_atacosa_b1_2018,2018,2018,TX_RedRiver_Atacosa_B1_2018,70964,USGS 3DEP Elevation Index MapServer/8 collect_start/collect_end
tx_redriver_atacosa_b2_2018,2018,2018,TX_RedRiver_Atacosa_B2_2018,70967,USGS 3DEP Elevation Index MapServer/8 collect_start/collect_end
tx_redriver_b1_2017,2017,2017,TX_RedRiver_B1_2017,62446,USGS 3DEP Elevation Index MapServer/8 collect_start/collect_end
tx_redriver_b2_2017,2017,2017,TX_RedRiver_B2_2017,62438,USGS 3DEP Elevation Index MapServer/8 collect_start/collect_end
tx_redriver_b2_tl_2017,2017,2017,TX_RedRiver_B2_TL_2017,178479,USGS 3DEP Elevation Index MapServer/8 collect_start/collect_end
tx_redriver_b3_2017,2017,2017,TX_RedRiver_B3_2017,62441,USGS 3DEP Elevation Index MapServer/8 collect_start/collect_end
tx_redriver_brazosbasin_b1_2017,2017,2018,TX_RedRiver_BrazosBasin_B1_2017,62462,USGS 3DEP Elevation Index MapServer/8 collect_start/collect_end
tx_redriver_brazosbasin_b2_2017,2017,2018,TX_RedRiver_BrazosBasin_B2_2017,62450,USGS 3DEP Elevation Index MapServer/8 collect_start/collect_end
tx_redriver_brazosbasin_b3_2017,2017,2018,TX_RedRiver_BrazosBasin_B3_2017,62453,USGS 3DEP Elevation Index MapServer/8 collect_start/collect_end
tx_redriver_brazosbasin_b4_2017,2017,2017,TX_RedRiver_BrazosBasin_B4_2017,62456,USGS 3DEP Elevation Index MapServer/8 collect_start/collect_end
tx_redriver_brazosbasin_b5_2017,2017,2018,TX_RedRiver_BrazosBasin_B5_2017,80776,USGS 3DEP Elevation Index MapServer/8 collect_start/collect_end
tx_redriver_lavaca_wharton_2018,2018,2018,TX_RedRiver_Lavaca_Wharton_2018,62459,USGS 3DEP Elevation Index MapServer/8 collect_start/collect_end
tx_riogrand_ftwhit_2014,2014,2014,TX_RioGrand_FTWhit_2014,23215,USGS 3DEP Elevation Index MapServer/8 collect_start/collect_end
tx_san_patricio_2006,2006,2006,TX_SAN_PATRICIO_2006,-1657,USGS 3DEP Elevation Index MapServer/8 collect_start/collect_end
tx_south_b1_2018,2018,2018,TX_South_B1_2018,76454,USGS 3DEP Elevation Index MapServer/8 collect_start/collect_end
tx_south_b2_2018,2018,2018,TX_South_B2_2018,76460,USGS 3DEP Elevation Index MapServer/8 collect_start/collect_end
tx_south_b3_2018,2018,2018,TX_South_B3_2018,76463,USGS 3DEP Elevation Index MapServer/8 collect_start/collect_end
tx_south_b4_2018,2018,2018,TX_South_B4_2018,76466,USGS 3DEP Elevation Index MapServer/8 collect_start/collect_end
tx_south_b5_2018,2018,2018,TX_South_B5_2018,76469,USGS 3DEP Elevation Index MapServer/8 collect_start/collect_end
tx_south_b6_2018,2018,2018,TX_South_B6_2018,76472,USGS 3DEP Elevation Index MapServer/8 collect_start/collect_end
tx_south_b7_2018,2018,2018,TX_South_B7_2018,76475,USGS 3DEP Elevation Index MapServer/8 collect_start/collect_end
tx_south_b8_2018,2018,2018,TX_South_B8_2018,76478,USGS 3DEP Elevation Index MapServer/8 collect_start/collect_end
tx_upclcrkbrazos_2015,2015,2015,TX_UpClCrkBrazos_2015,23361,USGS 3DEP Elevation Index MapServer/8 collect_start/collect_end
tx_victoria_2006,2006,2006,TX_VICTORIA_2006,-1658,USGS 3DEP Elevation Index MapServer/8 collect_start/collect_end
tx_west_central_b10_2018,2018,2018,TX_West_Central_B10_2018,76639,USGS 3DEP Elevation Index MapServer/8 collect_start/collect_end
tx_west_central_b11_2018,2018,2018,TX_West_Central_B11_2018,76642,USGS 3DEP Elevation Index MapServer/8 collect_start/collect_end
tx_west_central_b12_2018,2018,2018,TX_West_Central_B12_2018,76645,USGS 3DEP Elevation Index MapServer/8 collect_start/collect_end
tx_west_central_b13_2018,2018,2018,TX_West_Central_B13_2018,76648,USGS 3DEP Elevation Index MapServer/8 collect_start/collect_end
tx_west_central_b14_2018,2018,2018,TX_West_Central_B14_2018,76651,USGS 3DEP Elevation Index MapServer/8 collect_start/collect_end
tx_west_central_b15a_2018,2018,2018,TX_West_Central_B15a_2018,76654,USGS 3DEP Elevation Index MapServer/8 collect_start/collect_end
tx_west_central_b15b_2018,2017,2018,TX_West_Central_B15b_2018,183182,USGS 3DEP Elevation Index MapServer/8 collect_start/collect_end
tx_west_central_b1_2018,2018,2018,TX_West_Central_B1_2018,76609,USGS 3DEP Elevation Index MapServer/8 collect_start/collect_end
tx_west_central_b2_2018,2018,2018,TX_West_Central_B2_2018,76615,USGS 3DEP Elevation Index MapServer/8 collect_start/collect_end
tx_west_central_b3_2018,2018,2018,TX_West_Central_B3_2018,76618,USGS 3DEP Elevation Index MapServer/8 collect_start/collect_end
tx_west_central_b4_2018,2018,2018,TX_West_Central_B4_2018,76621,USGS 3DEP Elevation Index MapServer/8 collect_start/collect_end
tx_west_central_b5_2018,2018,2018,TX_West_Central_B5_2018,76624,USGS 3DEP Elevation Index MapServer/8 collect_start/collect_end
tx_west_central_b6_2018,2018,2018,TX_West_Central_B6_2018,76627,USGS 3DEP Elevation Index MapServer/8 collect_start/collect_end
tx_west_central_b7_2018,2018,2018,TX_West_Central_B7_2018,76630,USGS 3DEP Elevation Index MapServer/8 collect_start/collect_end
tx_west_central_b8_2018,2018,2018,TX_West_Central_B8_2018,76633,USGS 3DEP Elevation Index MapServer/8 collect_start/collect_end
tx_west_central_b9_2018,2018,2018,TX_West_Central_B9_2018,76636,USGS 3DEP Elevation Index MapServer/8 collect_start/collect_end
tx_west_central_utm14_tl_2018,2018,2018,TX_West_Central_UTM14_TL_2018,183196,USGS 3DEP Elevation Index MapServer/8 collect_start/collect_end
tx_west_central_utm15_tl_2018,2018,2019,TX_West_Central_UTM15_TL_2018,183206,USGS 3DEP Elevation Index MapServer/8 collect_start/collect_end
tx_westtexas_b1_2018,2019,2019,TX_WestTexas_B1_2018,174131,USGS 3DEP Elevation Index MapServer/8 collect_start/collect_end
tx_westtexas_b2_2018,2019,2019,TX_WestTexas_B2_2018,174157,USGS 3DEP Elevation Index MapServer/8 collect_start/collect_end
tx_westtexas_b3_2018,2019,2019,TX_WestTexas_B3_2018,174160,USGS 3DEP Elevation Index MapServer/8 collect_start/collect_end
tx_westtexas_b4_2018,2019,2019,TX_WestTexas_B4_2018,174163,USGS 3DEP Elevation Index MapServer/8 collect_start/collect_end
tx_westtexas_b5_2018,2019,2019,TX_WestTexas_B5_2018,174166,USGS 3DEP Elevation Index MapServer/8 collect_start/collect_end
tx_westtexas_b6_2018,2019,2019,TX_WestTexas_B6_2018,174169,USGS 3DEP Elevation Index MapServer/8 collect_start/collect_end
tx_westtexas_b7_2018,2019,2019,TX_WestTexas_B7_2018,174172,USGS 3DEP Elevation Index MapServer/8 collect_start/collect_end
tx_westtexas_b8_2018,2019,2019,TX_WestTexas_B8_2018,174175,USGS 3DEP Elevation Index MapServer/8 collect_start/collect_end
tx_westtexas_b9_2018,2019,2019,TX_WestTexas_B9_2018,174178,USGS 3DEP Elevation Index MapServer/8 collect_start/collect_end
tx_westtexas_tl_2018,2019,2019,TX_WestTexas_TL_2018,194428,USGS 3DEP Elevation Index MapServer/8 collect_start/collect_end
us_mexicanborder_utm12_2007,2007,2007,US_MEXICANBORDER_UTM12_2007,-1659,USGS 3DEP Elevation Index MapServer/8 collect_start/collect_end
us_mexicanborder_utm13_2007,2007,2008,US_MEXICANBORDER_UTM13_2007,-1660,USGS 3DEP Elevation Index MapServer/8 collect_start/collect_end
us_mexicanborder_utm14_2007,2007,2008,US_MEXICANBORDER_UTM14_2007,-1661,USGS 3DEP Elevation Index MapServer/8 collect_start/collect_end
ut_2023_saltlakeco_1_c24,2023,2023,UT_2023_SaltLakeCo_1_C24,300624,USGS 3DEP Elevation Index MapServer/8 collect_start/collect_end
ut_bearlake_cache_2016,2016,2017,UT_BearLake_Cache_2016,60642,USGS 3DEP Elevation Index MapServer/8 collect_start/collect_end
ut_bearriver_2011,2011,2011,UT_BEARRIVER_2011,3423,USGS 3DEP Elevation Index MapServer/8 collect_start/collect_end
ut_boxelder_2018,2018,2019,UT_BoxElder_2018,173361,USGS 3DEP Elevation Index MapServer/8 collect_start/collect_end
ut_boxelder_tl_2018,2018,2019,UT_BoxElder_TL_2018,180222,USGS 3DEP Elevation Index MapServer/8 collect_start/collect_end
ut_brianhead_2018,2018,2018,UT_Brianhead_2018,171185,USGS 3DEP Elevation Index MapServer/8 collect_start/collect_end
ut_cedarvalley_2011,2011,2011,UT_CEDARVALLEY_2011,3430,USGS 3DEP Elevation Index MapServer/8 collect_start/collect_end
ut_central_ql1_b1_2018,2018,2018,UT_Central_QL1_B1_2018,173545,USGS 3DEP Elevation Index MapServer/8 collect_start/collect_end
ut_central_ql1_b2_2018,2018,2018,UT_Central_QL1_B2_2018,78362,USGS 3DEP Elevation Index MapServer/8 collect_start/collect_end
ut_central_ql2_2018,2018,2018,UT_Central_QL2_2018,171182,USGS 3DEP Elevation Index MapServer/8 collect_start/collect_end
ut_central_ql2_tl_2018,2018,2018,UT_Central_Ql2_TL_2018,180237,USGS 3DEP Elevation Index MapServer/8 collect_start/collect_end
ut_coutaml_1_d24,2024,2024,UT_COUTAML_1_D24,300766,USGS 3DEP Elevation Index MapServer/8 collect_start/collect_end
ut_coutaml_2_d24,2024,2024,UT_COUTAML_2_D24,300767,USGS 3DEP Elevation Index MapServer/8 collect_start/collect_end
ut_femahq_b1_2018,2018,2018,UT_FEMAHQ_B1_2018,79022,USGS 3DEP Elevation Index MapServer/8 collect_start/collect_end
ut_femahq_b1_tl_2018,2018,2018,UT_FemaHQ_B1_TL_2018,180205,USGS 3DEP Elevation Index MapServer/8 collect_start/collect_end
ut_femahq_b2_2018,2018,2018,UT_FEMAHQ_B2_2018,79028,USGS 3DEP Elevation Index MapServer/8 collect_start/collect_end
ut_femahq_b2_ql1_2018,2018,2018,UT_FEMAHQ_B2_QL1_2018,81233,USGS 3DEP Elevation Index MapServer/8 collect_start/collect_end
ut_femahq_b2_tl_2018,2018,2018,UT_FemaHQ_B2_TL_2018,180521,USGS 3DEP Elevation Index MapServer/8 collect_start/collect_end
ut_fishsprings_topobathymetric_d22,2022,2022,UT_FishSprings_Topobathymetric_D22,300171,USGS 3DEP Elevation Index MapServer/8 collect_start/collect_end
ut_flaminggorge_1_2020,2020,2020,UT_FlamingGorge_1_2020,195625,USGS 3DEP Elevation Index MapServer/8 collect_start/collect_end
ut_flaminggorge_2_2020,2020,2020,UT_FlamingGorge_2_2020,228003,USGS 3DEP Elevation Index MapServer/8 collect_start/collect_end
ut_flaminggorge_3_2020,2020,2020,UT_FlamingGorge_3_2020,229452,USGS 3DEP Elevation Index MapServer/8 collect_start/collect_end
ut_flaminggorge_4_2020,2020,2020,UT_FlamingGorge_4_2020,300175,USGS 3DEP Elevation Index MapServer/8 collect_start/collect_end
ut_flaminggorge_5_2020,2020,2020,UT_FlamingGorge_5_2020,300176,USGS 3DEP Elevation Index MapServer/8 collect_start/collect_end
ut_greatsaltlakeql1_2016,2016,2016,UT_GreatSaltLakeQL1_2016,60649,USGS 3DEP Elevation Index MapServer/8 collect_start/collect_end
ut_greatsaltlakeql2_2016,2016,2016,UT_GreatSaltLakeQL2_2016,70530,USGS 3DEP Elevation Index MapServer/8 collect_start/collect_end
ut_gslmiddle_2011,2011,2011,UT_GSLMIDDLE_2011,3577,USGS 3DEP Elevation Index MapServer/8 collect_start/collect_end
ut_gslnorth_2011,2011,2011,UT_GSLNORTH_2011,3585,USGS 3DEP Elevation Index MapServer/8 collect_start/collect_end
ut_gslsouth_2011,2011,2011,UT_GSLSOUTH_2011,3592,USGS 3DEP Elevation Index MapServer/8 collect_start/collect_end
ut_gsltooele_2011,2011,2011,UT_GSLTOOELE_2011,3599,USGS 3DEP Elevation Index MapServer/8 collect_start/collect_end
ut_kaneco_2019,2019,2019,UT_KaneCo_2019,187907,USGS 3DEP Elevation Index MapServer/8 collect_start/collect_end
ut_lowry_water_2011,2011,2011,UT_LOWRY_WATER_2011,3437,USGS 3DEP Elevation Index MapServer/8 collect_start/collect_end
ut_millsitereservoir_2017,2017,2017,UT_MillsiteReservoir_2017,76315,USGS 3DEP Elevation Index MapServer/8 collect_start/collect_end
ut_monroemoutain_2016,2016,2016,UT_MonroeMoutain_2016,60604,USGS 3DEP Elevation Index MapServer/8 collect_start/collect_end
ut_northern_ql1_2018,2018,2018,UT_Northern_QL1_2018,171179,USGS 3DEP Elevation Index MapServer/8 collect_start/collect_end
ut_northern_ql2_2018,2018,2018,UT_Northern_QL2_2018,79419,USGS 3DEP Elevation Index MapServer/8 collect_start/collect_end
ut_northescalantedesert_2016,2016,2016,UT_NorthEscalanteDesert_2016,60652,USGS 3DEP Elevation Index MapServer/8 collect_start/collect_end
ut_ogden_fema_2011,2011,2011,UT_OGDEN_FEMA_2011,3439,USGS 3DEP Elevation Index MapServer/8 collect_start/collect_end
ut_ogdenvalley_2011,2011,2011,UT_OGDENVALLEY_2011,3613,USGS 3DEP Elevation Index MapServer/8 collect_start/collect_end
ut_saltlake_1x0m_2006,2006,2006,UT_SALTLAKE_1X0M_2006,-1666,USGS 3DEP Elevation Index MapServer/8 collect_start/collect_end
ut_saltlake_1x4m_2006,2006,2007,UT_SALTLAKE_1X4M_2006,-1667,USGS 3DEP Elevation Index MapServer/8 collect_start/collect_end
ut_saltlake_2x0m_2006,2006,2007,UT_SALTLAKE_2X0M_2006,-1668,USGS 3DEP Elevation Index MapServer/8 collect_start/collect_end
ut_sanpete_2018,2018,2018,UT_Sanpete_2018,69954,USGS 3DEP Elevation Index MapServer/8 collect_start/collect_end
ut_southern_b1_2018,2018,2018,UT_Southern_B1_2018,171033,USGS 3DEP Elevation Index MapServer/8 collect_start/collect_end
ut_southern_b1_tl_2018,2018,2018,UT_Southern_B1_TL_2018,178496,USGS 3DEP Elevation Index MapServer/8 collect_start/collect_end
ut_southern_b2_2018,2018,2018,UT_Southern_B2_2018,171036,USGS 3DEP Elevation Index MapServer/8 collect_start/collect_end
ut_southern_ql1_2018,2018,2018,UT_Southern_QL1_2018,171027,USGS 3DEP Elevation Index MapServer/8 collect_start/collect_end
ut_statewidecensouth_1_2020,2020,2020,UT_StatewideCenSouth_1_2020,207266,USGS 3DEP Elevation Index MapServer/8 collect_start/collect_end
ut_statewidecensouth_2_2020,2020,2020,UT_StatewideCenSouth_2_2020,213807,USGS 3DEP Elevation Index MapServer/8 collect_start/collect_end
ut_statewidecensouth_3_2020,2020,2021,UT_StatewideCenSouth_3_2020,219185,USGS 3DEP Elevation Index MapServer/8 collect_start/collect_end
ut_statewidencentral_1_2020,2020,2020,UT_StatewideNCentral_1_2020,194157,USGS 3DEP Elevation Index MapServer/8 collect_start/collect_end
ut_statewidencentral_2_2020,2020,2020,UT_StatewideNCentral_2_2020,211407,USGS 3DEP Elevation Index MapServer/8 collect_start/collect_end
ut_statewidencentral_3_2020,2020,2020,UT_StatewideNCentral_3_2020,211412,USGS 3DEP Elevation Index MapServer/8 collect_start/collect_end
ut_statewidencentral_4_2020,2020,2020,UT_StatewideNCentral_4_2020,211415,USGS 3DEP Elevation Index MapServer/8 collect_start/collect_end
ut_statewidesouth_1_2020,2020,2020,UT_StatewideSouth_1_2020,194152,USGS 3DEP Elevation Index MapServer/8 collect_start/collect_end
ut_statewidesouth_2_2020,2020,2020,UT_StatewideSouth_2_2020,197205,USGS 3DEP Elevation Index MapServer/8 collect_start/collect_end
ut_statewidesouth_3_2020,2020,2020,UT_StatewideSouth_3_2020,197309,USGS 3DEP Elevation Index MapServer/8 collect_start/collect_end
ut_wasatch_l4_2013,2013,2014,UT_Wasatch_L4_2013,15029,USGS 3DEP Elevation Index MapServer/8 collect_start/collect_end
ut_wasatch_l5_2014,2014,2014,UT_Wasatch_L5_2014,16919,USGS 3DEP Elevation Index MapServer/8 collect_start/collect_end
ut_wasatchfault_l2_2013,2013,2013,UT_WasatchFault_L2_2013,7438,USGS 3DEP Elevation Index MapServer/8 collect_start/collect_end
ut_wasatchfault_l3_2013,2013,2013,UT_WasatchFault_L3_2013,8151,USGS 3DEP Elevation Index MapServer/8 collect_start/collect_end
ut_washakie_whites_valley_2017,2017,2017,UT_Washakie_Whites_Valley_2017,71389,USGS 3DEP Elevation Index MapServer/8 collect_start/collect_end
ut_washingtonco_2016,2017,2017,UT_WashingtonCo_2016,60639,USGS 3DEP Elevation Index MapServer/8 collect_start/collect_end
ut_wastachfault_l1_l2_2013,2013,2013,UT_WastachFault_L1_L2_2013,6264,USGS 3DEP Elevation Index MapServer/8 collect_start/collect_end
ut_westeast_10_b22,2022,2022,UT_WestEast_10_B22,300373,USGS 3DEP Elevation Index MapServer/8 collect_start/collect_end
ut_westeast_2_b22,2022,2023,UT_WestEast_2_B22,300239,USGS 3DEP Elevation Index MapServer/8 collect_start/collect_end
ut_westeast_3_b22,2022,2022,UT_WestEast_3_B22,300243,USGS 3DEP Elevation Index MapServer/8 collect_start/collect_end
ut_westeast_4_b22,2022,2022,UT_WestEast_4_B22,300366,USGS 3DEP Elevation Index MapServer/8 collect_start/collect_end
ut_westeast_5_b22,2022,2022,UT_WestEast_5_B22,300368,USGS 3DEP Elevation Index MapServer/8 collect_start/collect_end
ut_westeast_6_b22,2022,2023,UT_WestEast_6_B22,300369,USGS 3DEP Elevation Index MapServer/8 collect_start/collect_end
ut_westeast_7_b22,2022,2022,UT_WestEast_7_B22,300370,USGS 3DEP Elevation Index MapServer/8 collect_start/collect_end
ut_westeast_8_b22,2022,2022,UT_WestEast_8_B22,300371,USGS 3DEP Elevation Index MapServer/8 collect_start/collect_end
ut_westeast_9_b22,2022,2022,UT_WestEast_9_B22,300372,USGS 3DEP Elevation Index MapServer/8 collect_start/collect_end
ut_zionnp_ql1_2016,2015,2016,UT_ZionNP_QL1_2016,42015,USGS 3DEP Elevation Index MapServer/8 collect_start/collect_end
ut_zionnp_ql2_2016,2015,2016,UT_ZionNP_QL2_2016,42021,USGS 3DEP Elevation Index MapServer/8 collect_start/collect_end
va_central_1_d24,2025,2025,VA_Central_1_D24,301145,USGS 3DEP Elevation Index MapServer/8 collect_start/collect_end
va_central_seismic_2013,2014,2014,VA_Central_Seismic_2013,6277,USGS 3DEP Elevation Index MapServer/8 collect_start/collect_end
va_chesapeakebaynorth_2015,2015,2016,VA_ChesapeakeBayNorth_2015,71617,USGS 3DEP Elevation Index MapServer/8 collect_start/collect_end
va_chesapeakebaysouth_2015,2015,2016,VA_ChesapeakeBaySouth_2015,71629,USGS 3DEP Elevation Index MapServer/8 collect_start/collect_end
va_eastern_shorebaa_2015,2015,2015,VA_Eastern_ShoreBAA_2015,68724,USGS 3DEP Elevation Index MapServer/8 collect_start/collect_end
va_easternshore_2010,2010,2010,VA_EASTERNSHORE_2010,-1669,USGS 3DEP Elevation Index MapServer/8 collect_start/collect_end
va_fairfax_county_2018,2018,2018,VA_Fairfax_County_2018,175587,USGS 3DEP Elevation Index MapServer/8 collect_start/collect_end
va_fema_kingwilliamco_2011,2011,2011,VA_FEMA_KINGWILLIAMCO_2011,644,USGS 3DEP Elevation Index MapServer/8 collect_start/collect_end
va_fema_middlecounties_2011,2011,2012,VA_FEMA_MIDDLECOUNTIES_2011,2284,USGS 3DEP Elevation Index MapServer/8 collect_start/collect_end
va_fema_northcounties_2011,2011,2011,VA_FEMA_NORTHCOUNTIES_2011,1512,USGS 3DEP Elevation Index MapServer/8 collect_start/collect_end
va_fema_r3_northeast_2016,2016,2017,VA_FEMA_R3_Northeast_2016,59070,USGS 3DEP Elevation Index MapServer/8 collect_start/collect_end
va_fema_r3_southwest_a_2016,2016,2017,VA_FEMA_R3_Southwest_A_2016,59076,USGS 3DEP Elevation Index MapServer/8 collect_start/collect_end
va_fema_r3_southwest_b_2016,2016,2017,VA_FEMA_R3_Southwest_B_2016,59079,USGS 3DEP Elevation Index MapServer/8 collect_start/collect_end
va_fema_southamptonco_2012,2012,2012,VA_FEMA_SOUTHAMPTONCO_2012,1515,USGS 3DEP Elevation Index MapServer/8 collect_start/collect_end
va_fema_southcounties_2011,2011,2011,VA_FEMA_SOUTHCOUNTIES_2011,301024,USGS 3DEP Elevation Index MapServer/8 collect_start/collect_end
va_fema_southerncities_2011,2011,2011,VA_FEMA_SOUTHERNCITIES_2011,1506,USGS 3DEP Elevation Index MapServer/8 collect_start/collect_end
va_hamptonroads_1_b23,2024,2024,VA_HamptonRoads_1_B23,300645,USGS 3DEP Elevation Index MapServer/8 collect_start/collect_end
va_hamptonroads_2_b23,2024,2024,VA_HamptonRoads_2_B23,300653,USGS 3DEP Elevation Index MapServer/8 collect_start/collect_end
va_loudounco_2012,2012,2012,VA_LOUDOUNCO_2012,2256,USGS 3DEP Elevation Index MapServer/8 collect_start/collect_end
va_louisaco_2012,2012,2012,VA_LOUISACO_2012,503,USGS 3DEP Elevation Index MapServer/8 collect_start/collect_end
va_norfolk_2013,2013,2013,VA_Norfolk_2013,4290,USGS 3DEP Elevation Index MapServer/8 collect_start/collect_end
va_northernva_1_b22,2022,2022,VA_NorthernVA_1_B22,300383,USGS 3DEP Elevation Index MapServer/8 collect_start/collect_end
va_northernva_2_b22,2022,2022,VA_NorthernVA_2_B22,300384,USGS 3DEP Elevation Index MapServer/8 collect_start/collect_end
va_northernva_3_b22,2022,2022,VA_NorthernVA_3_B22,300385,USGS 3DEP Elevation Index MapServer/8 collect_start/collect_end
va_nrcs_lot2_2011,2011,2011,VA_NRCS_LOT2_2011,1532,USGS 3DEP Elevation Index MapServer/8 collect_start/collect_end
va_nshenandoah_1_2020,2020,2021,VA_NShenandoah_1_2020,194494,USGS 3DEP Elevation Index MapServer/8 collect_start/collect_end
va_sandy_2014,2014,2014,VA_Sandy_2014,10797,USGS 3DEP Elevation Index MapServer/8 collect_start/collect_end
va_shen_multi_haz_2014,2014,2014,VA_Shen_Multi_Haz_2014,6439,USGS 3DEP Elevation Index MapServer/8 collect_start/collect_end
va_shenandoah_2014,2014,2015,VA_Shenandoah_2014,4690,USGS 3DEP Elevation Index MapServer/8 collect_start/collect_end
va_south_central_b1_2017,2017,2018,VA_South_Central_B1_2017,74142,USGS 3DEP Elevation Index MapServer/8 collect_start/collect_end
va_south_central_b2_2017,2017,2017,VA_South_Central_B2_2017,74148,USGS 3DEP Elevation Index MapServer/8 collect_start/collect_end
va_south_central_b3_2017,2017,2017,VA_South_Central_B3_2017,74151,USGS 3DEP Elevation Index MapServer/8 collect_start/collect_end
va_southamptonhenricowmbg_1_2019,2019,2019,VA_SouthamptonHenricoWMBG_1_2019,182945,USGS 3DEP Elevation Index MapServer/8 collect_start/collect_end
va_southamptonhenricowmbg_2_2019,2019,2020,VA_SouthamptonHenricoWMBG_2_2019,197230,USGS 3DEP Elevation Index MapServer/8 collect_start/collect_end
va_uppermiddleneck_mod_2018,2019,2019,VA_UpperMiddleNeck_Mod_2018,208671,USGS 3DEP Elevation Index MapServer/8 collect_start/collect_end
va_uppermiddleneckql1_b1_2018,2018,2018,VA_UpperMiddleNeckQL1_B1_2018,80431,USGS 3DEP Elevation Index MapServer/8 collect_start/collect_end
va_uppermiddleneckql2_b2_2018,2018,2018,VA_UpperMiddleNeckQL2_B2_2018,80437,USGS 3DEP Elevation Index MapServer/8 collect_start/collect_end
va_uppermiddleneckql2_b3_2018,2019,2020,VA_UpperMiddleNeckQL2_B3_2018,80440,USGS 3DEP Elevation Index MapServer/8 collect_start/collect_end
va_west_chesapeake_b1_2017,2017,2018,VA_West_Chesapeake_B1_2017,70757,USGS 3DEP Elevation Index MapServer/8 collect_start/collect_end
va_west_chesapeake_b2_2017,2017,2017,VA_West_Chesapeake_B2_2017,70761,USGS 3DEP Elevation Index MapServer/8 collect_start/collect_end
va_wv_md_fema_region3_utm17_2012,2012,2012,VA_WV_MD_FEMA_REGION3_UTM17_2012,2265,USGS 3DEP Elevation Index MapServer/8 collect_start/collect_end
va_wv_md_fema_region3_utm18_2012,2012,2012,VA_WV_MD_FEMA_REGION3_UTM18_2012,2268,USGS 3DEP Elevation Index MapServer/8 collect_start/collect_end
va_wv_shenandoahvalley_2011,2011,2011,VA_WV_SHENANDOAHVALLEY_2011,-1680,USGS 3DEP Elevation Index MapServer/8 collect_start/collect_end
vt_addisonlidar_lot1of1_2012,2012,2012,VT_AddisonLiDAR_Lot1of1_2012,1587,USGS 3DEP Elevation Index MapServer/8 collect_start/collect_end
vt_connecticut_river_2016,2016,2016,VT_Connecticut_River_2016,58883,USGS 3DEP Elevation Index MapServer/8 collect_start/collect_end
vt_e_vermont_l2_2014,2014,2015,VT_E_Vermont_L2_2014,74012,USGS 3DEP Elevation Index MapServer/8 collect_start/collect_end
vt_eastern_vermont_3_2014,2014,2015,VT_Eastern_Vermont_3_2014,178960,USGS 3DEP Elevation Index MapServer/8 collect_start/collect_end
vt_easternvermont_l1_2014,2014,2015,VT_EasternVermont_L1_2014,20052,USGS 3DEP Elevation Index MapServer/8 collect_start/collect_end
vt_essexco_2005,2005,2006,VT_ESSEXCO_2005,-1681,USGS 3DEP Elevation Index MapServer/8 collect_start/collect_end
vt_missisquoi_2010,2010,2010,VT_MISSISQUOI_2010,-1682,USGS 3DEP Elevation Index MapServer/8 collect_start/collect_end
vt_rockriver_2008,2008,2009,VT_ROCKRIVER_2008,-1683,USGS 3DEP Elevation Index MapServer/8 collect_start/collect_end
vt_rutland_lot7_2014,2013,2015,VT_Rutland_Lot7_2014,35562,USGS 3DEP Elevation Index MapServer/8 collect_start/collect_end
vt_rutland_lot8_2013,2013,2015,VT_Rutland_Lot8_2013,38288,USGS 3DEP Elevation Index MapServer/8 collect_start/collect_end
vt_rutlandco_lot6_2013,2013,2016,VT_RutlandCo_Lot6_2013,6350,USGS 3DEP Elevation Index MapServer/8 collect_start/collect_end
vt_statewide_1_a23,2023,2023,VT_Statewide_1_A23,300327,USGS 3DEP Elevation Index MapServer/8 collect_start/collect_end
vt_statewide_2_a23,2023,2023,VT_Statewide_2_A23,300328,USGS 3DEP Elevation Index MapServer/8 collect_start/collect_end
vt_statewide_3_a23,2023,2023,VT_Statewide_3_A23,300329,USGS 3DEP Elevation Index MapServer/8 collect_start/collect_end
vt_western_2017,2017,2017,VT_Western_2017,74257,USGS 3DEP Elevation Index MapServer/8 collect_start/collect_end
vt_windham_co_2015,2015,2015,VT_Windham_CO_2015,41845,USGS 3DEP Elevation Index MapServer/8 collect_start/collect_end
wa_3_county_ql1_2017,2017,2018,WA_3_County_QL1_2017,73816,USGS 3DEP Elevation Index MapServer/8 collect_start/collect_end
wa_3_county_ql2_2017,2017,2018,WA_3_County_QL2_2017,80920,USGS 3DEP Elevation Index MapServer/8 collect_start/collect_end
wa_6county_1_a24,2024,2024,WA_6County_1_A24,300811,USGS 3DEP Elevation Index MapServer/8 collect_start/collect_end
wa_cedarriver_2010,2010,2010,WA_CEDARRIVER_2010,-1684,USGS 3DEP Elevation Index MapServer/8 collect_start/collect_end
wa_centralwildfire_1_d22,2022,2023,WA_CentralWildfire_1_D22,300629,USGS 3DEP Elevation Index MapServer/8 collect_start/collect_end
wa_centralwildfire_2_d22,2022,2023,WA_CentralWildfire_2_D22,300630,USGS 3DEP Elevation Index MapServer/8 collect_start/collect_end
wa_chehalisrivertb_topobathy_1_d23,2023,2023,WA_ChehalisRiverTB_Topobathy_1_D23,300442,USGS 3DEP Elevation Index MapServer/8 collect_start/collect_end
wa_columbiavalley_1_2018,2019,2020,WA_ColumbiaValley_1_2018,183722,USGS 3DEP Elevation Index MapServer/8 collect_start/collect_end
wa_columbiavalley_2_2018,2019,2020,WA_ColumbiaValley_2_2018,198145,USGS 3DEP Elevation Index MapServer/8 collect_start/collect_end
wa_columbiavalley_3_2018,2019,2020,WA_ColumbiaValley_3_2018,207582,USGS 3DEP Elevation Index MapServer/8 collect_start/collect_end
wa_columbiavalley_4_2018,2019,2020,WA_ColumbiaValley_4_2018,210002,USGS 3DEP Elevation Index MapServer/8 collect_start/collect_end
wa_colville_part1_5a_2014,2014,2014,WA_Colville_Part1_5A_2014,16069,USGS 3DEP Elevation Index MapServer/8 collect_start/collect_end
wa_dnr_3dep_processing_1_2019,2019,2019,WA_DNR_3DEP_Processing_1_2019,209237,USGS 3DEP Elevation Index MapServer/8 collect_start/collect_end
wa_easterncascades_1_2019,2019,2020,WA_EasternCascades_1_2019,182974,USGS 3DEP Elevation Index MapServer/8 collect_start/collect_end
wa_easterncascades_2_2019,2019,2020,WA_EasternCascades_2_2019,216329,USGS 3DEP Elevation Index MapServer/8 collect_start/collect_end
wa_easterncascades_3_2019,2019,2020,WA_EasternCascades_3_2019,216326,USGS 3DEP Elevation Index MapServer/8 collect_start/collect_end
wa_easterncascades_4_2019,2019,2020,WA_EasternCascades_4_2019,218674,USGS 3DEP Elevation Index MapServer/8 collect_start/collect_end
wa_easterncascades_5_2019,2019,2020,WA_EasternCascades_5_2019,218680,USGS 3DEP Elevation Index MapServer/8 collect_start/collect_end
wa_easterncascades_6_2019,2019,2020,WA_EasternCascades_6_2019,218684,USGS 3DEP Elevation Index MapServer/8 collect_start/collect_end
wa_elwha_tb_2015,2015,2015,WA_Elwha_TB_2015,42291,USGS 3DEP Elevation Index MapServer/8 collect_start/collect_end
wa_elwhariver_2012,2012,2012,WA_ELWHARIVER_2012,357,USGS 3DEP Elevation Index MapServer/8 collect_start/collect_end
wa_elwhariver_2014,2014,2015,WA_ElwhaRiver_2014,67261,USGS 3DEP Elevation Index MapServer/8 collect_start/collect_end
wa_femahq_b1_ql1_2018,2018,2018,WA_FEMAHQ_B1_QL1_2018,177747,USGS 3DEP Elevation Index MapServer/8 collect_start/collect_end
wa_femahq_b1_ql2_2018,2018,2018,WA_FEMAHQ_B1_QL2_2018,80446,USGS 3DEP Elevation Index MapServer/8 collect_start/collect_end
wa_femahq_b2a_2018,2018,2019,WA_FEMAHQ_B2A_2018,80452,USGS 3DEP Elevation Index MapServer/8 collect_start/collect_end
wa_femahq_b2b_2018,2018,2019,WA_FEMAHQ_B2B_2018,181654,USGS 3DEP Elevation Index MapServer/8 collect_start/collect_end
wa_femahq_b2c_2018,2019,2019,WA_FEMAHQ_B2C_2018,184123,USGS 3DEP Elevation Index MapServer/8 collect_start/collect_end
wa_glacierpeak_2014,2014,2015,WA_GlacierPeak_2014,18330,USGS 3DEP Elevation Index MapServer/8 collect_start/collect_end
wa_kingco_1_2021,2021,2021,WA_KingCo_1_2021,218210,USGS 3DEP Elevation Index MapServer/8 collect_start/collect_end
wa_kingco_2_2021,2021,2021,WA_KingCo_2_2021,230043,USGS 3DEP Elevation Index MapServer/8 collect_start/collect_end
wa_kingco_3_2021,2021,2021,WA_KingCo_3_2021,230040,USGS 3DEP Elevation Index MapServer/8 collect_start/collect_end
wa_kittitascounty_2011,2011,2011,WA_KITTITASCOUNTY_2011,-1686,USGS 3DEP Elevation Index MapServer/8 collect_start/collect_end
wa_lewis_2003,2003,2003,WA_LEWIS_2003,-1687,USGS 3DEP Elevation Index MapServer/8 collect_start/collect_end
wa_lewisco_2007_2009,2007,2009,WA_LEWISCO_2007_2009,-1688,USGS 3DEP Elevation Index MapServer/8 collect_start/collect_end
wa_mountadams_2016,2016,2016,WA_MountAdams_2016,57816,USGS 3DEP Elevation Index MapServer/8 collect_start/collect_end
wa_mountranier_2007_2008,2007,2008,WA_MOUNTRANIER_2007_2008,-1689,USGS 3DEP Elevation Index MapServer/8 collect_start/collect_end
wa_mt_st_helens_2009,2009,2009,WA_MT_ST_HELENS_2009,-1692,USGS 3DEP Elevation Index MapServer/8 collect_start/collect_end
wa_mtbaker_2015,2015,2015,WA_MtBaker_2015,41818,USGS 3DEP Elevation Index MapServer/8 collect_start/collect_end
wa_mtrainier_2002,2002,2002,WA_MTRAINIER_2002,-1690,USGS 3DEP Elevation Index MapServer/8 collect_start/collect_end
wa_mtsthelens_2002,2002,2002,WA_MTSTHELENS_2002,-1691,USGS 3DEP Elevation Index MapServer/8 collect_start/collect_end
wa_nisqually_bathymetric_2020,2020,2020,WA_Nisqually_Bathymetric_2020,222204,USGS 3DEP Elevation Index MapServer/8 collect_start/collect_end
wa_nisqually_topobathy_1_2020,2020,2020,WA_Nisqually_TopoBathy_1_2020,198221,USGS 3DEP Elevation Index MapServer/8 collect_start/collect_end
wa_northcentral_1_2021,2021,2022,WA_NorthCentral_1_2021,221834,USGS 3DEP Elevation Index MapServer/8 collect_start/collect_end
wa_northcentral_2_2021,2021,2022,WA_NorthCentral_2_2021,300236,USGS 3DEP Elevation Index MapServer/8 collect_start/collect_end
wa_northcentral_3_2021,2021,2022,WA_NorthCentral_3_2021,300237,USGS 3DEP Elevation Index MapServer/8 collect_start/collect_end
wa_northeast_1_b22,2022,2022,WA_NorthEast_1_B22,230962,USGS 3DEP Elevation Index MapServer/8 collect_start/collect_end
wa_northeast_2_b22,2022,2022,WA_NorthEast_2_B22,300274,USGS 3DEP Elevation Index MapServer/8 collect_start/collect_end
wa_olympic_peninsula_1a_2017,2017,2017,WA_Olympic_Peninsula_1A_2017,73857,USGS 3DEP Elevation Index MapServer/8 collect_start/collect_end
wa_olympic_peninsula_2013,2013,2014,WA_Olympic_Peninsula_2013,6371,USGS 3DEP Elevation Index MapServer/8 collect_start/collect_end
wa_olympic_peninsula_c1_2017,2017,2019,WA_Olympic_Peninsula_C1_2017,73863,USGS 3DEP Elevation Index MapServer/8 collect_start/collect_end
wa_olympic_peninsula_c2_2017,2018,2019,WA_Olympic_Peninsula_C2_2017,73869,USGS 3DEP Elevation Index MapServer/8 collect_start/collect_end
wa_olympic_peninsula_c3_2017,2017,2018,WA_Olympic_Peninsula_C3_2017,73872,USGS 3DEP Elevation Index MapServer/8 collect_start/collect_end
wa_olympic_peninsula_tl_2017,2017,2019,WA_Olympic_Peninsula_TL_2017,185325,USGS 3DEP Elevation Index MapServer/8 collect_start/collect_end
wa_pasco_1_2020,2020,2020,WA_Pasco_1_2020,198364,USGS 3DEP Elevation Index MapServer/8 collect_start/collect_end
wa_pierce_2004,2004,2004,WA_PIERCE_2004,-1693,USGS 3DEP Elevation Index MapServer/8 collect_start/collect_end
wa_piercecounty_1_2020,2020,2020,WA_PierceCounty_1_2020,190548,USGS 3DEP Elevation Index MapServer/8 collect_start/collect_end
wa_pslc_2000,2000,2001,WA_PSLC_2000,-1694,USGS 3DEP Elevation Index MapServer/8 collect_start/collect_end
wa_pslc_2001,2001,2002,WA_PSLC_2001,-1695,USGS 3DEP Elevation Index MapServer/8 collect_start/collect_end
wa_pslc_2002,2002,2002,WA_PSLC_2002,-1696,USGS 3DEP Elevation Index MapServer/8 collect_start/collect_end
wa_pslc_2003,2003,2003,WA_PSLC_2003,-1697,USGS 3DEP Elevation Index MapServer/8 collect_start/collect_end
wa_sanjuanco_2009,2009,2009,WA_SANJUANCO_2009,-1698,USGS 3DEP Elevation Index MapServer/8 collect_start/collect_end
wa_snohomish_2003,2003,2003,WA_SNOHOMISH_2003,-1699,USGS 3DEP Elevation Index MapServer/8 collect_start/collect_end
wa_spokane_2007,2007,2007,WA_SPOKANE_2007,-1700,USGS 3DEP Elevation Index MapServer/8 collect_start/collect_end
wa_thurstonco_1_2021,2021,2021,WA_ThurstonCo_1_2021,218437,USGS 3DEP Elevation Index MapServer/8 collect_start/collect_end
wa_western_north_2016,2016,2017,WA_Western_North_2016,49654,USGS 3DEP Elevation Index MapServer/8 collect_start/collect_end
wa_western_south_2016,2016,2017,WA_Western_South_2016,49666,USGS 3DEP Elevation Index MapServer/8 collect_start/collect_end
wa_yakima_2002_2003,2002,2003,WA_YAKIMA_2002_2003,-1701,USGS 3DEP Elevation Index MapServer/8 collect_start/collect_end
wi_12county_10_b22,2022,2022,WI_12County_10_B22,300213,USGS 3DEP Elevation Index MapServer/8 collect_start/collect_end
wi_12county_11_b22,2022,2022,WI_12County_11_B22,300214,USGS 3DEP Elevation Index MapServer/8 collect_start/collect_end
wi_12county_12_b22,2022,2022,WI_12County_12_B22,300215,USGS 3DEP Elevation Index MapServer/8 collect_start/collect_end
wi_12county_1_b22,2022,2022,WI_12County_1_B22,230107,USGS 3DEP Elevation Index MapServer/8 collect_start/collect_end
wi_12county_2_b22,2022,2022,WI_12County_2_B22,300205,USGS 3DEP Elevation Index MapServer/8 collect_start/collect_end
wi_12county_3_b22,2022,2022,WI_12County_3_B22,300206,USGS 3DEP Elevation Index MapServer/8 collect_start/collect_end
wi_12county_4_b22,2022,2022,WI_12County_4_B22,300207,USGS 3DEP Elevation Index MapServer/8 collect_start/collect_end
wi_12county_5_b22,2022,2022,WI_12County_5_B22,300208,USGS 3DEP Elevation Index MapServer/8 collect_start/collect_end
wi_12county_6_b22,2022,2022,WI_12County_6_B22,300209,USGS 3DEP Elevation Index MapServer/8 collect_start/collect_end
wi_12county_7_b22,2022,2022,WI_12County_7_B22,300210,USGS 3DEP Elevation Index MapServer/8 collect_start/collect_end
wi_12county_8_b22,2022,2022,WI_12County_8_B22,300211,USGS 3DEP Elevation Index MapServer/8 collect_start/collect_end
wi_12county_9_b22,2022,2022,WI_12County_9_B22,300212,USGS 3DEP Elevation Index MapServer/8 collect_start/collect_end
wi_2county_1_b23,2023,2023,WI_2County_1_B23,300411,USGS 3DEP Elevation Index MapServer/8 collect_start/collect_end
wi_2county_2_b23,2023,2023,WI_2County_2_B23,300412,USGS 3DEP Elevation Index MapServer/8 collect_start/collect_end
wi_5county_1_b24,2024,2024,WI_5County_1_B24,300632,USGS 3DEP Elevation Index MapServer/8 collect_start/collect_end
wi_5county_2_b24,2024,2024,WI_5County_2_B24,300633,USGS 3DEP Elevation Index MapServer/8 collect_start/collect_end
wi_8county_chippewa_2020,2020,2020,WI_8County_Chippewa_2020,191373,USGS 3DEP Elevation Index MapServer/8 collect_start/collect_end
wi_8county_columbia_2020,2020,2020,WI_8County_Columbia_2020,219073,USGS 3DEP Elevation Index MapServer/8 collect_start/collect_end
wi_8county_eauclaire_2020,2020,2020,WI_8County_EauClaire_2020,219076,USGS 3DEP Elevation Index MapServer/8 collect_start/collect_end
wi_8county_grant_2020,2020,2020,WI_8County_Grant_2020,219079,USGS 3DEP Elevation Index MapServer/8 collect_start/collect_end
wi_8county_menominee_2020,2020,2020,WI_8County_Menominee_2020,219082,USGS 3DEP Elevation Index MapServer/8 collect_start/collect_end
wi_8county_rock_2020,2020,2020,WI_8County_Rock_2020,219085,USGS 3DEP Elevation Index MapServer/8 collect_start/collect_end
wi_8county_sauk_2020,2020,2020,WI_8County_Sauk_2020,219088,USGS 3DEP Elevation Index MapServer/8 collect_start/collect_end
wi_8county_vernon_2020,2020,2020,WI_8County_Vernon_2020,219091,USGS 3DEP Elevation Index MapServer/8 collect_start/collect_end
wi_adams_2019,2019,2019,WI_Adams_2019,177786,USGS 3DEP Elevation Index MapServer/8 collect_start/collect_end
wi_ashland_1_2019,2019,2019,WI_Ashland_1_2019,183715,USGS 3DEP Elevation Index MapServer/8 collect_start/collect_end
wi_ashland_4_2019,2020,2020,WI_Ashland_4_2019,209900,USGS 3DEP Elevation Index MapServer/8 collect_start/collect_end
wi_bayfield_2016,2015,2015,WI_Bayfield_2016,64546,USGS 3DEP Elevation Index MapServer/8 collect_start/collect_end
wi_brown_2_2020,2020,2020,WI_Brown_2_2020,227789,USGS 3DEP Elevation Index MapServer/8 collect_start/collect_end
wi_buffalo_2016,2016,2016,WI_Buffalo_2016,66779,USGS 3DEP Elevation Index MapServer/8 collect_start/collect_end
wi_calumet_2018,2018,2018,WI_Calumet_2018,77313,USGS 3DEP Elevation Index MapServer/8 collect_start/collect_end
wi_clark_2018,2018,2018,WI_Clark_2018,77249,USGS 3DEP Elevation Index MapServer/8 collect_start/collect_end
wi_clark_tl_2018,2018,2018,WI_Clark_TL_2018,214689,USGS 3DEP Elevation Index MapServer/8 collect_start/collect_end
wi_daneco_2017,2017,2017,WI_DaneCo_2017,66497,USGS 3DEP Elevation Index MapServer/8 collect_start/collect_end
wi_dodge_2006,2006,2006,WI_DODGE_2006,-1702,USGS 3DEP Elevation Index MapServer/8 collect_start/collect_end
wi_dodgeco_2017,2017,2017,WI_DodgeCo_2017,70666,USGS 3DEP Elevation Index MapServer/8 collect_start/collect_end
wi_femahq_2018,2018,2018,WI_FEMAHQ_2018,77862,USGS 3DEP Elevation Index MapServer/8 collect_start/collect_end
wi_femahq_tl_2018,2018,2018,WI_FEMAHQ_TL_2018,178537,USGS 3DEP Elevation Index MapServer/8 collect_start/collect_end
wi_florence_3_2019,2019,2019,WI_Florence_3_2019,205768,USGS 3DEP Elevation Index MapServer/8 collect_start/collect_end
wi_florence_6_2019,2019,2020,WI_Florence_6_2019,209906,USGS 3DEP Elevation Index MapServer/8 collect_start/collect_end
wi_fonddulac_2018,2018,2018,WI_FondduLac_2018,77316,USGS 3DEP Elevation Index MapServer/8 collect_start/collect_end
wi_forest_2016,2017,2017,WI_Forest_2016,66791,USGS 3DEP Elevation Index MapServer/8 collect_start/collect_end
wi_forest_tl_2016,2017,2017,WI_Forest_TL_2016,178318,USGS 3DEP Elevation Index MapServer/8 collect_start/collect_end
wi_greenlake_2018,2018,2018,WI_GreenLake_2018,170509,USGS 3DEP Elevation Index MapServer/8 collect_start/collect_end
wi_iron_2_2019,2019,2020,WI_Iron_2_2019,205763,USGS 3DEP Elevation Index MapServer/8 collect_start/collect_end
wi_iron_5_2019,2019,2020,WI_Iron_5_2019,209903,USGS 3DEP Elevation Index MapServer/8 collect_start/collect_end
wi_jefferson_2019,2019,2019,WI_Jefferson_2019,173957,USGS 3DEP Elevation Index MapServer/8 collect_start/collect_end
wi_kenosha_2017,2017,2017,WI_Kenosha_2017,175866,USGS 3DEP Elevation Index MapServer/8 collect_start/collect_end
wi_lacrosse_2007,2007,2007,WI_LACROSSE_2007,-1703,USGS 3DEP Elevation Index MapServer/8 collect_start/collect_end
wi_lacrosse_2017,2017,2017,WI_LaCrosse_2017,67624,USGS 3DEP Elevation Index MapServer/8 collect_start/collect_end
wi_lafayette_2019,2019,2019,WI_Lafayette_2019,177783,USGS 3DEP Elevation Index MapServer/8 collect_start/collect_end
wi_langlade_2017,2017,2017,WI_Langlade_2017,67627,USGS 3DEP Elevation Index MapServer/8 collect_start/collect_end
wi_langlade_tl_2017,2017,2017,WI_Langlade_TL_2017,178445,USGS 3DEP Elevation Index MapServer/8 collect_start/collect_end
wi_lincolnco_2008,2008,2008,WI_LINCOLNCO_2008,-1704,USGS 3DEP Elevation Index MapServer/8 collect_start/collect_end
wi_lincolnco_2015,2015,2016,WI_LincolnCo_2015,31177,USGS 3DEP Elevation Index MapServer/8 collect_start/collect_end
wi_manitowocco_2015,2015,2015,WI_ManitowocCo_2015,29308,USGS 3DEP Elevation Index MapServer/8 collect_start/collect_end
wi_monroe_2019,2019,2019,WI_Monroe_2019,177789,USGS 3DEP Elevation Index MapServer/8 collect_start/collect_end
wi_oneidaco_2013,2013,2013,WI_OneidaCo_2013,34959,USGS 3DEP Elevation Index MapServer/8 collect_start/collect_end
wi_oneidaco_tl_2013,2013,2013,WI_OneidaCo_TL_2013,182634,USGS 3DEP Elevation Index MapServer/8 collect_start/collect_end
wi_oshkosh_3rivers_b1_2018,2019,2019,WI_Oshkosh_3Rivers_B1_2018,172417,USGS 3DEP Elevation Index MapServer/8 collect_start/collect_end
wi_oshkosh_3rivers_b2_2018,2019,2019,WI_Oshkosh_3Rivers_B2_2018,172951,USGS 3DEP Elevation Index MapServer/8 collect_start/collect_end
wi_oshkosh_3rivers_fonddulac_tl_2018,2019,2019,WI_Oshkosh_3Rivers_FondDuLac_TL_2018,195228,USGS 3DEP Elevation Index MapServer/8 collect_start/collect_end
wi_oshkosh_3rivers_forestcountypotawatomi_tl_2018,2019,2019,WI_Oshkosh_3Rivers_ForestCountyPotawatomi_TL_2018,193703,USGS 3DEP Elevation Index MapServer/8 collect_start/collect_end
wi_oshkosh_3rivers_menominee_tl_2018,2019,2019,WI_Oshkosh_3Rivers_Menominee_TL_2018,195231,USGS 3DEP Elevation Index MapServer/8 collect_start/collect_end
wi_oshkosh_3rivers_millelacs_tl_2018,2019,2019,WI_Oshkosh_3Rivers_MilleLacs_TL_2018,195234,USGS 3DEP Elevation Index MapServer/8 collect_start/collect_end
wi_oshkosh_3rivers_stcroix_tl_2018,2019,2019,WI_Oshkosh_3Rivers_StCroix_TL_2018,195237,USGS 3DEP Elevation Index MapServer/8 collect_start/collect_end
wi_pepin_2019,2019,2019,WI_Pepin_2019,177780,USGS 3DEP Elevation Index MapServer/8 collect_start/collect_end
wi_portage_2016,2016,2016,WI_Portage_2016,66782,USGS 3DEP Elevation Index MapServer/8 collect_start/collect_end
wi_price_2018,2018,2018,WI_Price_2018,77307,USGS 3DEP Elevation Index MapServer/8 collect_start/collect_end
wi_racine_2017,2017,2017,WI_Racine_2017,70989,USGS 3DEP Elevation Index MapServer/8 collect_start/collect_end
wi_rusk_1_2020,2020,2020,WI_Rusk_1_2020,193610,USGS 3DEP Elevation Index MapServer/8 collect_start/collect_end
wi_sawyer_2017,2017,2017,WI_Sawyer_2017,67630,USGS 3DEP Elevation Index MapServer/8 collect_start/collect_end
wi_sawyer_tl_2017,2017,2017,WI_Sawyer_TL_2017,178462,USGS 3DEP Elevation Index MapServer/8 collect_start/collect_end
wi_sewrpc_2017,2015,2015,WI_SEWRPC_2017,66480,USGS 3DEP Elevation Index MapServer/8 collect_start/collect_end
wi_shawano_2015,2015,2015,WI_Shawano_2015,41724,USGS 3DEP Elevation Index MapServer/8 collect_start/collect_end
wi_stwide_1_marinette_2021,2021,2021,WI_StWide_1_Marinette_2021,218061,USGS 3DEP Elevation Index MapServer/8 collect_start/collect_end
wi_stwide_2_pierce_2021,2021,2021,WI_StWide_2_Pierce_2021,300034,USGS 3DEP Elevation Index MapServer/8 collect_start/collect_end
wi_stwide_3_richland_2021,2021,2021,WI_StWide_3_Richland_2021,300035,USGS 3DEP Elevation Index MapServer/8 collect_start/collect_end
wi_stwide_4_stcroix_2021,2021,2021,WI_StWide_4_StCroix_2021,300036,USGS 3DEP Elevation Index MapServer/8 collect_start/collect_end
wi_stwide_5_crawford_2021,2021,2021,WI_StWide_5_Crawford_2021,300037,USGS 3DEP Elevation Index MapServer/8 collect_start/collect_end
wi_stwide_6_juneau_2021,2021,2021,WI_StWide_6_Juneau_2021,300038,USGS 3DEP Elevation Index MapServer/8 collect_start/collect_end
wi_stwide_7_kewaunee_2021,2021,2021,WI_StWide_7_Kewaunee_2021,300039,USGS 3DEP Elevation Index MapServer/8 collect_start/collect_end
wi_stwide_8_marathon_2021,2021,2021,WI_StWide_8_Marathon_2021,300040,USGS 3DEP Elevation Index MapServer/8 collect_start/collect_end
wi_taylor_2016,2016,2016,WI_Taylor_2016,66785,USGS 3DEP Elevation Index MapServer/8 collect_start/collect_end
wi_vilasco_2013,2013,2013,WI_VilasCo_2013,81166,USGS 3DEP Elevation Index MapServer/8 collect_start/collect_end
wi_vilasco_tl_2013,2013,2013,WI_VilasCo_TL_2013,182622,USGS 3DEP Elevation Index MapServer/8 collect_start/collect_end
wi_washburn_2016,2016,2016,WI_Washburn_2016,66788,USGS 3DEP Elevation Index MapServer/8 collect_start/collect_end
wi_washburn_tl_2016,2016,2016,WI_Washburn_TL_2016,178432,USGS 3DEP Elevation Index MapServer/8 collect_start/collect_end
wi_washingtonco_2006,2006,2006,WI_WASHINGTONCO_2006,-1705,USGS 3DEP Elevation Index MapServer/8 collect_start/collect_end
wi_waupaca_2018,2018,2018,WI_Waupaca_2018,77319,USGS 3DEP Elevation Index MapServer/8 collect_start/collect_end
wi_waushara_2017,2017,2017,WI_Waushara_2017,173058,USGS 3DEP Elevation Index MapServer/8 collect_start/collect_end
wi_winnebago_2014,2014,2014,WI_Winnebago_2014,64551,USGS 3DEP Elevation Index MapServer/8 collect_start/collect_end
wi_winnebago_tl_2014,2014,2014,WI_Winnebago_TL_2014,178417,USGS 3DEP Elevation Index MapServer/8 collect_start/collect_end
wv_cabellco_2009,2009,2009,WV_CABELLCO_2009,-1706,USGS 3DEP Elevation Index MapServer/8 collect_start/collect_end
wv_charleston_2007,2007,2007,WV_CHARLESTON_2007,-1707,USGS 3DEP Elevation Index MapServer/8 collect_start/collect_end
wv_fema_r3_east_2016,2016,2016,WV_FEMA_R3_East_2016,59063,USGS 3DEP Elevation Index MapServer/8 collect_start/collect_end
wv_femahq_b1_2018,2018,2018,WV_FEMAHQ_B1_2018,78914,USGS 3DEP Elevation Index MapServer/8 collect_start/collect_end
wv_femahq_b2_2018,2018,2018,WV_FEMAHQ_B2_2018,78919,USGS 3DEP Elevation Index MapServer/8 collect_start/collect_end
wv_femahq_b3_2018,2018,2019,WV_FEMAHQ_B3_2018,78922,USGS 3DEP Elevation Index MapServer/8 collect_start/collect_end
wv_femar3_southcentral_b1_2018,2018,2020,WV_FEMAR3_Southcentral_B1_2018,172454,USGS 3DEP Elevation Index MapServer/8 collect_start/collect_end
wv_femar3_southcentral_b2_2018,2019,2020,WV_FEMAR3_Southcentral_B2_2018,214329,USGS 3DEP Elevation Index MapServer/8 collect_start/collect_end
wv_femar3_southcentral_b3_2018,2018,2019,WV_FEMAR3_Southcentral_B3_2018,172939,USGS 3DEP Elevation Index MapServer/8 collect_start/collect_end
wv_femar3_southcentral_b4_2018,2019,2019,WV_FEMAR3_Southcentral_B4_2018,172942,USGS 3DEP Elevation Index MapServer/8 collect_start/collect_end
wy_carbon_2015,2015,2016,WY_Carbon_2015,41782,USGS 3DEP Elevation Index MapServer/8 collect_start/collect_end
wy_casper_2010,2010,2010,WY_CASPER_2010,-1708,USGS 3DEP Elevation Index MapServer/8 collect_start/collect_end
wy_casper_natrona_2015,2015,2015,WY_Casper_Natrona_2015,57311,USGS 3DEP Elevation Index MapServer/8 collect_start/collect_end
wy_fema_east_b1_2019,2019,2019,WY_FEMA_East_B1_2019,179729,USGS 3DEP Elevation Index MapServer/8 collect_start/collect_end
wy_fema_east_b2_2019,2019,2019,WY_FEMA_East_B2_2019,179753,USGS 3DEP Elevation Index MapServer/8 collect_start/collect_end
wy_fema_east_b3_2019,2019,2019,WY_FEMA_East_B3_2019,179756,USGS 3DEP Elevation Index MapServer/8 collect_start/collect_end
wy_fema_east_b4_2019,2019,2019,WY_FEMA_East_B4_2019,179759,USGS 3DEP Elevation Index MapServer/8 collect_start/collect_end
wy_fema_east_b5_2019,2019,2019,WY_FEMA_East_B5_2019,179762,USGS 3DEP Elevation Index MapServer/8 collect_start/collect_end
wy_fema_east_b6_2019,2019,2019,WY_FEMA_East_B6_2019,179765,USGS 3DEP Elevation Index MapServer/8 collect_start/collect_end
wy_fema_east_b7_2019,2019,2019,WY_FEMA_East_B7_2019,179768,USGS 3DEP Elevation Index MapServer/8 collect_start/collect_end
wy_fema_east_b8_2019,2019,2019,WY_FEMA_East_B8_2019,179771,USGS 3DEP Elevation Index MapServer/8 collect_start/collect_end
wy_fema_east_b9_2019,2019,2019,WY_FEMA_East_B9_2019,179774,USGS 3DEP Elevation Index MapServer/8 collect_start/collect_end
wy_goshencounty_b1_2017,2016,2016,WY_GoshenCounty_B1_2017,193839,USGS 3DEP Elevation Index MapServer/8 collect_start/collect_end
wy_grandtetonelkrefuge_2014,2014,2014,WY_GrandTetonElkRefuge_2014,18628,USGS 3DEP Elevation Index MapServer/8 collect_start/collect_end
wy_grandtetonnp_1_d22,2022,2023,WY_GrandTetonNP_1_D22,300471,USGS 3DEP Elevation Index MapServer/8 collect_start/collect_end
wy_grandtetonnp_2_d22,2023,2024,WY_GrandTetonNP_2_D22,300472,USGS 3DEP Elevation Index MapServer/8 collect_start/collect_end
wy_grandtetonnp_3_d22,2023,2023,WY_GrandTetonNP_3_D22,300476,USGS 3DEP Elevation Index MapServer/8 collect_start/collect_end
wy_laramie_1_2021,2021,2021,WY_Laramie_1_2021,218294,USGS 3DEP Elevation Index MapServer/8 collect_start/collect_end
wy_nconverse_1_2020,2020,2021,WY_NConverse_1_2020,197910,USGS 3DEP Elevation Index MapServer/8 collect_start/collect_end
wy_nconverse_2_2020,2020,2021,WY_NConverse_2_2020,231379,USGS 3DEP Elevation Index MapServer/8 collect_start/collect_end
wy_nconverse_3_2020,2021,2021,WY_NConverse_3_2020,231382,USGS 3DEP Elevation Index MapServer/8 collect_start/collect_end
wy_nconverse_4_2020,2021,2021,WY_NConverse_4_2020,231385,USGS 3DEP Elevation Index MapServer/8 collect_start/collect_end
wy_nconverse_5_2020,2021,2021,WY_NConverse_5_2020,231391,USGS 3DEP Elevation Index MapServer/8 collect_start/collect_end
wy_nconverse_6_2020,2021,2023,WY_NConverse_6_2020,300151,USGS 3DEP Elevation Index MapServer/8 collect_start/collect_end
wy_nconverse_7_2020,2021,2023,WY_NConverse_7_2020,300190,USGS 3DEP Elevation Index MapServer/8 collect_start/collect_end
wy_nrcs_lidar_2006,2006,2006,WY_NRCS_LIDAR_2006,-1709,USGS 3DEP Elevation Index MapServer/8 collect_start/collect_end
wy_sheridan_1_2020,2020,2020,WY_Sheridan_1_2020,194206,USGS 3DEP Elevation Index MapServer/8 collect_start/collect_end
wy_sheridan_2_2020,2020,2020,WY_Sheridan_2_2020,217820,USGS 3DEP Elevation Index MapServer/8 collect_start/collect_end
wy_southcentral_1_2020,2020,2020,WY_SouthCentral_1_2020,197413,USGS 3DEP Elevation Index MapServer/8 collect_start/collect_end
wy_southcentral_2_2020,2020,2020,WY_SouthCentral_2_2020,220573,USGS 3DEP Elevation Index MapServer/8 collect_start/collect_end
wy_southcentral_3_2020,2020,2020,WY_SouthCentral_3_2020,222437,USGS 3DEP Elevation Index MapServer/8 collect_start/collect_end
wy_southcentral_4_2020,2020,2020,WY_SouthCentral_4_2020,226065,USGS 3DEP Elevation Index MapServer/8 collect_start/collect_end
wy_southcentral_5_2020,2020,2020,WY_SouthCentral_5_2020,226068,USGS 3DEP Elevation Index MapServer/8 collect_start/collect_end
wy_southeast_1_d24,2024,2024,WY_Southeast_1_D24,300725,USGS 3DEP Elevation Index MapServer/8 collect_start/collect_end
wy_southeast_2_d24,2024,2024,WY_Southeast_2_D24,300726,USGS 3DEP Elevation Index MapServer/8 collect_start/collect_end
wy_southeast_3_d24,2024,2025,WY_Southeast_3_D24,300727,USGS 3DEP Elevation Index MapServer/8 collect_start/collect_end
wy_southeast_4_d24,2024,2025,WY_Southeast_4_D24,300728,USGS 3DEP Elevation Index MapServer/8 collect_start/collect_end
wy_southwest_1_2020,2020,2020,WY_Southwest_1_2020,193037,USGS 3DEP Elevation Index MapServer/8 collect_start/collect_end
wy_southwest_2_2020,2020,2020,WY_Southwest_2_2020,216471,USGS 3DEP Elevation Index MapServer/8 collect_start/collect_end
wy_southwest_3_2020,2020,2020,WY_Southwest_3_2020,216474,USGS 3DEP Elevation Index MapServer/8 collect_start/collect_end
wy_southwest_4_2020,2020,2020,WY_Southwest_4_2020,218002,USGS 3DEP Elevation Index MapServer/8 collect_start/collect_end
wy_yellowstonenp_1_2020,2020,2021,WY_YellowstoneNP_1_2020,196955,USGS 3DEP Elevation Index MapServer/8 collect_start/collect_end
wy_yellowstonenp_1rf_2020,2020,2021,WY_YellowstoneNP_1RF_2020,225074,USGS 3DEP Elevation Index MapServer/8 collect_start/collect_end
wy_yellowstonenp_2_2020,2020,2020,WY_YellowstoneNP_2_2020,218553,USGS 3DEP Elevation Index MapServer/8 collect_start/collect_end
wy_yellowstonenp_2rf_2020,2020,2022,WY_YellowstoneNP_2RF_2020,226080,USGS 3DEP Elevation Index MapServer/8 collect_start/collect_end
wy_yellowstonenp_3_2020,2020,2020,WY_YellowstoneNP_3_2020,218558,USGS 3DEP Elevation Index MapServer/8 collect_start/collect_end
